# 3ds Max Wavefront OBJ Exporter v0.97b - (c)2007 guruware
# File Created: 03.01.2022 08:37:14

mtllib P38.mtl

#
# object Barrel
#

v  4.4344 39.7286 2.6882
v  4.4344 39.7286 -18.8001
v  3.2202 40.1954 -18.8001
v  3.2202 40.1954 2.6882
v  2.1094 34.3416 -18.6986
v  2.1123 36.1659 -18.6986
v  2.1123 36.1659 2.6725
v  2.6898 38.2509 -18.6986
v  2.6898 38.2509 2.6803
v  4.2484 38.2484 2.6725
v  1.2114 41.9837 2.6882
v  0.3949 41.9850 2.6882
v  0.4609 41.7075 2.0358
v  1.1484 41.7064 2.0358
v  1.7612 41.4125 2.0358
v  1.9452 41.6310 2.6882
v  2.1979 40.8688 2.0358
v  2.3492 40.1967 2.0358
v  2.4690 39.4192 2.6882
v  2.6343 40.1963 2.6882
v  2.1958 39.5251 2.0358
v  -0.5933 39.5295 2.0358
v  -0.1645 38.9898 2.0358
v  0.8023 40.1992 -12.5736
v  1.3451 42.5538 -18.8001
v  1.3451 42.5538 2.6882
v  2.3131 42.0874 2.6882
v  2.3131 42.0874 -18.8001
v  0.3893 38.4108 2.6882
v  0.2595 37.8407 2.6882
v  1.3376 37.8390 2.6882
v  -0.5875 38.2522 2.6882
v  -0.5205 36.1700 2.6725
v  -0.3445 38.7674 2.6882
v  1.2939 42.3429 -41.6361
v  0.3135 42.3445 -41.6361
v  0.3135 42.3445 -18.9212
v  1.2940 42.3429 -18.9212
v  2.7812 39.2390 -18.9212
v  2.7812 39.2390 -41.6361
v  3.0015 40.1957 -41.6361
v  2.1707 38.4783 -18.9212
v  -0.7025 42.0922 -18.8001
v  -0.5661 41.9201 -18.9212
v  -1.1767 41.1554 -18.9212
v  0.2669 42.5555 -18.8001
v  1.2872 38.0539 -18.9212
v  2.2993 38.2945 -18.6986
v  1.3376 37.8390 -18.6986
v  0.2595 37.8407 -18.6986
v  0.3067 38.0554 -18.9212
v  -0.5205 36.1700 -18.6986
v  -0.6890 38.2992 -18.6986
v  -0.5715 38.4826 -18.9212
v  -1.1797 39.2453 -18.9212
v  -1.4412 39.3668 -18.8001
v  2.1707 38.4783 -41.6361
v  1.7652 38.9867 -41.6361
v  2.1918 39.5251 -41.6361
v  1.2872 38.0539 -41.6361
v  0.3067 38.0554 -41.6361
v  -0.5715 38.4826 -41.6361
v  -0.1645 38.9898 -41.6361
v  1.1436 38.6908 -41.6361
v  0.8023 40.1992 -27.1048
v  2.3452 40.1967 -41.6361
v  2.1940 40.8650 -41.6361
v  1.7690 41.4047 -41.6361
v  1.1484 41.7025 -41.6361
v  0.4609 41.7036 -41.6361
v  -0.1607 41.4077 -41.6361
v  -0.5912 40.8694 -41.6361
v  -0.7446 40.2016 -41.6361
v  -0.5933 39.5295 -41.6361
v  0.4561 38.6919 -41.6361
v  3.0392 39.3597 2.6882
v  3.0392 39.3597 -18.8001
v  4.3986 39.3615 -18.8001
v  4.3986 39.3615 2.6882
v  -2.8352 39.7401 -18.8001
v  -2.8352 39.7401 2.6882
v  -1.6196 40.2030 2.6882
v  -1.6196 40.2030 -18.8001
v  -1.4412 39.3668 2.6882
v  -2.8006 39.3728 2.6882
v  -2.8006 39.3728 -18.8001
v  -0.5234 34.3458 -18.6986
v  2.1094 34.3416 2.6725
v  -0.5234 34.3458 2.6725
v  4.2451 36.1625 -18.6986
v  4.2484 38.2484 -18.6986
v  4.2451 36.1625 2.6725
v  -2.6500 38.2593 2.6725
v  -2.6500 38.2593 -18.6986
v  -2.6533 36.1734 -18.6986
v  -2.6533 36.1734 2.6725
v  -1.0914 38.2569 2.6803
v  -1.0914 38.2569 -18.6986
v  -0.5912 40.8733 1.6647
v  -0.1450 41.4194 1.6647
v  -0.7485 40.2016 1.6647
v  -0.1294 41.4233 2.0358
v  -0.3830 41.5800 2.6882
v  -0.5044 41.4239 2.6882
v  2.4559 40.9895 2.6882
v  1.9406 38.7599 2.6882
v  1.7652 38.9867 2.0358
v  1.1436 38.6869 2.0358
v  1.2057 38.4095 2.6882
v  -0.7485 40.2016 2.0358
v  -0.8669 39.4245 2.6882
v  -1.0337 40.2021 2.6882
v  0.4561 38.6880 2.0358
v  -1.6196 40.2030 1.6647
v  -1.3757 41.2495 -18.8001
v  -1.2348 41.4251 1.6647
v  -0.7025 42.0922 2.6882
v  -1.2348 41.4251 2.6882
v  0.2669 42.5555 2.6882
v  2.9836 41.2426 2.6882
v  2.9836 41.2426 -18.8001
v  4.5317 39.5605 2.6882
v  2.1859 38.2478 2.6882
v  -2.9292 39.5723 2.6882
v  4.5317 39.5605 -18.8001
v  -1.1797 39.2453 -41.6361
v  -1.3969 40.2027 -18.9212
v  -1.3969 40.2027 -41.6361
v  -1.1767 41.1554 -41.6361
v  -0.5661 41.9201 -41.6361
v  2.1761 41.9158 -41.6361
v  2.1761 41.9158 -18.9212
v  2.7843 41.1492 -18.9212
v  2.7842 41.1492 -41.6361
v  3.0015 40.1957 -18.9212
v  -2.9292 39.5723 -18.8001
v  2.1111 35.3885 -18.6986
v  2.8064 35.3874 -18.6986
v  2.8054 34.7351 -18.6986
v  2.1101 34.7362 -18.6986
v  2.8064 35.3874 2.6725
v  2.8054 34.7351 2.6725
v  2.1111 35.3885 2.6725
v  2.1101 34.7362 2.6725
v  0.5304 43.6449 -37.7025
v  1.0812 43.6441 -37.7025
v  1.0835 45.1128 -38.3587
v  0.5327 45.1137 -38.3587
v  -0.2027 42.0016 -36.1946
v  1.8090 41.9984 -36.1946
v  1.8098 42.4710 -36.1946
v  -0.2019 42.4742 -36.1946
v  -0.2012 42.9391 -36.8470
v  1.8105 42.9359 -36.8470
v  -0.2012 42.9742 -37.2337
v  1.8106 42.9710 -37.2337
v  0.5324 44.9535 -39.3704
v  1.0832 44.9527 -39.3704
v  0.5313 44.2582 -40.5384
v  1.0821 44.2573 -40.5384
v  0.5304 43.6606 -41.1126
v  1.0812 43.6597 -41.1126
v  -0.2012 42.9312 -41.1361
v  1.8105 42.9281 -41.1361
v  1.8090 41.9984 -41.1361
v  -0.2027 42.0016 -41.1361
v  -1.2209 35.3938 -18.6986
v  -0.5217 35.3927 -18.6986
v  -0.5228 34.7403 -18.6986
v  -1.2220 34.7414 -18.6986
v  -1.2220 34.7414 2.6725
v  -0.5228 34.7403 2.6725
v  -1.2209 35.3938 2.6725
v  -0.5217 35.3927 2.6725
v  0.8059 42.5039 -39.9798
v  1.9934 42.5020 -39.9798
v  1.9934 42.5020 -38.3236
v  0.8059 42.5039 -38.3236
v  -0.3816 42.5057 -38.3236
v  -0.3816 42.5057 -39.9798
v  1.9591 43.0216 -39.8861
v  0.8078 43.7109 -39.8861
v  -0.3495 43.0252 -39.8861
v  1.9591 43.0216 -38.4290
v  0.8078 43.7109 -38.4290
v  -0.3495 43.0252 -38.4290
# 186 vertices

vn -0.6479 -0.7617 -0.0000
vn -0.3574 -0.9340 -0.0000
vn -1.0000 0.0000 -0.0000
vn 0.0000 -1.0000 -0.0000
vn 0.2027 0.8941 0.3993
vn -0.2128 0.8941 0.3940
vn -0.2058 0.9454 0.2524
vn 0.2134 0.9415 0.2608
vn 0.5981 0.7575 0.2617
vn 0.5706 0.7172 0.4000
vn 0.8689 0.4201 0.2618
vn 0.9647 0.0021 0.2633
vn 0.8268 -0.3896 0.4057
vn 0.9163 0.0065 0.4005
vn 0.8678 -0.4199 0.2658
vn -0.8646 -0.4314 0.2577
vn -0.6025 -0.7538 0.2621
vn 0.0009 -0.0003 1.0000
vn -0.2218 -0.9751 -0.0000
vn -0.6232 -0.7820 -0.0000
vn 0.0000 0.0000 1.0000
vn 0.0009 0.0049 1.0000
vn -0.0009 0.0049 1.0000
vn 0.0096 0.0010 0.9999
vn 0.0011 0.0044 1.0000
vn 0.0051 0.0012 1.0000
vn -0.2228 -0.9749 -0.0000
vn 0.2237 -0.9747 -0.0000
vn -0.9006 0.4347 -0.0000
vn -1.0000 -0.0004 -0.0000
vn -0.6231 0.7821 -0.0000
vn 0.3009 -0.3776 -0.8757
vn 0.3014 -0.3778 -0.8755
vn 0.4335 -0.2101 -0.8763
vn 0.1087 -0.4761 -0.8727
vn -0.1557 0.6920 -0.7049
vn -0.4302 0.5580 -0.7096
vn -0.1569 0.6926 -0.7041
vn 0.1577 0.6938 -0.7027
vn 0.1591 0.6931 -0.7030
vn 0.0000 0.0000 -1.0000
vn 0.4345 0.5671 -0.6997
vn -0.0027 0.0257 -0.9997
vn 0.4542 0.5552 -0.6968
vn 0.5266 0.3596 -0.7703
vn 0.3388 0.1331 -0.9314
vn 0.6206 -0.7769 -0.1060
vn 0.2199 -0.9698 -0.1058
vn 0.0001 0.0002 -1.0000
vn 0.8972 -0.4288 -0.1057
vn 0.9944 0.0006 -0.1056
vn 0.8970 0.4293 -0.1056
vn 0.6207 0.7769 -0.1057
vn 0.2199 0.9698 -0.1056
vn -0.2199 0.9698 -0.1056
vn -0.6190 0.7783 -0.1057
vn -0.8960 0.4312 -0.1058
vn -0.9944 0.0006 -0.1059
vn -0.8962 -0.4307 -0.1059
vn -0.6189 -0.7783 -0.1060
vn -0.2199 -0.9698 -0.1058
vn -0.0029 1.0000 -0.0000
vn 0.6546 -0.7560 -0.0000
vn 0.3574 -0.9340 -0.0000
vn 0.0029 1.0000 -0.0000
vn 0.0000 1.0000 -0.0000
vn 1.0000 0.0000 -0.0000
vn 0.9533 0.3021 -0.0000
vn -0.9542 0.2990 -0.0000
vn -0.8926 0.4376 0.1081
vn -0.4075 0.9110 0.0629
vn -0.9913 -0.1026 0.0827
vn -0.2831 0.9497 0.1340
vn -0.5998 0.6933 0.3995
vn -0.7196 0.5577 0.4137
vn 0.8260 0.3969 0.4001
vn 0.5703 -0.7165 0.4017
vn 0.6029 -0.7534 0.2625
vn 0.2152 -0.9409 0.2616
vn 0.2029 -0.8940 0.3995
vn -0.9533 -0.2175 0.2096
vn -0.8261 -0.3914 0.4055
vn -0.8988 -0.1942 0.3929
vn -0.5719 -0.7152 0.4017
vn -0.2155 -0.9408 0.2616
vn -0.2052 -0.8930 0.4005
vn -0.8534 -0.5212 -0.0000
vn 0.9743 -0.2254 -0.0000
vn 0.9551 -0.2964 0.0039
vn 0.9005 -0.4349 0.0001
vn 0.8522 -0.5231 0.0013
vn 0.6232 -0.7820 -0.0000
vn 0.6235 -0.7819 -0.0000
vn 0.7827 -0.6225 -0.0000
vn 0.2218 -0.9751 -0.0000
vn -0.9013 -0.4333 -0.0000
vn -0.9751 -0.2219 -0.0000
vn 0.0036 1.0000 -0.0000
vn 0.0019 1.0000 0.0018
vn -0.0015 1.0000 0.0043
vn 0.0002 0.0021 1.0000
vn -0.0014 0.0037 1.0000
vn -0.0078 0.0034 1.0000
vn -0.0051 0.0012 1.0000
vn -0.0020 0.0022 1.0000
vn -0.0050 0.0000 1.0000
vn -0.0011 0.0044 1.0000
vn -0.0096 0.0010 0.9999
vn 0.0078 0.0034 1.0000
vn 0.0020 0.0022 1.0000
vn 0.0050 0.0000 1.0000
vn 0.0014 0.0037 1.0000
vn -0.0002 0.0021 1.0000
vn -0.8645 -0.5026 -0.0000
vn -0.8321 0.5547 -0.0000
vn 0.2237 0.9747 -0.0000
vn -0.2228 0.9749 -0.0000
vn 0.6238 0.7816 -0.0000
vn 0.9006 0.4347 -0.0000
vn 1.0000 -0.0004 -0.0000
vn 0.9009 -0.4340 -0.0000
vn 0.6248 -0.7808 -0.0000
vn -0.6241 -0.7814 -0.0000
vn -0.9009 -0.4340 -0.0000
vn 0.8732 -0.4874 -0.0000
vn 0.8396 0.5433 -0.0000
vn 0.8396 0.5432 -0.0000
vn 0.3241 -0.0021 -0.9460
vn 0.4762 -0.0033 -0.8793
vn 0.4342 -0.2091 -0.8762
vn 0.1098 -0.4764 -0.8723
vn -0.1090 -0.4747 -0.8734
vn -0.1078 -0.4753 -0.8732
vn -0.3012 -0.3777 -0.8756
vn -0.3009 -0.3776 -0.8757
vn -0.4346 -0.2084 -0.8762
vn -0.4343 -0.2095 -0.8761
vn -0.3286 -0.0020 -0.9445
vn -0.4827 -0.0033 -0.8758
vn -0.3436 0.1337 -0.9296
vn -0.5306 0.3565 -0.7690
vn -0.4434 0.5485 -0.7089
vn 0.0097 0.0881 -0.9961
vn 0.0034 0.0310 -0.9995
vn 0.0029 0.0259 -0.9997
vn -0.0094 0.0882 -0.9961
vn -0.0033 0.0311 -0.9995
vn 0.0000 -0.5077 0.8615
vn 0.0000 -0.4079 0.9130
vn 0.0000 -0.9377 0.3475
vn 0.0000 -0.8144 0.5803
vn 0.0000 -0.9959 0.0905
vn 0.0000 -0.5722 0.8201
vn 0.0000 -0.9404 -0.3401
vn 0.0000 -0.9877 -0.1564
vn 0.0000 -0.7831 -0.6219
vn 0.0000 -0.6928 -0.7211
vn 0.0000 -0.0107 -0.9999
vn 0.0000 -0.0321 -0.9995
vn -0.7022 -0.7120 0.0012
vn -0.6838 -0.7296 -0.0064
vn -0.6798 -0.7334 -0.0081
vn -0.7072 -0.7071 0.0032
vn 0.7022 -0.7120 0.0012
vn 0.6798 -0.7334 -0.0081
vn 0.6838 -0.7296 -0.0064
vn 0.7072 -0.7071 0.0032
vn 0.0000 -0.1049 -0.9945
vn -0.0205 -0.1333 -0.9909
vn 0.0000 -0.1776 -0.9841
vn 0.0000 -0.0774 -0.9970
vn 0.0205 -0.1333 -0.9909
vn -0.9977 -0.0675 -0.0000
vn -0.5124 -0.8588 -0.0000
vn 0.9982 -0.0600 -0.0000
vn 0.5111 -0.8595 -0.0000
vn 0.0000 -0.1989 0.9800
vn -0.0231 -0.1495 0.9885
vn 0.0000 -0.1178 0.9930
vn -0.0001 -0.0870 0.9962
vn 0.0230 -0.1494 0.9885
# 181 vertex normals

vt 0.3220 0.8238 0.0000
vt 0.3220 0.6604 0.0000
vt 0.3322 0.6604 0.0000
vt 0.3322 0.8238 0.0000
vt 0.2925 0.8309 0.0000
vt 0.3061 0.8309 0.0000
vt 0.3061 0.9913 0.0000
vt 0.2492 0.8294 0.0000
vt 0.2492 0.9899 0.0000
vt 0.2376 0.9899 0.0000
vt 0.0384 0.6627 0.0000
vt 0.0440 0.6627 0.0000
vt 0.0438 0.6677 0.0000
vt 0.0384 0.6677 0.0000
vt 0.0332 0.6677 0.0000
vt 0.0331 0.6627 0.0000
vt 0.0277 0.6677 0.0000
vt 0.0225 0.6677 0.0000
vt 0.0173 0.6627 0.0000
vt 0.0225 0.6627 0.0000
vt 0.0171 0.6677 0.0000
vt 0.0651 0.6680 0.0000
vt 0.0704 0.6680 0.0000
vt 0.0649 0.7814 0.0000
vt 0.2446 0.6626 0.0000
vt 0.2446 0.8234 0.0000
vt 0.2366 0.8234 0.0000
vt 0.2366 0.6626 0.0000
vt 0.1675 0.8911 0.0000
vt 0.1685 0.8954 0.0000
vt 0.1602 0.8954 0.0000
vt 0.1751 0.8923 0.0000
vt 0.1746 0.9084 0.0000
vt 0.1732 0.8883 0.0000
vt 0.1476 0.8262 0.0000
vt 0.1404 0.8262 0.0000
vt 0.1404 0.6584 0.0000
vt 0.1476 0.6584 0.0000
vt 0.1766 0.6584 0.0000
vt 0.1766 0.8262 0.0000
vt 0.1692 0.8262 0.0000
vt 0.1839 0.6584 0.0000
vt 0.1279 0.8930 0.0000
vt 0.1267 0.8915 0.0000
vt 0.1314 0.8856 0.0000
vt 0.1202 0.8967 0.0000
vt 0.1123 0.8624 0.0000
vt 0.1044 0.8635 0.0000
vt 0.1118 0.8601 0.0000
vt 0.1202 0.8601 0.0000
vt 0.1196 0.8624 0.0000
vt 0.1262 0.8470 0.0000
vt 0.1276 0.8636 0.0000
vt 0.1262 0.8656 0.0000
vt 0.1311 0.8712 0.0000
vt 0.1333 0.8719 0.0000
vt 0.0892 0.9238 0.0000
vt 0.0932 0.9206 0.0000
vt 0.0974 0.9239 0.0000
vt 0.0859 0.9169 0.0000
vt 0.0859 0.9094 0.0000
vt 0.0892 0.9026 0.0000
vt 0.0932 0.9057 0.0000
vt 0.0110 0.9950 0.0000
vt 0.0056 0.9950 0.0000
vt 0.0324 0.8826 0.0000
vt 0.0163 0.9950 0.0000
vt 0.0217 0.9950 0.0000
vt 0.0269 0.9950 0.0000
vt 0.0323 0.9950 0.0000
vt 0.0377 0.9950 0.0000
vt 0.0430 0.9950 0.0000
vt 0.0482 0.9950 0.0000
vt 0.0536 0.9950 0.0000
vt 0.0590 0.9950 0.0000
vt 0.0642 0.9950 0.0000
vt 0.0724 0.8824 0.0000
vt 0.0696 0.9951 0.0000
vt 0.0749 0.9951 0.0000
vt 0.0802 0.9951 0.0000
vt 0.3020 0.6604 0.0000
vt 0.3020 0.8238 0.0000
vt 0.2916 0.8238 0.0000
vt 0.2916 0.6604 0.0000
vt 0.3144 0.6604 0.0000
vt 0.3144 0.8237 0.0000
vt 0.3045 0.8237 0.0000
vt 0.3045 0.6604 0.0000
vt 0.2788 0.6604 0.0000
vt 0.2891 0.6604 0.0000
vt 0.2891 0.8236 0.0000
vt 0.2788 0.8236 0.0000
vt 0.2159 0.9920 0.0000
vt 0.1961 0.9920 0.0000
vt 0.1961 0.8315 0.0000
vt 0.2159 0.8315 0.0000
vt 0.2541 0.8305 0.0000
vt 0.2700 0.8305 0.0000
vt 0.2700 0.9910 0.0000
vt 0.2541 0.9910 0.0000
vt 0.2359 0.8310 0.0000
vt 0.2359 0.9914 0.0000
vt 0.2201 0.9914 0.0000
vt 0.2201 0.8310 0.0000
vt 0.2903 0.8299 0.0000
vt 0.2903 0.9904 0.0000
vt 0.2744 0.9904 0.0000
vt 0.2744 0.8299 0.0000
vt 0.3394 0.8290 0.0000
vt 0.3552 0.8290 0.0000
vt 0.3552 0.9896 0.0000
vt 0.3394 0.9896 0.0000
vt 0.2925 0.9913 0.0000
vt 0.3083 0.8313 0.0000
vt 0.3223 0.8313 0.0000
vt 0.3223 0.9919 0.0000
vt 0.3083 0.9919 0.0000
vt 0.2376 0.8294 0.0000
vt 0.3561 0.8229 0.0000
vt 0.3443 0.8231 0.0000
vt 0.3443 0.6604 0.0000
vt 0.3561 0.6604 0.0000
vt 0.2079 0.6629 0.0000
vt 0.2077 0.8256 0.0000
vt 0.1992 0.8249 0.0000
vt 0.1990 0.6629 0.0000
vt 0.2184 0.8256 0.0000
vt 0.2099 0.8256 0.0000
vt 0.2096 0.6636 0.0000
vt 0.2185 0.6629 0.0000
vt 0.0544 0.6707 0.0000
vt 0.0489 0.6707 0.0000
vt 0.0598 0.6707 0.0000
vt 0.0250 0.7805 0.0000
vt 0.0489 0.6680 0.0000
vt 0.0502 0.6632 0.0000
vt 0.0515 0.6635 0.0000
vt 0.0277 0.6627 0.0000
vt 0.0116 0.6627 0.0000
vt 0.0118 0.6677 0.0000
vt 0.0064 0.6677 0.0000
vt 0.0058 0.6627 0.0000
vt 0.0598 0.6677 0.0000
vt 0.0648 0.6627 0.0000
vt 0.0593 0.6624 0.0000
vt 0.0703 0.6627 0.0000
vt 0.0757 0.6680 0.0000
vt 0.0759 0.6627 0.0000
vt 0.0818 0.6629 0.0000
vt 0.0811 0.6680 0.0000
vt 0.2769 0.6624 0.0000
vt 0.2766 0.8234 0.0000
vt 0.2766 0.8159 0.0000
vt 0.2686 0.6624 0.0000
vt 0.2669 0.8159 0.0000
vt 0.2606 0.6624 0.0000
vt 0.2606 0.8234 0.0000
vt 0.2669 0.8234 0.0000
vt 0.2528 0.6626 0.0000
vt 0.2528 0.8234 0.0000
vt 0.2284 0.8234 0.0000
vt 0.2284 0.6626 0.0000
vt 0.2204 0.8234 0.0000
vt 0.2204 0.6626 0.0000
vt 0.3328 0.8876 0.0000
vt 0.3357 0.8920 0.0000
vt 0.3276 0.8914 0.0000
vt 0.3254 0.8820 0.0000
vt 0.3320 0.8825 0.0000
vt 0.3274 0.8951 0.0000
vt 0.3357 0.8958 0.0000
vt 0.3269 0.9028 0.0000
vt 0.3323 0.9032 0.0000
vt 0.3354 0.8986 0.0000
vt 0.3262 0.8701 0.0000
vt 0.3306 0.8704 0.0000
vt 0.3323 0.8755 0.0000
vt 0.3254 0.8777 0.0000
vt 0.3320 0.8783 0.0000
vt 0.1362 0.8808 0.0000
vt 0.1366 0.8836 0.0000
vt 0.1355 0.8821 0.0000
vt 0.1456 0.8772 0.0000
vt 0.1470 0.8836 0.0000
vt 0.1502 0.8772 0.0000
vt 0.1474 0.8691 0.0000
vt 0.1514 0.8833 0.0000
vt 0.1516 0.8711 0.0000
vt 0.1497 0.8922 0.0000
vt 0.1555 0.8662 0.0000
vt 0.1527 0.8626 0.0000
vt 0.1602 0.8589 0.0000
vt 0.1611 0.8635 0.0000
vt 0.1675 0.8635 0.0000
vt 0.1685 0.8589 0.0000
vt 0.1760 0.8626 0.0000
vt 0.1736 0.8666 0.0000
vt 0.1744 0.8677 0.0000
vt 0.1801 0.8677 0.0000
vt 0.1555 0.8883 0.0000
vt 0.1377 0.9084 0.0000
vt 0.1377 0.8922 0.0000
vt 0.1542 0.9084 0.0000
vt 0.1537 0.8923 0.0000
vt 0.1611 0.8911 0.0000
vt 0.1746 0.9225 0.0000
vt 0.1542 0.9225 0.0000
vt 0.1790 0.8922 0.0000
vt 0.1910 0.9084 0.0000
vt 0.1910 0.8922 0.0000
vt 0.1772 0.8833 0.0000
vt 0.1816 0.8836 0.0000
vt 0.1786 0.8772 0.0000
vt 0.1831 0.8772 0.0000
vt 0.1922 0.8836 0.0000
vt 0.1932 0.8821 0.0000
vt 0.1924 0.8808 0.0000
vt 0.3186 0.6606 0.0000
vt 0.3200 0.6606 0.0000
vt 0.3200 0.8239 0.0000
vt 0.3186 0.8239 0.0000
vt 0.3166 0.6606 0.0000
vt 0.3166 0.8239 0.0000
vt 0.0971 0.8262 0.0000
vt 0.0898 0.8262 0.0000
vt 0.0898 0.6584 0.0000
vt 0.0971 0.6584 0.0000
vt 0.1043 0.8262 0.0000
vt 0.1043 0.6584 0.0000
vt 0.1116 0.6584 0.0000
vt 0.1116 0.8262 0.0000
vt 0.1187 0.6584 0.0000
vt 0.1187 0.8262 0.0000
vt 0.1261 0.8262 0.0000
vt 0.1261 0.6584 0.0000
vt 0.1332 0.8262 0.0000
vt 0.1332 0.6584 0.0000
vt 0.1548 0.8262 0.0000
vt 0.1549 0.6584 0.0000
vt 0.1622 0.6584 0.0000
vt 0.1622 0.8262 0.0000
vt 0.1694 0.6584 0.0000
vt 0.1838 0.8262 0.0000
vt 0.1911 0.8262 0.0000
vt 0.1911 0.6584 0.0000
vt 0.3393 0.6606 0.0000
vt 0.3393 0.8240 0.0000
vt 0.3381 0.8240 0.0000
vt 0.3381 0.6606 0.0000
vt 0.3361 0.8240 0.0000
vt 0.3361 0.6606 0.0000
vt 0.1439 0.8714 0.0000
vt 0.1450 0.8729 0.0000
vt 0.1443 0.8743 0.0000
vt 0.1350 0.8783 0.0000
vt 0.1331 0.8783 0.0000
vt 0.1332 0.8864 0.0000
vt 0.1198 0.8947 0.0000
vt 0.1115 0.8967 0.0000
vt 0.1120 0.8947 0.0000
vt 0.1051 0.8913 0.0000
vt 0.1039 0.8928 0.0000
vt 0.0986 0.8862 0.0000
vt 0.1004 0.8854 0.0000
vt 0.0969 0.8780 0.0000
vt 0.0989 0.8781 0.0000
vt 0.0986 0.8717 0.0000
vt 0.1009 0.8710 0.0000
vt 0.0881 0.8712 0.0000
vt 0.0877 0.8739 0.0000
vt 0.0870 0.8725 0.0000
vt 0.1057 0.8655 0.0000
vt 0.1014 0.8632 0.0000
vt 0.0894 0.8631 0.0000
vt 0.0894 0.8470 0.0000
vt 0.1059 0.8470 0.0000
vt 0.1059 0.8331 0.0000
vt 0.1262 0.8331 0.0000
vt 0.1307 0.8632 0.0000
vt 0.1426 0.8470 0.0000
vt 0.1428 0.8632 0.0000
vt 0.0952 0.9284 0.0000
vt 0.1024 0.9302 0.0000
vt 0.1024 0.9252 0.0000
vt 0.1077 0.9239 0.0000
vt 0.0908 0.9159 0.0000
vt 0.1099 0.9284 0.0000
vt 0.0908 0.9105 0.0000
vt 0.1158 0.9238 0.0000
vt 0.1119 0.9206 0.0000
vt 0.1142 0.9159 0.0000
vt 0.1191 0.9169 0.0000
vt 0.0974 0.9023 0.0000
vt 0.1142 0.9105 0.0000
vt 0.0952 0.8978 0.0000
vt 0.1191 0.9094 0.0000
vt 0.1024 0.9012 0.0000
vt 0.1119 0.9057 0.0000
vt 0.1024 0.8962 0.0000
vt 0.1158 0.9026 0.0000
vt 0.1099 0.8978 0.0000
vt 0.1077 0.9023 0.0000
vt 0.3183 0.6197 0.0000
vt 0.3128 0.6197 0.0000
vt 0.3128 0.6147 0.0000
vt 0.3183 0.6147 0.0000
vt 0.3063 0.6351 0.0000
vt 0.3063 0.6401 0.0000
vt 0.1411 0.6401 0.0000
vt 0.1411 0.6351 0.0000
vt 0.1414 0.6512 0.0000
vt 0.3063 0.6512 0.0000
vt 0.3063 0.6564 0.0000
vt 0.1414 0.6564 0.0000
vt 0.1413 0.6308 0.0000
vt 0.1413 0.6255 0.0000
vt 0.3063 0.6255 0.0000
vt 0.3063 0.6308 0.0000
vt 0.3128 0.6273 0.0000
vt 0.3183 0.6273 0.0000
vt 0.3183 0.6323 0.0000
vt 0.3128 0.6323 0.0000
vt 0.2043 0.3774 0.0000
vt 0.2046 0.3810 0.0000
vt 0.1948 0.3820 0.0000
vt 0.1945 0.3784 0.0000
vt 0.2443 0.4364 0.0000
vt 0.2594 0.4384 0.0000
vt 0.2589 0.4420 0.0000
vt 0.2439 0.4400 0.0000
vt 0.2117 0.3723 0.0000
vt 0.2168 0.3718 0.0000
vt 0.2180 0.3846 0.0000
vt 0.2128 0.3851 0.0000
vt 0.2091 0.3723 0.0000
vt 0.2104 0.3856 0.0000
vt 0.1875 0.3795 0.0000
vt 0.1878 0.3825 0.0000
vt 0.1817 0.3800 0.0000
vt 0.1820 0.3825 0.0000
vt 0.1772 0.3800 0.0000
vt 0.1775 0.3836 0.0000
vt 0.1712 0.3748 0.0000
vt 0.1727 0.3897 0.0000
vt 0.1657 0.3908 0.0000
vt 0.1641 0.3754 0.0000
vt 0.2344 0.4262 0.0000
vt 0.1971 0.4231 0.0000
vt 0.2348 0.4226 0.0000
vt 0.2272 0.4180 0.0000
vt 0.2302 0.4185 0.0000
vt 0.1977 0.4159 0.0000
vt 0.2241 0.4103 0.0000
vt 0.1986 0.4082 0.0000
vt 0.2032 0.4041 0.0000
vt 0.2123 0.3995 0.0000
vt 0.2200 0.3990 0.0000
vt 0.1611 0.4443 0.0000
vt 0.1577 0.4073 0.0000
vt 0.1613 0.4068 0.0000
vt 0.1657 0.4145 0.0000
vt 0.1652 0.4114 0.0000
vt 0.1680 0.4438 0.0000
vt 0.1735 0.4171 0.0000
vt 0.1758 0.4428 0.0000
vt 0.1799 0.4382 0.0000
vt 0.1844 0.4289 0.0000
vt 0.1849 0.4212 0.0000
vt 0.3181 0.6424 0.0000
vt 0.3128 0.6424 0.0000
vt 0.3128 0.6373 0.0000
vt 0.3181 0.6373 0.0000
vt 0.3063 0.6222 0.0000
vt 0.1413 0.6222 0.0000
vt 0.1413 0.6170 0.0000
vt 0.3063 0.6170 0.0000
vt 0.1411 0.6484 0.0000
vt 0.1411 0.6434 0.0000
vt 0.3063 0.6434 0.0000
vt 0.3063 0.6484 0.0000
vt 0.1413 0.6092 0.0000
vt 0.3063 0.6092 0.0000
vt 0.3063 0.6147 0.0000
vt 0.1413 0.6147 0.0000
vt 0.3181 0.6524 0.0000
vt 0.3128 0.6524 0.0000
vt 0.3128 0.6474 0.0000
vt 0.3181 0.6474 0.0000
vt 0.9980 0.8920 0.0000
vt 0.9980 0.9029 0.0000
vt 0.9825 0.9029 0.0000
vt 0.9825 0.8920 0.0000
vt 0.9825 0.8811 0.0000
vt 0.9980 0.8811 0.0000
vt 0.9635 0.8907 0.0000
vt 0.9681 0.9014 0.0000
vt 0.9635 0.9017 0.0000
vt 0.9748 0.8907 0.0000
vt 0.9681 0.8801 0.0000
vt 0.9635 0.8798 0.0000
vt 0.9938 0.9244 0.0000
vt 0.9949 0.9291 0.0000
vt 0.9795 0.9291 0.0000
vt 0.9805 0.9244 0.0000
vt 0.9805 0.9121 0.0000
vt 0.9938 0.9121 0.0000
vt 0.9712 0.9292 0.0000
vt 0.9558 0.9292 0.0000
vt 0.9568 0.9246 0.0000
vt 0.9702 0.9246 0.0000
vt 0.9702 0.9124 0.0000
vt 0.9568 0.9124 0.0000
vt 0.9553 0.9016 0.0000
vt 0.9502 0.9014 0.0000
vt 0.9553 0.8906 0.0000
vt 0.9440 0.8906 0.0000
vt 0.9502 0.8800 0.0000
vt 0.9553 0.8796 0.0000
# 418 texture coords

o Barrel
g Barrel
usemtl P38
s off
f 1/1/1 2/2/1 3/3/2 
f 3/3/2 4/4/2 1/1/1 
f 5/5/3 6/6/3 7/7/3 
f 8/8/4 9/9/4 10/10/4 
f 11/11/5 12/12/6 13/13/7 
f 13/13/7 14/14/8 11/11/5 
f 11/11/5 14/14/8 15/15/9 
f 15/15/9 16/16/10 11/11/5 
f 16/16/10 15/15/9 17/17/11 
f 18/18/12 19/19/13 20/20/14 
f 21/21/15 19/19/13 18/18/12 
f 22/22/16 23/23/17 24/24/18 
f 25/25/19 26/26/19 27/27/20 
f 27/27/20 28/28/20 25/25/19 
f 29/29/21 30/30/22 31/31/23 
f 32/32/24 30/30/22 29/29/21 
f 30/30/22 32/32/24 33/33/25 
f 29/29/21 34/34/26 32/32/24 
f 35/35/27 36/36/28 37/37/28 
f 37/37/28 38/38/27 35/35/27 
f 39/39/29 40/40/29 41/41/30 
f 40/40/29 39/39/29 42/42/31 
f 43/43/32 44/44/33 45/45/34 
f 44/44/33 43/43/32 46/46/35 
f 47/47/36 48/48/37 49/49/38 
f 47/47/36 49/49/38 50/50/39 
f 50/50/39 51/51/40 47/47/36 
f 52/52/41 50/50/41 49/49/41 
f 51/51/40 50/50/39 53/53/42 
f 53/53/43 50/50/41 52/52/41 
f 53/53/42 54/54/44 51/51/40 
f 55/55/45 54/54/44 53/53/42 
f 55/55/45 53/53/42 56/56/46 
f 57/57/41 58/58/41 59/59/41 
f 58/58/41 57/57/41 60/60/41 
f 61/61/41 62/62/41 63/63/41 
f 58/64/47 64/65/48 65/66/49 
f 59/67/50 58/64/47 65/66/49 
f 59/67/50 65/66/49 66/68/51 
f 66/68/51 65/66/49 67/69/52 
f 67/69/52 65/66/49 68/70/53 
f 68/70/53 65/66/49 69/71/54 
f 69/71/54 65/66/49 70/72/55 
f 70/72/55 65/66/49 71/73/56 
f 72/74/57 71/73/56 65/66/49 
f 72/74/57 65/66/49 73/75/58 
f 74/76/59 73/75/58 65/77/49 
f 63/78/60 74/76/59 65/77/49 
f 63/78/60 65/77/49 75/79/61 
f 64/80/48 75/79/61 65/77/49 
f 76/81/62 77/82/62 78/83/62 
f 78/83/62 79/84/62 76/81/62 
f 80/85/63 81/86/63 82/87/64 
f 82/87/64 83/88/64 80/85/63 
f 84/89/65 85/90/65 86/91/65 
f 86/91/65 56/92/65 84/89/65 
f 87/93/66 5/94/66 88/95/66 
f 88/95/66 89/96/66 87/93/66 
f 90/97/3 91/98/3 10/99/3 
f 10/99/3 92/100/3 90/97/3 
f 93/101/67 94/102/67 95/103/67 
f 95/103/67 96/104/67 93/101/67 
f 7/105/66 6/106/66 90/107/66 
f 90/107/66 92/108/66 7/105/66 
f 33/109/66 96/110/66 95/111/66 
f 95/111/66 52/112/66 33/109/66 
f 7/7/3 88/113/3 5/5/3 
f 89/114/67 33/115/67 52/116/67 
f 52/116/67 87/117/67 89/114/67 
f 10/10/4 91/118/4 8/8/4 
f 93/119/4 97/120/4 98/121/4 
f 98/121/4 94/122/4 93/119/4 
f 84/123/68 56/124/68 98/125/68 
f 98/125/68 97/126/68 84/123/68 
f 76/127/69 9/128/69 8/129/69 
f 8/129/69 77/130/69 76/127/69 
f 99/131/70 24/24/18 100/132/71 
f 101/133/72 24/24/18 99/131/70 
f 13/13/7 100/132/71 24/134/18 
f 13/13/7 102/135/73 100/132/71 
f 102/135/73 103/136/74 104/137/75 
f 102/135/73 12/12/6 103/136/74 
f 13/13/7 12/12/6 102/135/73 
f 14/14/8 13/13/7 24/134/18 
f 15/15/9 14/14/8 24/134/18 
f 17/17/11 15/15/9 24/134/18 
f 17/17/11 105/138/76 16/16/10 
f 105/138/76 17/17/11 18/18/12 
f 18/18/12 20/20/14 105/138/76 
f 18/18/12 17/17/11 24/134/18 
f 21/21/15 18/18/12 24/134/18 
f 106/139/77 19/19/13 21/21/15 
f 107/140/78 21/21/15 24/134/18 
f 21/21/15 107/140/78 106/139/77 
f 106/139/77 107/140/78 108/141/79 
f 108/141/79 109/142/80 106/139/77 
f 107/140/78 24/134/18 108/141/79 
f 22/22/16 24/24/18 101/133/72 
f 22/22/16 101/133/72 110/143/81 
f 111/144/82 110/143/81 112/145/83 
f 22/22/16 110/143/81 111/144/82 
f 22/22/16 111/144/82 34/146/84 
f 34/146/84 23/23/17 22/22/16 
f 113/147/85 23/23/17 34/146/84 
f 23/23/17 113/147/85 24/24/18 
f 34/146/84 29/148/86 113/147/85 
f 113/147/85 29/148/86 109/149/80 
f 109/149/80 108/150/79 113/147/85 
f 108/150/79 24/24/18 113/147/85 
f 83/151/87 82/152/87 114/153/87 
f 83/151/88 114/153/89 115/154/90 
f 114/153/89 116/155/91 115/154/90 
f 43/156/92 115/154/90 116/155/91 
f 116/155/91 117/157/93 43/156/92 
f 116/155/91 118/158/94 117/157/93 
f 46/159/95 43/156/92 117/157/93 
f 117/157/93 119/160/95 46/159/95 
f 46/159/95 119/160/95 26/26/19 
f 26/26/19 25/25/19 46/159/95 
f 28/28/20 27/27/20 120/161/96 
f 120/161/96 121/162/96 28/28/20 
f 121/162/96 120/161/96 4/163/97 
f 4/163/97 3/164/97 121/162/96 
f 99/165/21 100/166/21 116/167/21 
f 99/165/21 116/167/21 114/168/21 
f 101/169/21 99/165/21 114/168/21 
f 116/170/98 100/171/71 118/172/99 
f 100/171/71 104/173/100 118/172/99 
f 100/171/71 102/174/73 104/173/100 
f 82/175/4 112/176/4 110/177/4 
f 114/178/4 82/175/4 110/177/4 
f 110/177/4 101/179/4 114/178/4 
f 1/180/21 79/181/21 122/182/21 
f 4/183/21 79/181/21 1/180/21 
f 4/183/21 76/184/101 79/181/21 
f 76/184/101 4/183/21 20/185/21 
f 20/185/21 4/183/21 120/186/21 
f 20/185/21 19/187/102 76/184/101 
f 120/186/21 105/188/21 20/185/21 
f 9/189/103 76/184/101 19/187/102 
f 16/190/21 105/188/21 120/186/21 
f 120/186/21 27/191/21 16/190/21 
f 16/190/21 27/191/21 26/192/21 
f 26/192/21 11/193/21 16/190/21 
f 12/194/21 11/193/21 26/192/21 
f 26/192/21 119/195/21 12/194/21 
f 12/194/21 119/195/21 117/196/21 
f 117/196/21 103/197/21 12/194/21 
f 104/198/21 103/197/21 117/196/21 
f 117/196/21 118/199/21 104/198/21 
f 19/187/102 106/200/104 9/189/103 
f 9/189/103 92/201/105 10/202/106 
f 9/189/103 7/203/107 92/201/105 
f 106/200/104 123/204/108 9/189/103 
f 9/189/103 123/204/108 7/203/107 
f 123/204/108 106/200/104 109/205/21 
f 89/206/21 88/207/21 7/203/107 
f 109/205/21 31/31/23 123/204/108 
f 123/204/108 31/31/23 7/203/107 
f 31/31/23 109/205/21 29/29/21 
f 7/203/107 33/33/25 89/206/21 
f 7/203/107 31/31/23 30/30/22 
f 30/30/22 33/33/25 7/203/107 
f 97/208/109 33/33/25 32/32/24 
f 34/34/26 97/208/109 32/32/24 
f 97/208/109 96/209/110 33/33/25 
f 97/208/109 93/210/111 96/209/110 
f 97/208/109 34/34/26 111/211/112 
f 111/211/112 84/212/113 97/208/109 
f 84/212/113 111/211/112 112/213/21 
f 112/213/21 82/214/21 84/212/113 
f 82/214/21 85/215/21 84/212/113 
f 124/216/21 85/215/21 82/214/21 
f 82/214/21 81/217/21 124/216/21 
f 125/218/114 2/219/1 1/220/1 
f 1/220/1 122/221/114 125/218/114 
f 78/222/115 125/218/115 122/221/115 
f 122/221/115 79/223/115 78/222/115 
f 61/224/116 60/225/117 47/226/117 
f 47/226/117 51/227/116 61/224/116 
f 62/228/118 61/224/116 51/227/116 
f 51/227/116 54/229/118 62/228/118 
f 62/228/118 54/229/118 55/230/119 
f 55/230/119 126/231/119 62/228/118 
f 126/231/119 55/230/119 127/232/120 
f 127/232/120 128/233/120 126/231/119 
f 129/234/121 128/233/120 127/232/120 
f 127/232/120 45/235/121 129/234/121 
f 130/236/122 129/234/121 45/235/121 
f 45/235/121 44/237/122 130/236/122 
f 36/36/28 130/236/122 44/237/122 
f 44/237/122 37/37/28 36/36/28 
f 131/238/123 35/35/27 38/38/27 
f 38/38/27 132/239/123 131/238/123 
f 131/238/123 132/239/123 133/240/124 
f 133/240/124 134/241/124 131/238/123 
f 41/41/30 134/241/124 133/240/124 
f 133/240/124 135/242/30 41/41/30 
f 41/41/30 135/242/30 39/39/29 
f 42/42/31 57/243/31 40/40/29 
f 60/244/117 57/243/31 42/42/31 
f 42/42/31 47/245/117 60/244/117 
f 81/246/63 80/247/63 136/248/125 
f 136/248/125 124/249/125 81/246/63 
f 124/249/126 136/248/127 86/250/127 
f 86/250/127 85/251/126 124/249/126 
f 86/252/41 136/253/41 80/254/41 
f 80/254/41 83/255/128 86/252/41 
f 83/255/128 56/56/46 86/252/41 
f 127/256/129 56/56/46 83/255/128 
f 45/45/34 127/256/129 83/255/128 
f 83/255/128 115/257/130 45/45/34 
f 127/256/129 55/55/45 56/56/46 
f 45/45/34 115/257/130 43/43/32 
f 46/46/35 37/258/131 44/44/33 
f 37/258/131 46/46/35 25/259/132 
f 25/259/132 38/260/133 37/258/131 
f 132/261/134 38/260/133 25/259/132 
f 25/259/132 28/262/135 132/261/134 
f 132/261/134 28/262/135 121/263/136 
f 121/263/136 133/264/137 132/261/134 
f 133/264/137 121/263/136 3/265/138 
f 3/265/138 135/266/139 133/264/137 
f 135/266/139 3/265/138 77/267/140 
f 135/266/139 77/267/140 39/268/141 
f 3/265/138 78/269/41 77/267/140 
f 78/269/41 3/265/138 2/270/41 
f 2/270/41 125/271/41 78/269/41 
f 39/268/141 77/267/140 48/48/37 
f 39/268/141 48/48/37 42/272/142 
f 77/267/143 8/273/144 48/48/145 
f 42/272/142 48/48/37 47/47/36 
f 8/273/144 91/274/41 90/275/41 
f 90/275/41 6/276/41 8/273/144 
f 48/48/145 8/273/144 6/276/41 
f 6/276/41 49/49/41 48/48/145 
f 49/49/41 6/276/41 52/52/41 
f 52/52/41 6/276/41 5/277/41 
f 5/277/41 87/278/41 52/52/41 
f 56/56/146 53/53/43 98/279/147 
f 52/52/41 98/279/147 53/53/43 
f 98/279/147 52/52/41 95/280/41 
f 95/280/41 94/281/41 98/279/147 
f 59/59/41 40/282/41 57/57/41 
f 41/283/41 40/282/41 59/59/41 
f 59/59/41 66/284/41 41/283/41 
f 41/283/41 66/284/41 67/285/41 
f 60/60/41 64/286/41 58/58/41 
f 67/285/41 134/287/41 41/283/41 
f 75/288/41 64/286/41 60/60/41 
f 131/289/41 134/287/41 67/285/41 
f 60/60/41 61/61/41 75/288/41 
f 67/285/41 68/290/41 131/289/41 
f 63/63/41 75/288/41 61/61/41 
f 131/289/41 68/290/41 69/291/41 
f 69/291/41 35/292/41 131/289/41 
f 74/293/41 63/63/41 62/62/41 
f 35/292/41 69/291/41 70/294/41 
f 62/62/41 126/295/41 74/293/41 
f 70/294/41 36/296/41 35/292/41 
f 73/297/41 74/293/41 126/295/41 
f 36/296/41 70/294/41 71/298/41 
f 126/295/41 128/299/41 73/297/41 
f 71/298/41 130/300/41 36/296/41 
f 73/297/41 128/299/41 129/301/41 
f 129/301/41 130/300/41 71/298/41 
f 129/301/41 72/302/41 73/297/41 
f 71/298/41 72/302/41 129/301/41 
f 137/303/41 138/304/41 139/305/41 
f 139/305/41 140/306/41 137/303/41 
f 139/307/3 138/308/3 141/309/3 
f 141/309/3 142/310/3 139/307/3 
f 141/311/4 138/312/4 137/313/4 
f 137/313/4 143/314/4 141/311/4 
f 140/315/66 139/316/66 142/317/66 
f 142/317/66 144/318/66 140/315/66 
f 141/319/21 143/320/21 144/321/21 
f 144/321/21 142/322/21 141/319/21 
f 145/323/148 146/324/148 147/325/149 
f 147/325/149 148/326/149 145/323/148 
f 149/327/21 150/328/21 151/329/21 
f 151/329/21 152/330/21 149/327/21 
f 153/331/150 152/332/151 151/333/151 
f 151/333/151 154/334/150 153/331/150 
f 155/335/152 153/331/150 154/334/150 
f 154/334/150 156/336/152 155/335/152 
f 145/323/148 155/335/153 156/336/153 
f 156/336/153 146/324/148 145/323/148 
f 157/337/154 148/326/155 147/325/155 
f 147/325/155 158/338/154 157/337/154 
f 159/339/156 157/337/154 158/338/154 
f 158/338/154 160/340/156 159/339/156 
f 161/341/157 159/339/156 160/340/156 
f 160/340/156 162/342/157 161/341/157 
f 163/343/158 161/341/159 162/342/159 
f 162/342/159 164/344/158 163/343/158 
f 163/343/158 164/344/158 165/345/41 
f 165/345/41 166/346/41 163/343/158 
f 150/347/3 165/348/3 151/349/3 
f 151/349/3 165/348/3 156/350/3 
f 156/350/3 154/351/3 151/349/3 
f 164/352/3 156/350/3 165/348/3 
f 164/352/160 146/353/161 156/350/162 
f 162/354/163 146/353/161 164/352/160 
f 162/354/3 160/355/3 146/353/3 
f 146/353/3 160/355/3 158/356/3 
f 158/356/3 147/357/3 146/353/3 
f 166/358/67 149/359/67 152/360/67 
f 155/361/67 166/358/67 152/360/67 
f 152/360/67 153/362/67 155/361/67 
f 163/363/67 166/358/67 155/361/67 
f 163/363/164 155/361/165 145/364/166 
f 163/363/164 145/364/166 161/365/167 
f 161/365/67 145/364/67 159/366/67 
f 157/367/67 159/366/67 145/364/67 
f 145/364/67 148/368/67 157/367/67 
f 167/369/41 168/370/41 169/371/41 
f 169/371/41 170/372/41 167/369/41 
f 171/373/66 170/374/66 169/375/66 
f 169/375/66 172/376/66 171/373/66 
f 167/377/67 170/378/67 171/379/67 
f 171/379/67 173/380/67 167/377/67 
f 174/381/4 168/382/4 167/383/4 
f 167/383/4 173/384/4 174/381/4 
f 171/385/21 172/386/21 174/387/21 
f 174/387/21 173/388/21 171/385/21 
f 175/389/66 176/390/66 177/391/66 
f 177/391/66 178/392/66 175/389/66 
f 175/389/66 178/392/66 179/393/66 
f 179/393/66 180/394/66 175/389/66 
f 175/395/168 181/396/169 176/397/170 
f 175/395/168 182/398/171 181/396/169 
f 175/395/168 183/399/172 182/398/171 
f 175/395/168 180/400/170 183/399/172 
f 184/401/173 177/402/173 176/403/173 
f 176/403/173 181/404/173 184/401/173 
f 184/401/174 181/404/174 182/405/174 
f 182/405/174 185/406/174 184/401/174 
f 180/407/175 179/408/175 186/409/175 
f 186/409/175 183/410/175 180/407/175 
f 182/411/176 183/410/176 186/409/176 
f 186/409/176 185/412/176 182/411/176 
f 177/413/177 184/414/178 178/415/179 
f 178/415/179 184/414/178 185/416/180 
f 178/415/179 185/416/180 186/417/181 
f 178/415/179 186/417/181 179/418/177 
# 0 polygons - 346 triangles

#
# object hammer
#

v  1.9302 43.0229 32.2961
v  1.9301 42.9956 32.9875
v  1.9278 41.5034 33.1750
v  1.9292 42.4018 33.9914
v  1.9282 41.8081 34.0344
v  1.9279 41.5815 33.7336
v  -0.2960 40.8155 27.7766
v  -0.3043 35.5733 27.7766
v  -0.3010 37.6553 30.6438
v  -0.2986 39.1671 30.8079
v  -0.2961 40.7374 29.0657
v  -0.2963 40.6007 29.6516
v  -0.2977 39.7257 30.9680
v  -0.2952 41.3194 31.0774
v  -0.2967 40.3389 31.3352
v  -0.2960 40.8038 31.7414
v  -0.2930 42.7061 33.6243
v  -0.2925 42.9991 32.9875
v  -0.2949 41.5069 33.1750
v  -0.0393 37.6549 30.6438
v  -0.3043 35.5733 29.5539
v  -0.0425 35.5729 29.5500
v  1.9296 42.6518 31.6282
v  -0.2931 42.6553 31.6282
v  -0.2925 43.0264 32.2961
v  0.8192 41.9934 31.0032
v  1.6980 41.9647 31.0149
v  -0.0598 41.9675 31.0149
v  0.8184 41.4895 30.4172
v  1.7597 41.4568 30.4172
v  1.7011 41.4530 29.7063
v  -0.1231 41.4598 30.4172
v  -0.0684 41.4558 29.7063
v  -0.2961 40.7413 30.3625
v  0.8183 41.4426 29.7063
v  0.0412 41.6353 29.3157
v  1.5959 41.6328 29.3157
v  1.9265 40.7339 29.0657
v  0.8191 41.9778 29.0696
v  0.0412 41.6275 27.7766
v  0.8191 41.9739 27.7766
v  1.5959 41.6250 27.7766
v  -0.0344 40.7604 31.6985
v  -0.0334 41.3424 31.0813
v  1.6658 41.3397 31.0813
v  1.6649 40.7577 31.6985
v  1.9184 35.5698 27.7766
v  1.9217 37.6518 30.6438
v  1.9184 35.5698 29.5539
v  1.9267 40.8120 27.7766
v  1.9241 39.1636 30.8078
v  1.9263 40.5971 29.6516
v  1.9266 40.7378 30.3625
v  1.9249 39.7221 30.9680
v  1.9259 40.3354 31.3352
v  1.9275 41.3159 31.0774
v  1.9267 40.8003 31.7414
v  1.9274 41.2690 32.4875
v  1.9297 42.7026 33.6243
v  1.9287 42.1284 34.1360
v  -0.2953 41.2725 32.4875
v  -0.2948 41.5850 33.7336
v  -0.2935 42.4053 33.9914
v  -0.2944 41.8116 34.0344
v  -0.2939 42.1319 34.1360
v  1.6650 40.8632 30.6477
v  -0.0342 40.8659 30.6477
v  1.6676 40.0468 30.1711
v  -0.0355 40.0495 30.1711
v  -0.0369 39.1588 29.9250
v  1.6662 39.1562 29.9250
v  -0.0389 37.8542 29.9797
v  1.6603 37.8515 29.9797
v  1.6567 35.5702 28.7063
v  -0.0425 35.5729 28.7063
v  1.6642 40.3358 31.3352
v  1.6632 39.7226 30.9680
v  1.6623 39.1640 30.8078
v  1.6600 37.6523 30.6438
v  1.6567 35.5702 29.5500
v  -0.0350 40.3385 31.3352
v  -0.0360 39.7252 30.9680
v  -0.0369 39.1667 30.8079
v  -0.0398 32.4010 28.0149
v  -0.0398 32.4010 30.2454
v  -0.0385 33.2018 31.0930
v  -0.0385 33.2018 27.1672
v  1.6508 34.3319 31.3586
v  1.6508 34.3319 26.8977
v  1.6526 35.4648 27.1672
v  -0.0403 32.0690 29.1282
v  -0.0367 34.3346 26.8977
v  -0.0367 34.3346 31.3586
v  -0.0349 35.4674 27.1672
v  -0.0349 35.4674 31.0930
v  -0.0337 36.2643 28.0149
v  -0.0337 36.2643 30.2453
v  -0.0331 36.6002 29.1282
v  1.6538 36.2616 30.2453
v  1.6538 36.2616 28.0149
v  1.6544 36.5976 29.1282
v  1.6526 35.4648 31.0930
v  1.6490 33.1991 31.0930
v  1.6490 33.1991 27.1672
v  1.6477 32.3984 30.2453
v  1.6477 32.3984 28.0149
v  1.6472 32.0663 29.1282
# 107 vertices

vn -1.0000 0.0000 -0.0000
vn 0.9793 -0.2020 0.0122
vn 1.0000 0.0000 -0.0000
vn 0.9846 -0.1746 0.0057
vn 0.9937 -0.1117 0.0025
vn 0.9859 -0.1202 -0.1165
vn -0.0005 0.2910 0.9567
vn -0.0123 0.4649 0.8853
vn -0.0132 0.4650 0.8852
vn -0.0068 -0.7930 -0.6092
vn 0.0068 -0.7931 -0.6090
vn 0.0000 -0.8742 -0.4856
vn -0.0000 -0.7178 -0.6963
vn -0.0296 -0.7100 -0.7036
vn 0.0296 -0.7099 -0.7037
vn -0.0000 -0.7606 -0.6492
vn -0.0253 -0.7631 -0.6458
vn -0.0332 -0.9994 -0.0082
vn -0.0025 -0.9846 0.1750
vn -0.0000 -0.9992 -0.0410
vn 0.0253 -0.7631 -0.6458
vn 0.9548 -0.2602 -0.1438
vn 0.9540 -0.2953 -0.0514
vn 0.9934 -0.1060 -0.0446
vn 0.0026 -0.9846 0.1747
vn 0.0332 -0.9994 -0.0080
vn 0.0000 -0.9630 0.2697
vn 0.0507 -0.8533 0.5190
vn -0.0509 -0.8531 0.5193
vn -0.9849 -0.1731 0.0061
vn -0.9332 -0.3567 -0.0425
vn -0.9550 -0.2923 -0.0502
vn -0.0000 -0.7655 0.6434
vn 0.4073 -0.9133 -0.0035
vn 0.4057 -0.9140 -0.0046
vn 0.4065 -0.9137 -0.0040
vn 0.4083 -0.9129 -0.0028
vn -0.4073 -0.9133 -0.0035
vn -0.4083 -0.9129 -0.0028
vn -0.4065 -0.9137 -0.0040
vn -0.4057 -0.9140 -0.0046
vn -0.9307 -0.3656 0.0129
vn 0.0000 0.7275 -0.6861
vn -0.9797 -0.1999 0.0121
vn -0.9937 -0.1117 0.0025
vn -0.9935 -0.1047 -0.0447
vn -0.9864 -0.1183 -0.1143
vn -0.9960 -0.0339 -0.0822
vn 0.9959 -0.0344 -0.0835
vn 0.0000 0.0000 -1.0000
vn 0.0000 -0.0000 -1.0000
vn 0.0000 0.5917 0.8062
vn 0.0000 0.6730 0.7397
vn 0.0000 0.5918 0.8061
vn -0.0000 0.3883 0.9215
vn 0.0000 0.3885 0.9215
vn -0.0000 0.1136 0.9935
vn -0.0000 0.1138 0.9935
vn -0.0000 -0.0419 0.9991
vn 0.0000 -0.0419 0.9991
vn 0.0000 0.4874 0.8732
vn 1.0000 0.0004 -0.0015
vn 1.0000 -0.0002 -0.0036
vn 1.0000 0.0001 -0.0050
vn 1.0000 -0.0015 -0.0038
vn 1.0000 -0.0021 -0.0044
vn 1.0000 -0.0005 -0.0007
vn -1.0000 -0.0000 -0.0000
vn 0.0000 1.0000 -0.0000
vn 0.0000 0.2909 0.9568
vn 0.0000 0.1925 0.9813
vn 0.0000 0.3980 0.9174
vn 0.0000 0.5853 0.8108
vn -0.0022 0.5861 0.8102
vn -0.0045 0.6883 0.7255
vn -0.0067 0.7636 0.6456
vn 0.0067 0.7636 0.6456
vn 0.0045 0.6883 0.7255
vn 0.0000 0.9027 0.4302
vn 0.0022 0.5861 0.8102
vn 0.0000 0.9728 0.2316
vn 0.0000 0.9240 0.3823
vn 0.0000 0.7988 0.6017
vn 0.0005 0.2910 0.9567
vn 0.0000 0.3022 0.9532
vn 0.0123 0.4649 0.8853
vn 0.0132 0.4650 0.8852
vn 0.0000 -0.6330 0.7742
vn 0.0000 -0.4673 0.8841
vn 0.0000 -0.8479 0.5301
vn 0.0000 -0.9724 0.2332
vn 0.0000 -0.9992 0.0395
vn -0.8565 -0.2615 -0.4450
vn 0.8527 -0.2648 -0.4504
vn -0.9561 -0.2554 -0.1435
vn 0.9315 -0.3610 -0.0457
vn 0.9292 -0.3693 0.0130
vn 0.0000 0.5001 -0.8660
vn 0.0000 -0.5012 -0.8654
vn 0.0000 -0.8659 -0.5002
vn 0.0000 -1.0000 -0.0005
vn 0.0000 -0.8662 0.4998
vn 0.0000 -0.4997 0.8662
vn 0.0000 0.0000 1.0000
vn 0.0000 0.4987 0.8668
vn 0.0000 0.8664 0.4994
vn 0.0000 1.0000 -0.0005
vn 0.0000 0.8661 -0.4998
# 108 vertex normals

vt 0.5820 0.6707 0.0000
vt 0.5755 0.6704 0.0000
vt 0.5736 0.6566 0.0000
vt 0.5656 0.6650 0.0000
vt 0.5656 0.6593 0.0000
vt 0.5681 0.6573 0.0000
vt 0.6319 0.6492 0.0000
vt 0.6319 0.6004 0.0000
vt 0.6587 0.6200 0.0000
vt 0.6601 0.6338 0.0000
vt 0.6438 0.6484 0.0000
vt 0.6493 0.6472 0.0000
vt 0.6616 0.6390 0.0000
vt 0.6626 0.6539 0.0000
vt 0.6651 0.6447 0.0000
vt 0.6686 0.6492 0.0000
vt 0.6864 0.6667 0.0000
vt 0.6804 0.6694 0.0000
vt 0.6819 0.6556 0.0000
vt 0.6681 0.6877 0.0000
vt 0.6893 0.6853 0.0000
vt 0.6893 0.6877 0.0000
vt 0.5830 0.7063 0.0000
vt 0.5830 0.6865 0.0000
vt 0.5899 0.6860 0.0000
vt 0.5741 0.6964 0.0000
vt 0.5741 0.7046 0.0000
vt 0.5741 0.6882 0.0000
vt 0.5666 0.6964 0.0000
vt 0.5666 0.7056 0.0000
vt 0.5597 0.7048 0.0000
vt 0.5666 0.6873 0.0000
vt 0.5597 0.6880 0.0000
vt 0.5647 0.6806 0.0000
vt 0.5602 0.6964 0.0000
vt 0.5558 0.6892 0.0000
vt 0.5558 0.7033 0.0000
vt 0.5538 0.7120 0.0000
vt 0.5528 0.6964 0.0000
vt 0.5414 0.6882 0.0000
vt 0.5409 0.6962 0.0000
vt 0.5414 0.7041 0.0000
vt 0.6745 0.6264 0.0000
vt 0.6819 0.6264 0.0000
vt 0.6819 0.6415 0.0000
vt 0.6745 0.6415 0.0000
vt 0.6240 0.6007 0.0000
vt 0.5973 0.6202 0.0000
vt 0.6077 0.6007 0.0000
vt 0.6245 0.6499 0.0000
vt 0.5958 0.6346 0.0000
vt 0.6122 0.6492 0.0000
vt 0.6067 0.6479 0.0000
vt 0.6003 0.6492 0.0000
vt 0.5943 0.6398 0.0000
vt 0.5909 0.6454 0.0000
vt 0.5934 0.6546 0.0000
vt 0.5869 0.6499 0.0000
vt 0.5884 0.6672 0.0000
vt 0.5800 0.6544 0.0000
vt 0.5691 0.6677 0.0000
vt 0.5647 0.6625 0.0000
vt 0.6483 0.6004 0.0000
vt 0.6557 0.6484 0.0000
vt 0.6676 0.6662 0.0000
vt 0.6755 0.6534 0.0000
vt 0.6740 0.6697 0.0000
vt 0.6874 0.6563 0.0000
vt 0.6893 0.6640 0.0000
vt 0.6898 0.6586 0.0000
vt 0.6908 0.6613 0.0000
vt 0.5825 0.6108 0.0000
vt 0.5825 0.6002 0.0000
vt 0.5840 0.6054 0.0000
vt 0.5795 0.6153 0.0000
vt 0.5795 0.5957 0.0000
vt 0.5276 0.5957 0.0000
vt 0.5276 0.6153 0.0000
vt 0.6072 0.6793 0.0000
vt 0.6018 0.6793 0.0000
vt 0.6018 0.6643 0.0000
vt 0.6072 0.6643 0.0000
vt 0.6156 0.6793 0.0000
vt 0.6156 0.6643 0.0000
vt 0.6240 0.6643 0.0000
vt 0.6240 0.6793 0.0000
vt 0.6354 0.6643 0.0000
vt 0.6354 0.6793 0.0000
vt 0.6587 0.6793 0.0000
vt 0.6587 0.6643 0.0000
vt 0.5350 0.6687 0.0000
vt 0.5360 0.6736 0.0000
vt 0.5290 0.6759 0.0000
vt 0.5275 0.6702 0.0000
vt 0.5340 0.6623 0.0000
vt 0.5266 0.6618 0.0000
vt 0.5355 0.6573 0.0000
vt 0.5280 0.6539 0.0000
vt 0.5340 0.6435 0.0000
vt 0.5399 0.6447 0.0000
vt 0.5399 0.6239 0.0000
vt 0.5325 0.6205 0.0000
vt 0.5582 0.6761 0.0000
vt 0.5508 0.6741 0.0000
vt 0.5523 0.6692 0.0000
vt 0.5597 0.6707 0.0000
vt 0.5528 0.6628 0.0000
vt 0.5602 0.6623 0.0000
vt 0.5518 0.6578 0.0000
vt 0.5587 0.6541 0.0000
vt 0.5528 0.6440 0.0000
vt 0.5468 0.6452 0.0000
vt 0.5468 0.6244 0.0000
vt 0.5538 0.6210 0.0000
vt 0.5671 0.6368 0.0000
vt 0.5671 0.6450 0.0000
vt 0.5646 0.6450 0.0000
vt 0.5646 0.6284 0.0000
vt 0.5820 0.6368 0.0000
vt 0.5844 0.6284 0.0000
vt 0.5844 0.6450 0.0000
vt 0.5820 0.6450 0.0000
vt 0.6681 0.6853 0.0000
vt 0.6537 0.6877 0.0000
vt 0.6537 0.6853 0.0000
vt 0.6488 0.6880 0.0000
vt 0.6488 0.6855 0.0000
vt 0.6418 0.6882 0.0000
vt 0.6418 0.6858 0.0000
vt 0.6369 0.6882 0.0000
vt 0.6364 0.6860 0.0000
vt 0.6364 0.7065 0.0000
vt 0.6369 0.7041 0.0000
vt 0.6285 0.7065 0.0000
vt 0.6418 0.7065 0.0000
vt 0.6285 0.6860 0.0000
vt 0.6418 0.7041 0.0000
vt 0.6216 0.6860 0.0000
vt 0.6488 0.7068 0.0000
vt 0.6216 0.7065 0.0000
vt 0.6488 0.7046 0.0000
vt 0.6166 0.6860 0.0000
vt 0.6537 0.7046 0.0000
vt 0.6166 0.7065 0.0000
vt 0.6537 0.7070 0.0000
vt 0.6131 0.6860 0.0000
vt 0.6681 0.7046 0.0000
vt 0.6131 0.7065 0.0000
vt 0.6681 0.7070 0.0000
vt 0.6097 0.6860 0.0000
vt 0.6893 0.7070 0.0000
vt 0.6893 0.7046 0.0000
vt 0.6102 0.7065 0.0000
vt 0.6072 0.6860 0.0000
vt 0.6072 0.7065 0.0000
vt 0.6028 0.6860 0.0000
vt 0.6028 0.7065 0.0000
vt 0.5963 0.7065 0.0000
vt 0.5963 0.6860 0.0000
vt 0.5899 0.7065 0.0000
vt 0.5716 0.7095 0.0000
vt 0.5716 0.6830 0.0000
vt 0.5647 0.7122 0.0000
vt 0.5587 0.7130 0.0000
vt 0.5587 0.6796 0.0000
vt 0.5538 0.6806 0.0000
vt 0.5419 0.6803 0.0000
vt 0.5419 0.7122 0.0000
vt 0.7596 0.8112 0.0000
vt 0.7784 0.8112 0.0000
vt 0.7858 0.8179 0.0000
vt 0.7527 0.8179 0.0000
vt 0.7502 0.8787 0.0000
vt 0.7883 0.8787 0.0000
vt 0.7858 0.8883 0.0000
vt 0.7690 0.8084 0.0000
vt 0.7502 0.8275 0.0000
vt 0.7878 0.8275 0.0000
vt 0.7527 0.8371 0.0000
vt 0.7858 0.8371 0.0000
vt 0.7596 0.8439 0.0000
vt 0.7784 0.8439 0.0000
vt 0.7690 0.8466 0.0000
vt 0.7601 0.8951 0.0000
vt 0.7789 0.8951 0.0000
vt 0.7695 0.8979 0.0000
vt 0.7527 0.8883 0.0000
vt 0.7527 0.8692 0.0000
vt 0.7858 0.8692 0.0000
vt 0.7601 0.8624 0.0000
vt 0.7789 0.8624 0.0000
vt 0.7695 0.8596 0.0000
vt 0.7269 0.7912 0.0000
vt 0.7269 0.7814 0.0000
vt 0.7413 0.7814 0.0000
vt 0.7413 0.7912 0.0000
vt 0.7269 0.8011 0.0000
vt 0.7413 0.8011 0.0000
vt 0.7413 0.8108 0.0000
vt 0.7269 0.8108 0.0000
vt 0.7413 0.8207 0.0000
vt 0.7269 0.8207 0.0000
vt 0.7269 0.8306 0.0000
vt 0.7413 0.8306 0.0000
vt 0.7269 0.8405 0.0000
vt 0.7413 0.8405 0.0000
vt 0.7269 0.8503 0.0000
vt 0.7413 0.8503 0.0000
vt 0.7269 0.8601 0.0000
vt 0.7413 0.8601 0.0000
vt 0.7269 0.8700 0.0000
vt 0.7413 0.8700 0.0000
vt 0.7269 0.8797 0.0000
vt 0.7413 0.8797 0.0000
vt 0.7413 0.8897 0.0000
vt 0.7269 0.8897 0.0000
vt 0.7269 0.8995 0.0000
vt 0.7413 0.8995 0.0000
# 218 texture coords

o hammer
g hammer
usemtl P38
s off
f 187/419/182 188/420/182 189/421/182 
f 190/422/182 191/423/182 192/424/182 
f 193/425/183 194/426/184 195/427/184 
f 195/427/184 196/428/184 193/425/183 
f 196/428/184 197/429/185 193/425/183 
f 196/428/184 198/430/186 197/429/185 
f 198/430/186 196/428/184 199/431/184 
f 200/432/187 201/433/184 202/434/184 
f 203/435/184 204/436/184 205/437/184 
f 206/438/188 207/439/189 208/440/190 
f 209/441/191 210/442/192 211/443/193 
f 212/444/194 210/442/192 209/441/191 
f 212/444/194 209/441/191 213/445/195 
f 212/444/194 214/446/196 210/442/192 
f 215/447/197 212/444/194 213/445/195 
f 216/448/198 215/447/197 213/445/195 
f 215/447/197 214/446/196 212/444/194 
f 216/448/199 217/449/200 215/447/201 
f 215/447/197 218/450/202 214/446/196 
f 218/450/203 219/451/204 220/452/205 
f 215/447/201 219/451/206 218/450/207 
f 215/447/201 221/453/208 219/451/206 
f 215/447/201 217/449/200 221/453/208 
f 221/453/208 222/454/209 219/451/206 
f 217/449/200 223/455/210 221/453/208 
f 224/456/211 223/455/212 217/449/213 
f 221/453/208 225/457/214 222/454/209 
f 226/458/215 222/454/216 225/457/217 
f 221/453/208 223/455/210 225/457/214 
f 225/457/217 227/459/218 226/458/215 
f 228/460/219 227/459/220 225/457/221 
f 225/457/221 223/455/222 228/460/219 
f 224/456/211 228/460/223 223/455/212 
f 229/461/224 230/462/224 231/463/224 
f 231/463/224 232/464/224 229/461/224 
f 233/465/182 234/466/182 235/467/182 
f 234/466/182 233/465/182 236/468/225 
f 236/468/225 237/469/182 234/466/182 
f 237/469/182 236/468/225 224/470/211 
f 224/470/211 238/471/226 237/469/182 
f 238/471/226 239/472/227 237/469/182 
f 237/469/182 239/472/227 240/473/182 
f 241/474/182 240/473/182 239/472/227 
f 239/472/227 242/475/228 241/474/182 
f 243/476/182 241/474/182 242/475/228 
f 242/475/228 209/477/229 243/476/182 
f 244/478/182 243/476/182 209/477/229 
f 209/477/229 187/419/182 244/478/182 
f 189/421/182 244/478/182 187/419/182 
f 189/421/182 188/420/182 245/479/182 
f 245/479/182 192/424/182 189/421/182 
f 192/424/182 245/479/182 190/422/182 
f 191/423/182 190/422/182 246/480/182 
f 194/426/184 207/481/184 195/427/184 
f 199/431/184 220/482/205 198/430/186 
f 220/482/205 199/431/184 201/433/184 
f 201/433/184 200/432/187 220/482/205 
f 202/434/184 210/483/230 200/432/187 
f 210/483/230 202/434/184 247/484/184 
f 247/484/184 211/485/184 210/483/230 
f 211/485/184 247/484/184 205/437/184 
f 205/437/184 204/436/184 211/485/184 
f 205/437/184 248/486/184 203/435/184 
f 249/487/184 203/435/184 248/486/184 
f 248/486/184 250/488/184 249/487/184 
f 249/487/184 250/488/184 251/489/184 
f 228/490/231 226/491/231 227/492/231 
f 226/491/231 228/490/231 236/493/232 
f 236/493/232 193/494/232 226/491/231 
f 194/495/232 193/494/232 236/493/232 
f 236/493/232 233/496/232 194/495/232 
f 252/497/233 231/498/234 230/499/234 
f 230/499/234 253/500/235 252/497/233 
f 254/501/236 252/497/233 253/500/235 
f 253/500/235 255/502/237 254/501/236 
f 254/501/236 255/502/237 256/503/238 
f 256/503/238 257/504/239 254/501/236 
f 257/504/239 256/503/238 258/505/240 
f 258/505/240 259/506/241 257/504/239 
f 260/507/242 259/506/242 258/505/242 
f 258/505/242 261/508/242 260/507/242 
f 262/509/184 232/510/184 231/511/184 
f 231/511/184 252/512/243 262/509/184 
f 263/513/244 262/509/184 252/512/243 
f 252/512/243 254/514/245 263/513/244 
f 264/515/246 263/513/244 254/514/245 
f 254/514/245 257/516/247 264/515/246 
f 264/515/246 257/516/247 259/517/248 
f 259/517/248 265/518/184 264/515/246 
f 266/519/184 265/518/184 259/517/248 
f 259/517/248 260/520/184 266/519/184 
f 230/521/182 229/522/182 267/523/182 
f 267/523/182 253/524/182 230/521/182 
f 253/524/182 267/523/182 268/525/182 
f 268/525/182 255/526/182 253/524/182 
f 255/526/182 268/525/182 269/527/182 
f 269/527/182 256/528/182 255/526/182 
f 258/529/249 256/528/182 269/527/182 
f 269/527/182 206/530/182 258/529/249 
f 258/529/249 206/530/182 208/531/249 
f 208/531/249 261/532/249 258/529/249 
f 261/533/250 208/534/250 207/535/250 
f 207/535/250 194/536/250 261/533/250 
f 260/537/250 261/533/250 194/536/250 
f 194/536/250 233/538/250 260/537/250 
f 260/537/250 233/538/250 235/539/250 
f 235/539/250 266/540/250 260/537/250 
f 195/541/251 207/439/189 206/438/188 
f 195/541/251 206/438/188 269/542/252 
f 269/542/252 196/543/252 195/541/251 
f 196/543/252 269/542/252 268/544/253 
f 268/544/253 199/545/253 196/543/252 
f 199/545/253 268/544/253 267/546/254 
f 267/546/254 201/547/255 199/545/253 
f 201/547/255 267/546/254 229/548/256 
f 229/548/256 202/549/257 201/547/255 
f 243/550/258 202/549/257 229/548/256 
f 229/548/256 232/551/259 243/550/258 
f 202/549/257 243/550/258 244/552/260 
f 241/553/261 243/550/258 232/551/259 
f 244/552/260 247/554/260 202/549/257 
f 232/551/259 262/555/254 241/553/261 
f 205/556/262 247/554/260 244/552/260 
f 240/557/253 241/553/261 262/555/254 
f 244/552/260 189/558/262 205/556/262 
f 262/555/254 263/559/253 240/557/253 
f 248/560/263 205/556/262 189/558/262 
f 240/557/253 263/559/253 264/561/252 
f 189/558/262 192/562/263 248/560/263 
f 264/561/252 237/563/252 240/557/253 
f 250/564/264 248/560/263 192/562/263 
f 237/563/252 264/561/252 265/565/265 
f 192/562/263 191/566/264 250/564/264 
f 265/565/265 234/567/251 237/563/252 
f 251/568/266 250/564/266 191/566/266 
f 265/565/265 235/569/267 234/567/251 
f 265/565/265 266/570/268 235/569/267 
f 191/566/266 246/571/266 251/568/266 
f 249/572/269 251/568/270 246/571/270 
f 246/571/270 190/573/269 249/572/269 
f 203/574/271 249/572/269 190/573/269 
f 190/573/269 245/575/271 203/574/271 
f 203/574/271 245/575/271 188/576/272 
f 188/576/272 204/577/272 203/574/271 
f 204/577/272 188/576/272 187/578/273 
f 187/578/273 211/443/273 204/577/272 
f 211/443/193 187/578/193 209/441/191 
f 213/445/274 209/441/229 242/579/228 
f 210/442/230 214/446/275 200/580/187 
f 216/448/276 213/445/274 242/579/228 
f 216/448/276 242/579/228 239/581/227 
f 216/448/276 239/581/227 217/449/213 
f 238/582/226 217/449/213 239/581/227 
f 238/582/226 224/456/211 217/449/213 
f 218/450/203 200/580/187 214/446/275 
f 218/450/203 220/452/205 200/580/187 
f 220/452/205 219/451/204 198/583/186 
f 197/584/185 198/583/186 219/451/204 
f 222/454/277 197/584/185 219/451/204 
f 226/458/278 193/585/183 197/584/185 
f 226/458/278 197/584/185 222/454/277 
f 236/586/225 228/460/223 224/456/211 
f 270/587/184 271/588/184 272/589/184 
f 272/589/184 273/590/184 270/587/184 
f 274/591/182 275/592/182 276/593/182 
f 271/588/184 270/587/184 277/594/184 
f 278/595/184 273/590/184 272/589/184 
f 272/589/184 279/596/184 278/595/184 
f 280/597/184 278/595/184 279/596/184 
f 279/596/184 281/598/184 280/597/184 
f 282/599/184 280/597/184 281/598/184 
f 281/598/184 283/600/184 282/599/184 
f 283/600/184 284/601/184 282/599/184 
f 285/602/182 286/603/182 287/604/182 
f 276/593/182 286/603/182 285/602/182 
f 285/602/182 288/605/182 276/593/182 
f 276/593/182 288/605/182 274/591/182 
f 275/592/182 274/591/182 289/606/182 
f 289/606/182 290/607/182 275/592/182 
f 290/607/182 289/606/182 291/608/182 
f 291/608/182 292/609/182 290/607/182 
f 291/608/182 293/610/182 292/609/182 
f 275/611/231 290/612/279 273/613/279 
f 273/613/279 278/614/231 275/611/231 
f 276/615/280 275/611/231 278/614/231 
f 278/614/231 280/616/280 276/615/280 
f 276/615/280 280/616/280 282/617/281 
f 282/617/281 286/618/281 276/615/280 
f 286/618/281 282/617/281 284/619/282 
f 284/619/282 287/620/282 286/618/281 
f 285/621/283 287/620/282 284/619/282 
f 284/619/282 283/622/283 285/621/283 
f 288/623/284 285/621/283 283/622/283 
f 283/622/283 281/624/284 288/623/284 
f 274/625/285 288/623/284 281/624/284 
f 281/624/284 279/626/285 274/625/285 
f 289/627/286 274/625/285 279/626/285 
f 279/626/285 272/628/286 289/627/286 
f 291/629/287 289/627/286 272/628/286 
f 272/628/286 271/630/287 291/629/287 
f 293/631/288 291/629/287 271/630/287 
f 271/630/287 277/632/288 293/631/288 
f 293/631/288 277/632/288 270/633/289 
f 270/633/289 292/634/289 293/631/288 
f 290/635/279 292/634/289 270/633/289 
f 270/633/289 273/636/279 290/635/279 
# 0 polygons - 206 triangles

#
# object frame
#

v  -0.5714 34.6031 28.0163
v  -0.5720 34.2125 28.0749
v  -0.5172 34.2984 -18.7376
v  2.8441 30.6055 27.5476
v  3.2850 30.2494 30.2194
v  3.2841 29.6830 28.8171
v  2.7921 32.2658 28.0124
v  3.2856 30.6634 32.2663
v  3.2862 31.0423 33.5436
v  3.2872 31.6634 34.1374
v  3.1539 33.8082 31.9421
v  3.1525 32.9293 32.8405
v  -1.3603 32.2723 28.0319
v  -1.4254 30.5967 27.5085
v  -1.6378 29.6908 28.8171
v  -1.6332 32.5618 33.7311
v  -1.5622 32.9953 32.9265
v  -1.5609 33.8742 31.8913
v  3.4488 37.5108 29.0749
v  3.4476 36.7765 29.4030
v  3.4465 36.0382 29.0749
v  0.6651 1.3394 14.3093
v  2.8018 1.3126 13.6413
v  2.7941 1.3907 14.4030
v  0.6653 1.4683 13.3796
v  -3.2705 34.6816 12.5436
v  -3.6729 34.6823 17.1491
v  -3.5479 34.6821 20.9460
v  -3.0791 34.6813 25.6061
v  -3.0401 34.6813 12.3718
v  3.9013 34.6703 27.3796
v  4.6045 34.6692 25.6061
v  5.0185 34.6685 20.9460
v  4.8193 34.6688 13.1765
v  3.2135 34.4565 27.7663
v  3.2138 34.6714 27.6608
v  3.7111 35.3893 31.0397
v  -2.1288 35.3986 -18.7337
v  -1.2109 35.3463 -18.7376
v  -1.2119 34.6940 -18.7376
v  0.8263 31.6673 34.4343
v  3.2179 32.2651 33.9929
v  0.7921 32.2689 34.3991
v  -0.3361 32.7551 33.8171
v  -1.6337 32.2728 33.9929
v  -1.6346 31.6712 34.0788
v  -1.6356 31.0501 33.5436
v  0.8242 30.3509 32.2663
v  0.8252 30.9798 33.9108
v  -1.6369 30.2572 30.2194
v  0.8235 29.9330 30.2194
v  -1.3971 28.7411 26.4147
v  0.7057 27.0699 25.9343
v  0.8213 28.5150 27.5046
v  2.8489 28.6798 26.3952
v  -2.6478 38.1611 29.9772
v  -0.3275 38.1574 30.4616
v  -0.3275 38.1574 27.7077
v  -2.6478 38.1611 27.8366
v  -0.9605 38.0842 18.3327
v  2.7361 33.8987 8.7272
v  3.2848 30.1283 -4.5657
v  3.2848 30.1127 -10.9993
v  3.4492 37.7335 28.4343
v  3.4488 37.4913 27.8366
v  4.2691 37.4900 27.8366
v  4.2695 37.7322 28.4343
v  4.2691 37.5096 29.0749
v  -2.6500 36.7861 29.4030
v  -2.6488 37.5205 29.0749
v  -1.8363 37.5192 29.0749
v  -2.6485 37.7431 28.4343
v  -1.8360 37.7419 28.4343
v  -1.8364 37.4997 27.8366
v  -2.6489 37.5010 27.8366
v  -1.7064 30.8002 -12.8118
v  -0.8486 29.7676 -10.9993
v  -1.7074 30.1205 -10.9993
v  -1.5608 33.9055 10.8913
v  -1.7074 30.1362 -4.5657
v  -1.7071 30.3120 -2.6985
v  -1.4310 27.0732 25.7429
v  2.8425 27.0665 25.7429
v  0.6764 8.4839 13.5358
v  -1.4515 14.1123 12.6765
v  0.6853 14.1089 12.3561
v  2.8220 14.1056 12.6765
v  -1.4603 8.4873 13.8210
v  2.8131 8.4806 13.8210
v  0.6711 5.1754 13.9577
v  -1.4656 5.1787 14.2233
v  2.8079 5.1720 14.2233
v  -1.4683 3.4639 14.1335
v  2.8051 3.4571 14.1335
v  0.6684 3.4644 13.8640
v  -0.9617 37.2756 18.3327
v  -1.0203 37.2757 6.3327
v  -1.0191 38.0843 6.3327
v  -0.7517 36.7362 18.3327
v  -0.8797 37.2755 5.8171
v  -0.8784 38.0841 5.0866
v  -0.7946 36.7363 6.3327
v  -0.4983 36.4077 18.3327
v  -0.7631 36.8847 5.8405
v  -0.5256 36.4077 6.3327
v  0.0991 36.1958 18.3327
v  -0.5058 36.5991 5.5554
v  -0.4852 37.2749 5.0046
v  -0.4839 38.0835 4.4968
v  0.0951 36.1958 6.3327
v  0.1034 36.4927 5.3249
v  0.1086 37.2739 4.6061
v  0.1098 38.0825 4.0983
v  0.8060 36.1127 6.3327
v  0.8060 36.1127 18.3327
v  0.8065 36.4330 5.2546
v  0.8078 37.2728 4.4694
v  1.5031 37.2717 4.6061
v  1.5044 38.0803 4.0983
v  2.0981 38.0794 4.4968
v  1.5058 36.4905 5.3249
v  2.0968 37.2708 5.0046
v  1.5131 36.1936 6.3327
v  1.5092 36.1936 18.3327
v  2.1072 36.4036 18.3327
v  2.1153 36.5950 5.5554
v  2.4914 37.2702 5.8171
v  2.1345 36.4035 6.3327
v  2.3736 36.8797 5.8405
v  2.6320 37.2700 6.3327
v  2.6333 38.0785 6.3327
v  2.5734 37.2700 18.3327
v  2.5747 38.0786 18.3327
v  2.4046 36.7312 6.3327
v  2.3616 36.7313 18.3327
v  3.1523 32.8082 -16.6673
v  0.8019 33.5658 -18.7337
v  3.1540 33.8707 -18.7337
v  -1.5625 32.8156 -16.6673
v  -1.5609 33.8781 -18.7337
v  0.8002 32.5072 -16.7728
v  3.2871 31.5697 -15.2845
v  -1.7051 31.5776 -15.2845
v  0.7983 31.2689 -15.4368
v  0.7971 30.5307 -12.9642
v  3.2858 30.7923 -12.8118
v  -0.8807 26.7755 -8.4446
v  -0.8775 28.7911 -9.6282
v  0.8057 28.5580 -9.7181
v  2.4858 28.7858 -9.6282
v  2.4826 26.7702 -8.4446
v  0.8029 26.7728 -8.6009
v  -0.8841 24.6349 -7.8431
v  2.4792 24.6295 -7.8431
v  0.7994 24.5541 -7.9759
v  -0.8869 22.8536 -7.0149
v  2.4764 22.8483 -7.0149
v  0.7966 22.7767 -7.1439
v  0.7945 21.4564 -5.7962
v  2.4744 21.5592 -5.6985
v  0.7929 20.4525 -3.6399
v  2.4728 20.5397 -3.5423
v  0.7921 19.9291 -0.8235
v  -0.8905 20.5450 -3.5423
v  -0.8912 20.1271 -0.8235
v  2.4721 20.1217 -0.8235
v  0.7922 19.9994 2.0983
v  -0.8911 20.1974 2.0983
v  2.4722 20.1921 2.0983
v  0.7929 20.4213 5.0827
v  -0.8905 20.5841 5.0827
v  2.4728 20.5788 5.0827
v  0.7936 20.8549 7.5632
v  -0.8897 21.0880 7.5632
v  2.4736 21.0827 7.5632
v  -0.8902 20.7364 9.5085
v  2.4731 20.7311 9.5085
v  0.7930 20.5033 9.5085
v  -0.7280 19.5565 10.9382
v  2.1470 19.5519 10.9382
v  0.7095 19.5542 10.9382
v  0.8056 28.4838 -6.1829
v  -0.8779 28.5333 -6.3431
v  0.8029 26.7338 -7.1048
v  -0.8807 26.7364 -7.2298
v  2.4794 24.7155 -7.2376
v  2.4825 26.7311 -7.2298
v  -0.8839 24.7208 -7.2376
v  0.7997 24.7142 -7.1517
v  2.4767 23.0592 -6.5892
v  -0.8865 23.0646 -6.5892
v  0.7971 23.0658 -6.5306
v  2.4750 21.9303 -5.3548
v  0.7953 21.9760 -5.3079
v  2.4735 21.0397 -3.2728
v  0.7940 21.1010 -3.2298
v  -0.8897 21.0450 -3.2728
v  2.4729 20.6491 -0.7767
v  -0.8903 20.6544 -0.7767
v  0.7933 20.7064 -0.7220
v  2.4730 20.6647 2.1140
v  -0.8903 20.6700 2.1140
v  0.7934 20.7494 2.1140
v  2.4738 21.1764 4.9421
v  -0.8895 21.1817 4.9421
v  0.7943 21.3158 4.9421
v  0.7958 22.2806 7.0632
v  2.4752 22.0866 7.2038
v  -0.8881 22.0919 7.2038
v  2.4771 23.2663 8.6686
v  -0.8862 23.2716 8.6686
v  0.7977 23.4642 8.5280
v  2.4799 25.0514 9.5866
v  -0.8834 25.0567 9.5866
v  2.4876 29.9147 -4.5657
v  3.2851 30.3041 -2.6985
v  0.7888 30.1947 -2.6985
v  0.7888 30.2104 -0.5931
v  3.2850 30.2533 -0.5892
v  3.2844 29.8978 2.0046
v  -1.7078 29.9057 2.0046
v  -1.7072 30.2612 -0.5892
v  0.7883 29.9018 2.0046
v  3.2851 30.3275 3.9030
v  0.7890 30.3314 3.9030
v  -1.7071 30.3354 3.9030
v  0.7889 30.2338 5.5632
v  3.2849 30.2298 5.5632
v  -1.7072 30.2377 5.5632
v  3.2839 29.5931 7.4499
v  -1.7082 29.6010 7.4499
v  0.7878 29.5502 7.4499
v  3.2823 28.5580 8.5397
v  -1.7099 28.5659 8.5397
v  0.7861 28.5189 8.5241
v  0.7839 27.1127 9.2546
v  3.2800 27.1088 9.3288
v  -1.7122 27.1166 9.3288
v  -1.4431 19.4053 11.4655
v  2.8304 19.4532 11.4733
v  2.4600 29.7624 -10.9993
v  0.7958 29.6791 -11.0462
v  0.8077 29.7924 -4.4798
v  -0.8757 29.9200 -4.5657
v  0.8002 25.0541 9.4733
v  1.9420 38.1539 27.7077
v  4.2701 38.1502 3.4108
v  2.4927 38.0788 5.0866
v  -2.6478 38.1611 3.4108
v  0.8091 38.0814 3.9616
v  2.8475 30.2696 9.4616
v  2.4854 28.5280 -6.3431
v  -2.6489 37.5009 3.4108
v  -1.8364 37.4997 3.4108
v  -1.7077 29.9565 10.3093
v  -1.6348 31.5618 11.0905
v  -0.8883 21.9356 -5.3548
v  -0.8889 21.5646 -5.6985
v  2.8424 27.0665 10.2507
v  -1.4309 27.1162 10.1413
v  -1.4279 28.9990 9.7507
v  -0.5457 36.0640 3.4108
v  -1.2683 36.0769 28.2858
v  -0.3308 36.0754 28.2936
v  -2.1288 35.3986 31.0397
v  -2.1288 35.3986 6.9694
v  1.9387 36.0718 28.2936
v  2.8762 36.0703 28.2858
v  2.1535 36.0598 3.4108
v  -2.4541 34.6803 27.3171
v  -1.7861 34.6793 27.6569
v  -2.1299 34.6798 27.5905
v  -1.7865 34.4644 27.7780
v  -2.1299 34.6798 10.9030
v  -2.1302 34.4650 31.4538
v  -1.2991 33.8933 28.1101
v  -2.1303 34.4689 -18.7337
v  2.8712 35.3907 27.9616
v  2.0040 35.3920 28.1569
v  2.1211 35.3411 -18.7376
v  2.8164 35.3400 -18.7376
v  2.1747 34.5988 27.8522
v  2.1201 34.6887 -18.7376
v  2.1195 34.2942 -18.7376
v  2.1741 34.2082 27.9421
v  -0.5166 34.6929 -18.7376
v  -1.2628 34.6472 27.9772
v  -0.5156 35.3452 -18.7376
v  -0.3983 35.3958 28.1569
v  -1.2655 35.3972 27.9616
v  2.8700 34.6368 27.9616
v  2.8154 34.6876 -18.7376
v  1.9373 32.7125 30.4968
v  -0.3361 32.7160 30.4968
v  1.9374 32.7515 33.8171
v  4.2680 36.7752 29.4030
v  4.2668 36.0369 29.0749
v  3.1519 32.5543 33.7311
v  2.7360 33.8713 28.1179
v  -1.6362 30.6712 32.2663
v  3.4461 35.8038 28.4343
v  3.4465 36.0577 27.8366
v  3.4465 36.0577 3.4108
v  3.4488 37.4913 3.4108
v  -1.8387 36.0465 29.0749
v  -1.8375 36.7848 29.4030
v  -1.8390 35.8122 28.4343
v  -1.8386 36.0661 27.8366
v  -1.8387 36.0661 3.4108
v  -2.6522 35.3994 30.9069
v  -2.6522 35.3994 27.8640
v  -2.6522 35.3994 -18.7337
v  -0.5144 36.1226 -18.7376
v  -0.3308 36.0637 30.9929
v  -0.3319 35.3957 31.2858
v  -0.3333 34.4817 31.7546
v  -0.3341 33.9660 32.1022
v  -0.3353 33.2043 32.9265
v  4.2658 35.3885 27.8640
v  4.2658 35.3885 30.9069
v  3.7111 35.3893 -18.7337
v  4.2657 35.3885 -18.7337
v  2.1224 36.1184 -18.7376
v  1.9387 36.0601 30.9929
v  1.9420 38.1539 30.4616
v  1.9376 35.3921 31.2858
v  1.9362 34.4781 31.7546
v  1.9393 33.9625 32.1022
v  1.9381 33.2007 32.9265
v  -1.4717 1.3194 13.6413
v  -1.4716 1.3428 14.3132
v  -2.9932 34.6812 11.0241
v  3.4287 34.6710 8.6843
v  4.2691 37.4900 3.4108
v  4.2701 38.1502 27.8366
v  4.2701 38.1502 29.9772
v  4.2668 36.0564 30.6296
v  4.2664 35.8025 28.4343
v  4.2668 36.0564 27.8366
v  4.2513 36.1150 -18.7376
v  -2.6511 36.0674 27.8366
v  -2.6433 36.1259 -18.7376
v  -2.6515 35.8135 28.4343
v  -2.6512 36.0478 29.0749
v  -2.6511 36.0674 30.6296
v  3.7096 34.4557 31.4538
v  3.7096 34.4596 -18.7337
v  0.8226 29.3353 28.8171
v  1.9518 39.6575 27.0348
v  1.8872 40.8138 26.5387
v  -0.2573 40.8172 26.5387
v  -0.3295 39.6259 27.0543
v  1.9495 38.1848 27.6988
v  0.9880 42.7918 25.6598
v  0.9920 42.8504 27.6598
v  0.8162 42.8780 27.6324
v  0.8162 42.8272 25.6442
v  0.4830 42.1325 26.9293
v  0.3820 42.4373 28.0192
v  0.5379 42.2300 28.2028
v  5.1397 39.9063 -14.3910
v  5.1392 39.6017 -13.7855
v  5.1314 34.6837 -18.7386
v  5.1404 40.3868 -14.6371
v  5.1404 40.3868 -18.7387
v  2.8628 40.1873 2.1246
v  2.8641 41.0349 2.1246
v  3.8446 41.0334 2.1246
v  2.8607 41.3474 -18.7387
v  3.3276 40.2139 -18.7387
v  3.3276 40.2139 -14.6371
v  -1.2331 41.3539 -18.7386
v  -0.4153 42.2198 -18.7387
v  -0.4153 42.2198 -14.6371
v  -1.2331 41.3539 -14.6371
v  -2.9352 39.5207 -14.6371
v  -2.8059 39.7822 -14.6371
v  -1.7036 40.2218 -14.6371
v  -2.7163 39.6141 -3.3676
v  -3.5171 39.6153 1.4957
v  -1.2397 39.6117 1.4957
v  3.9492 40.5176 -14.6371
v  3.2835 41.9249 -14.6371
v  2.8607 41.3474 -14.6371
v  3.6091 40.3502 -14.6371
v  3.3350 39.9092 -14.3910
v  2.8076 39.8866 -14.6371
v  2.8270 39.7967 -14.3637
v  2.8657 39.6052 -13.7894
v  4.3384 39.6029 -5.7152
v  4.3384 39.6029 -3.3676
v  5.1392 39.6017 1.4957
v  2.8658 39.6052 1.4957
v  0.0315 43.1566 27.0856
v  0.6443 42.8510 27.6598
v  0.8169 43.2726 26.9723
v  0.4488 42.7106 27.7809
v  0.2213 42.1485 28.2613
v  -1.3644 42.2994 27.7770
v  -0.2566 41.2508 28.9918
v  -3.5209 34.6974 -18.7386
v  -3.5166 39.9200 -14.3910
v  -3.5158 40.4005 -14.6371
v  -3.5158 40.4005 -18.7387
v  -0.9489 38.2363 -5.7152
v  -1.2397 39.6117 -13.7894
v  -1.2397 39.6117 -5.7152
v  -1.1856 39.2601 -14.6371
v  -1.2004 39.8031 -14.3676
v  -1.1846 39.8929 -14.6371
v  -3.5287 34.6935 30.6403
v  -3.5161 40.2013 28.8707
v  -3.5161 40.2013 2.1246
v  1.1869 42.6313 25.7457
v  0.8159 42.6319 25.7457
v  0.8154 42.3155 26.8278
v  2.8066 39.2538 -14.6371
v  1.1549 42.1197 26.9293
v  1.2529 42.3148 26.8317
v  0.3818 42.3162 26.8317
v  2.1432 42.1533 22.9098
v  3.0690 42.1518 22.9098
v  2.1444 42.9150 22.9098
v  -1.4388 42.1589 22.9098
v  -0.5130 42.1575 22.9098
v  -0.5118 42.9192 22.9098
v  -2.1488 35.3554 30.9762
v  -2.1498 34.6913 31.1285
v  -2.1498 34.6913 -18.7386
v  -2.1488 35.3554 -18.7386
v  -2.7542 35.3563 30.7653
v  -2.7543 35.3563 -18.7386
v  3.7564 34.6820 -18.7386
v  5.1314 34.6759 30.6402
v  3.7564 34.6820 31.1285
v  3.7575 35.3460 30.9762
v  3.7575 35.3460 -18.7387
v  4.4277 39.2512 -14.6371
v  4.4277 39.2512 -18.7387
v  3.0800 39.2533 -18.7387
v  2.7620 38.2304 -18.7387
v  4.3675 38.2279 -18.7387
v  4.3675 38.2279 -5.7152
v  2.5706 38.2307 -5.7152
v  4.3675 38.2279 -3.3676
v  2.5706 38.2307 -3.3676
v  2.8657 39.6052 -3.3676
v  4.3629 35.3451 30.7652
v  4.3629 35.3451 -18.7387
v  2.8657 39.6052 -5.7152
v  -1.4551 39.2605 -18.7386
v  -2.8067 39.2626 -18.7386
v  -2.8067 39.2626 -14.6371
v  -1.1442 38.2366 -18.7386
v  -2.7497 38.2391 -5.7152
v  -2.7497 38.2391 -18.7386
v  -1.2397 39.6117 -3.3676
v  -0.9489 38.2363 -3.3676
v  -2.7497 38.2391 -3.3676
v  -2.7241 39.6141 -5.7152
v  0.2207 41.7227 26.1520
v  1.4082 41.7208 26.1520
v  0.8147 41.8702 26.0895
v  -0.3318 38.1884 27.6988
v  4.5570 39.5088 -14.6371
v  4.4285 39.7707 -14.6371
v  -2.7498 38.1922 29.9410
v  -2.7497 38.2079 26.4723
v  4.3674 38.1810 29.9410
v  4.3674 38.1966 26.4723
v  1.0965 42.2291 28.2028
v  1.2491 42.4359 28.0192
v  1.1871 42.7095 27.7809
v  0.6442 42.7924 25.6598
v  0.4487 42.6325 25.7457
v  -2.6841 40.1960 5.9371
v  -2.6841 40.2000 29.1832
v  -2.3628 40.8362 6.5934
v  -2.1980 41.2500 28.5582
v  -2.1002 41.3983 5.9371
v  -2.0025 41.3981 2.1364
v  -1.3644 42.2994 2.1364
v  -0.5118 42.9192 2.1363
v  -1.4388 42.1589 25.4020
v  0.0315 43.1566 25.4020
v  0.8169 43.2726 25.4020
v  1.6018 43.1541 25.4020
v  1.6018 43.1541 27.0856
v  3.0690 42.1518 25.4020
v  2.9950 42.2926 27.7770
v  3.8254 41.2405 28.5582
v  4.3081 40.1850 2.1246
v  4.3081 40.1889 29.1832
v  2.9950 42.2925 2.1324
v  2.1444 42.9150 2.1324
v  -1.2369 41.3969 2.1363
v  -1.2369 41.3969 5.9527
v  -1.2378 40.8344 6.5934
v  5.1401 40.1876 2.1246
v  5.1401 40.1876 28.8707
v  -0.3286 40.1962 29.6793
v  -0.3318 38.1884 30.3981
v  1.4088 42.1466 28.2613
v  1.8879 41.2474 28.9918
v  1.9526 40.1926 29.6793
v  1.9495 38.1848 30.3981
v  0.8151 42.1476 25.4020
v  2.1431 42.1025 2.1324
v  2.5841 41.8166 2.1324
v  2.5490 41.8440 23.0074
v  2.8873 40.8982 23.2027
v  2.9715 39.7770 23.3551
v  2.5706 38.2307 23.9215
v  4.4285 39.7707 -18.7387
v  2.0456 42.2159 -18.7387
v  2.0457 42.2159 -14.6371
v  0.8157 42.5538 -18.7387
v  0.8157 42.5538 -14.6371
v  -1.7036 40.2218 -18.7387
v  -2.8059 39.7822 -18.7386
v  4.5570 39.5088 -18.7387
v  -2.9352 39.5207 -18.7386
v  -0.5131 42.1067 2.1363
v  -0.9550 41.8222 2.1363
v  -0.9159 41.8495 23.0074
v  -1.2767 40.9048 23.2262
v  -1.2863 39.7837 23.4684
v  -1.2388 40.1938 5.9371
v  -1.2388 40.1977 2.1246
v  -0.9489 38.2363 23.9215
v  -3.5171 39.6153 -13.7855
v  -1.7197 39.9172 -14.3910
v  -1.9885 40.3629 -14.6371
v  -2.3242 40.5275 -14.6371
v  -1.6501 41.9327 -14.6371
v  -0.4337 42.9269 -14.6371
v  0.8168 43.2491 -14.6371
v  2.0702 42.9229 -14.6371
v  -2.3242 40.5275 -18.7386
v  -1.6501 41.9327 -18.7386
v  -0.4337 42.9269 -18.7387
v  0.8168 43.2491 -18.7387
v  2.0702 42.9229 -18.7387
v  3.2835 41.9249 -18.7387
v  3.9492 40.5176 -18.7387
v  3.2643 42.1515 22.9567
v  -1.6341 42.1592 22.9567
v  -1.6320 43.4913 22.9567
v  1.9738 43.7239 24.6090
v  -0.3387 43.7275 24.6090
v  0.2707 43.7265 25.0543
v  -0.7176 43.7281 23.8512
v  -1.6306 44.3741 25.3785
v  0.2717 44.3711 25.0543
v  -0.3376 44.3720 24.6090
v  1.1620 44.1509 25.3785
v  1.1624 44.3697 25.3785
v  1.1624 44.3697 25.0895
v  1.1620 44.1509 25.0895
v  1.0365 43.8503 25.1090
v  3.2664 43.4835 22.9567
v  3.2643 42.1515 25.3785
v  -1.6341 42.1592 25.3785
v  2.4309 43.7231 23.2184
v  2.3527 43.7233 23.8512
v  2.3538 44.3678 23.8512
v  1.9749 44.3684 24.6090
v  1.3655 44.3693 25.0543
v  1.3645 43.7248 25.0543
v  0.8176 43.7257 25.1402
v  3.2678 44.3663 25.3785
v  3.2678 44.3663 23.8512
v  1.0365 43.8503 25.3785
v  0.8176 43.7257 25.3785
v  0.6029 43.8510 25.3785
v  0.4745 44.1520 25.3785
v  0.4749 44.3708 25.3785
v  -1.6306 44.3741 23.8512
v  -0.7957 43.7282 23.2184
v  -0.7166 44.3726 23.8512
v  0.4749 44.3708 25.0895
v  0.4745 44.1520 25.0895
v  0.6029 43.8510 25.1090
v  -3.0670 29.9938 12.1843
v  -2.9302 30.0444 10.6257
v  -2.9974 29.5523 10.1804
v  -2.9981 31.5835 11.2585
v  -3.0817 30.5524 12.8561
v  -3.0607 31.4782 12.9772
v  -3.0708 32.5485 12.6882
v  4.9500 1.2116 24.8015
v  4.3836 1.2124 28.1335
v  4.6689 1.3057 17.2897
v  -1.9874 1.2772 24.7898
v  -0.9054 1.2208 30.5632
v  -2.0381 1.2851 28.5554
v  -2.5577 1.2390 29.3327
v  -2.4249 1.2388 29.9851
v  -2.9966 32.5484 11.3522
v  -2.3110 4.1176 27.4030
v  -1.9657 2.6404 23.6491
v  -2.2119 2.5705 24.2702
v  -2.0520 4.8867 28.0085
v  -1.9020 3.3982 23.1530
v  -3.6366 3.2720 22.8405
v  -2.0819 5.7422 27.7116
v  -2.2799 4.0472 23.5632
v  -3.6357 3.8345 22.9616
v  -3.3745 5.9786 27.9929
v  -2.5154 5.7702 26.9499
v  -2.5774 6.1063 22.8366
v  -2.5750 7.6336 25.8132
v  -3.5932 8.4672 25.5397
v  -2.5748 7.7586 25.0593
v  -2.5755 7.2820 24.0476
v  -2.5763 6.7938 23.1101
v  -3.2982 27.0762 13.5163
v  -2.5388 23.0867 11.5397
v  -3.4021 23.0842 14.0749
v  -3.8538 28.9364 15.3249
v  -3.5091 27.0765 17.0046
v  -2.5325 27.0867 10.6179
v  -1.4373 23.0850 11.0476
v  -3.6047 28.3618 13.1530
v  -2.5292 29.1843 10.0476
v  -4.0607 29.0305 11.1140
v  -4.2509 29.8277 12.3093
v  -4.0130 29.5343 10.9655
v  -1.4603 8.4873 14.1882
v  -2.5621 3.4344 15.1882
v  -1.4683 3.4248 14.6062
v  -2.5615 1.3445 14.7194
v  -1.4656 5.1592 14.6140
v  -3.3225 4.2871 18.0398
v  -2.5594 5.1492 15.2546
v  -3.3131 7.7324 17.6765
v  -3.5933 5.9321 22.2273
v  -3.6305 7.1275 22.5398
v  -2.5541 8.4890 14.7898
v  -3.6660 14.2799 20.5280
v  -3.6836 8.0768 23.9382
v  -3.3379 14.2794 16.3679
v  -2.5489 14.2781 13.6179
v  -3.3439 20.3575 14.9968
v  -2.4533 20.3561 12.1413
v  -3.4846 20.3538 18.8132
v  -3.6465 14.2759 24.3640
v  -3.2402 21.7206 22.0632
v  -3.3178 12.1621 27.0749
v  -3.4551 14.2756 25.7585
v  -3.5118 8.0374 26.3679
v  -3.1768 12.3885 28.2937
v  -3.1612 17.3221 26.7311
v  -3.2076 7.7284 29.0398
v  -3.4483 6.2053 27.2624
v  -2.5009 17.4382 28.3405
v  -3.1467 4.2868 29.1413
v  -3.3213 5.0020 28.3835
v  -3.3418 4.3731 28.0788
v  -3.0635 2.5367 28.9030
v  -2.4933 12.3679 29.8640
v  -2.5006 7.7272 30.6648
v  -2.5401 2.5359 30.4187
v  -2.5060 4.2858 30.7194
v  -0.8878 12.3770 30.7585
v  -0.8951 7.7247 31.4577
v  -0.8800 17.3341 29.3288
v  2.2572 7.7197 31.4577
v  -0.9006 4.2833 31.4265
v  -0.9033 2.5333 31.1960
v  2.2646 12.3760 30.7233
v  2.2518 4.2783 31.4265
v  2.2490 2.5283 31.1960
v  3.8119 7.7173 30.6140
v  3.8572 4.2758 30.6608
v  -0.9040 2.0880 30.7116
v  3.8857 2.5257 30.3601
v  -2.5290 2.0906 30.1296
v  -2.9119 2.0912 29.0944
v  2.2483 2.0830 30.7116
v  2.2470 1.2861 30.5593
v  3.8733 2.0804 29.9577
v  3.8525 1.2836 29.7429
v  4.5696 2.6965 28.6296
v  4.5647 2.0794 28.4616
v  4.5525 4.2747 29.0046
v  5.0018 4.2740 25.6140
v  4.5189 7.7162 29.0398
v  4.9759 7.7154 25.4343
v  4.7205 4.2744 18.0398
v  3.8427 12.3539 29.8327
v  4.5302 12.3763 28.2937
v  2.2724 17.3369 29.2897
v  3.8585 17.4242 28.3327
v  -0.8730 21.7247 27.2351
v  2.2793 21.7197 27.2351
v  4.5419 17.3099 26.7311
v  -2.5332 21.7273 26.3093
v  5.0175 14.2622 24.3640
v  3.8496 21.7172 26.3366
v  4.5645 21.7083 24.5241
v  4.6674 7.7198 17.6491
v  5.0065 27.0631 20.7429
v  4.7246 14.2666 16.4343
v  3.9133 5.1390 15.2468
v  3.9186 8.4788 14.8093
v  3.9105 3.4124 15.2273
v  2.8012 3.4142 14.6608
v  2.8078 5.1485 14.6452
v  2.8131 8.4806 14.1530
v  3.9316 14.2679 13.6804
v  2.8222 14.2657 12.9851
v  4.7956 27.0634 13.6960
v  3.9557 27.0647 10.8952
v  4.7942 31.1220 13.2272
v  3.8915 30.9398 9.6647
v  5.0637 31.1216 21.2585
v  4.6120 27.0637 23.5358
v  4.5676 31.1224 25.1960
v  3.8462 24.4868 25.3679
v  3.8980 32.5375 27.5905
v  2.8441 30.6055 27.5475
v  3.9457 30.6077 26.8679
v  3.9780 28.8108 25.7311
v  3.9088 27.0179 25.1882
v  2.2837 24.4892 26.1022
v  0.7056 24.4917 26.1726
v  -0.8686 24.4942 26.1022
v  -2.4819 24.4968 25.3561
v  -3.1582 21.7244 24.5241
v  -3.1888 27.0760 23.5358
v  -2.4857 27.0280 25.1843
v  -2.5493 28.8211 25.8093
v  -3.1899 28.8221 23.8679
v  -3.1402 30.6189 25.3522
v  -2.5113 30.6179 26.9890
v  -2.4575 32.5475 27.5905
v  -3.1255 32.5486 25.8757
v  -1.2991 33.8933 28.1100
v  -3.5981 32.5493 21.3483
v  -3.6402 30.6197 21.3991
v  -3.6919 32.5495 17.5554
v  -3.6442 30.5924 19.6608
v  -3.7918 28.6160 21.1022
v  -3.5981 32.5493 15.4811
v  -3.7438 31.7995 15.6413
v  -3.7365 31.5105 17.5983
v  -4.0708 30.0462 17.5632
v  -4.2893 30.2067 14.7546
v  -3.8920 29.5224 19.3366
v  -3.6861 28.7838 19.0632
v  -3.6146 27.0767 20.7429
v  -3.7952 28.9520 17.3913
v  -3.6092 23.0845 17.6452
v  -3.6002 21.3149 18.6765
v  -3.8849 21.6084 16.5007
v  -3.7326 21.6003 14.0476
v  -3.0027 21.2593 12.4421
v  -1.4512 14.2725 12.9187
v  -1.4425 19.7725 11.7663
v  3.9034 1.3890 14.9108
v  -3.2842 1.3183 17.2898
v  -3.6006 1.2954 24.1296
v  -3.3091 32.5489 12.8601
v  -3.6231 31.6001 13.0983
v  -4.0896 30.5188 13.0280
v  -3.6422 2.1704 23.6257
v  -3.6730 2.4752 23.1726
v  -1.5772 35.9211 12.2858
v  -2.1397 35.9220 12.2858
v  -2.1464 31.6525 12.2858
v  -1.5839 31.6516 12.2858
v  -2.1485 30.3478 1.6647
v  -2.1478 30.7814 1.0202
v  -1.5853 30.7805 1.0202
v  -1.5860 30.3469 1.6647
v  -2.1482 30.5002 2.4460
v  -1.5857 30.4993 2.4460
v  -2.1453 32.3361 4.8835
v  -1.5828 32.3352 4.8835
v  -1.5827 32.4055 5.6296
v  -2.1452 32.4064 5.6296
v  -1.5797 34.3391 2.7780
v  -1.5832 32.1203 1.1061
v  -2.1457 32.1212 1.1061
v  -2.1457 32.0978 6.5241
v  -2.1397 35.9220 4.7741
v  -2.1404 35.4689 3.6960
v  -2.1422 34.3400 2.7780
v  -2.1461 31.8478 3.9147
v  -2.1474 31.0041 2.9811
v  -2.1466 31.5431 0.8679
v  -1.5849 31.0032 2.9811
v  -1.5836 31.8469 3.9147
v  -1.5832 32.0969 6.5241
v  -1.5841 31.5422 0.8679
v  -1.5779 35.4680 3.6960
v  -1.5772 35.9211 4.7741
v  -2.8719 32.3138 -10.6829
v  -2.8683 34.6302 -10.6829
v  -2.6612 34.6299 -11.0970
v  -3.3722 34.6310 -10.3470
v  -1.4227 32.3115 -8.4720
v  -3.3758 32.3146 -8.4720
v  -3.3758 32.3146 -10.3470
v  -1.4195 34.3701 -15.1243
v  -2.6617 34.3721 -15.1243
v  -2.6612 34.6299 -14.6829
v  -3.3722 34.6310 -8.4720
v  -3.3729 34.1974 -7.9368
v  -1.4197 34.1943 -7.9368
v  -2.0502 33.2109 -15.3978
v  -2.0513 32.5391 -15.0814
v  -2.0516 32.3125 -14.6829
v  -2.0490 33.9883 -15.3509
v  -2.0516 32.3125 -13.7220
v  -2.6649 32.3135 -13.1790
v  -2.6649 32.3135 -11.0970
v  -3.3752 32.7482 -7.9368
v  -3.3740 33.4708 -7.7064
v  -1.4191 34.6279 -8.4720
v  -1.4191 34.6279 -11.0970
v  -1.4191 34.6279 -14.6829
v  -1.4227 32.3115 -11.0970
v  -1.4227 32.3115 -14.6829
v  -1.4224 32.5381 -15.0814
v  -1.4213 33.2099 -15.3978
v  -1.4201 33.9873 -15.3509
v  -1.4220 32.7451 -7.9368
v  -1.4209 33.4678 -7.7064
v  2.7299 0.3479 31.0593
v  2.7285 -0.5467 30.3171
v  2.7313 1.1838 29.6882
v  2.7327 2.0979 31.4733
v  2.7331 2.3752 30.8640
v  2.7280 -0.8513 29.2546
v  -1.3813 -0.8448 29.2546
v  -1.3813 -0.8448 26.7702
v  2.7302 0.5119 26.0358
v  -1.3792 0.5184 26.0358
v  -1.3792 0.5184 27.3210
v  2.7302 0.5119 27.3210
v  -1.3763 2.3114 28.8913
v  2.7330 2.3049 28.8913
v  2.7330 2.3049 28.2155
v  -1.3763 2.3114 28.2155
v  -1.3780 1.2528 28.9577
v  2.7314 1.2463 28.9577
v  -1.3762 2.3817 30.8640
v  -1.3767 2.1044 31.4733
v  -1.3781 1.1903 29.6882
v  2.7280 -0.8513 26.7702
v  2.7285 -0.5740 26.1882
v  -1.3809 -0.5675 26.1882
v  -1.3809 -0.5402 30.3171
v  -1.3794 0.3544 31.0593
v  -4.1216 32.5267 6.2272
v  -3.7541 32.7136 6.2429
v  -3.7558 31.6277 6.1491
v  -2.5822 32.7274 6.2429
v  -2.5791 34.7274 8.7507
v  -2.5792 34.6415 10.8835
v  -1.9815 34.6405 10.8835
v  -1.9814 34.7265 8.7507
v  -2.5829 32.3016 10.8718
v  -1.9852 32.3202 10.8718
v  -4.2051 31.6089 12.4772
v  -3.9752 31.2569 12.4460
v  -4.0990 31.9642 12.5085
v  -3.7550 32.1511 12.5241
v  -3.6356 31.0650 12.4304
v  -1.9854 32.1796 12.5280
v  -1.9872 31.0311 12.4265
v  -2.5812 33.3368 6.2936
v  -4.1227 31.8158 6.1647
v  -4.2979 32.1715 6.1960
v  -1.9863 31.5936 6.1491
v  -1.9836 33.3358 6.2936
v  2.5184 32.1139 -14.5032
v  2.5193 32.6881 -15.3665
v  3.4294 32.6866 -15.3665
v  3.4311 33.7062 -15.5696
v  2.5209 33.7076 -15.5696
v  2.5223 34.5709 -14.9915
v  2.5226 34.7740 -13.9759
v  3.4327 34.7726 -13.9759
v  2.5217 34.1959 -13.1126
v  3.4289 32.3156 -13.4837
v  3.4318 34.1945 -13.1126
v  3.4302 33.1788 -12.9095
v  3.4285 32.1124 -14.5032
v  3.4324 34.5695 -14.9915
v  2.5201 33.1803 -12.9095
v  2.5187 32.3170 -13.4837
v  -1.1848 4.8775 28.1530
v  -2.7786 4.8683 28.1335
v  -2.7082 4.8877 27.4890
v  -1.1801 5.3580 28.4187
v  -3.3334 4.7520 27.9069
v  -3.0091 4.8218 27.3679
v  -2.8286 5.3449 28.3913
v  -3.7010 4.5104 27.4421
v  -3.2085 4.6932 27.1140
v  -3.2634 4.5683 26.8796
v  -3.5749 5.1899 28.0905
v  -4.0676 4.8664 27.4655
v  -3.8029 4.2840 27.0085
v  -3.2652 3.4628 24.7780
v  -4.2009 4.5620 26.8874
v  -3.8047 3.1785 24.9069
v  -3.2107 3.3377 24.5398
v  -4.2027 3.4565 24.7819
v  -3.7035 2.9518 24.4733
v  -3.0117 3.2046 24.2898
v  -4.0703 3.1477 24.1999
v  -3.3406 2.7051 24.0085
v  -1.2079 2.6393 23.2507
v  -1.2080 2.5689 23.7624
v  -2.7822 2.5831 23.7858
v  -3.5787 2.8188 23.5788
v  -2.8328 2.6574 23.2780
v  -2.8281 3.1731 23.0749
v  -1.2070 3.1549 23.0476
v  -3.5622 3.3305 23.3679
v  -2.7569 3.7315 23.4577
v  -1.2062 3.7174 23.4382
v  -4.0461 3.6555 23.9812
v  -3.2372 3.8339 23.6491
v  -2.7063 3.6572 23.9655
v  -1.2063 3.6471 23.9538
v  -1.2071 3.1314 24.1569
v  -2.7110 3.1416 24.1687
v  -2.9952 3.7163 24.0827
v  -3.5533 4.0453 24.0515
v  -3.1864 3.8455 24.3249
v  -3.2409 3.9667 24.5476
v  -4.1784 3.9564 24.5554
v  -3.6389 4.2408 24.4226
v  -3.2392 5.0722 26.6530
v  -4.1767 5.0619 26.6569
v  -3.6372 5.3501 26.5280
v  -3.1843 5.1893 26.8796
v  -4.0434 5.3625 27.2312
v  -3.5509 5.5453 26.9030
v  -2.9927 5.3179 27.1218
v  -3.2342 5.7518 27.3054
v  -3.5585 5.6820 27.8444
v  -2.7035 5.3760 27.2390
v  -1.1801 5.3814 27.2507
v  -1.1809 4.8892 27.5007
v  -1.1793 5.8580 27.5163
v  -2.7536 5.8526 27.4968
v  -1.1794 5.8462 28.1726
v  -2.8239 5.8371 28.1413
v  3.8469 34.8462 10.7272
v  3.8469 34.8461 -0.2845
v  2.8430 34.8477 -0.2845
v  2.8430 34.8477 10.7272
v  2.8377 31.4962 10.7272
v  3.5682 31.4950 10.7272
v  3.5682 31.4950 -0.0306
v  2.8377 31.4962 -0.0306
v  3.6625 31.8621 -0.2884
v  2.8344 31.8790 -0.2884
v  -1.3126 40.4673 7.6754
v  -1.3126 40.4673 6.9879
v  -1.3114 41.2134 6.9879
v  -2.0731 41.2146 6.9879
v  -1.6904 41.1789 6.1090
v  -2.0346 40.8435 6.1090
v  -1.6914 40.5031 6.1090
v  -1.3471 40.8424 6.1090
v  -2.0743 40.4685 7.6754
v  -1.3114 41.2134 7.6754
v  -2.0731 41.2146 7.6754
v  -2.0743 40.4685 6.9879
v  2.1449 43.2431 2.1324
v  2.0951 41.3721 23.3590
v  2.1440 42.6298 1.6637
v  -0.5143 41.3762 23.3590
v  -0.5143 41.3762 1.6637
v  2.1420 41.3720 1.6637
v  2.1449 43.2431 23.3590
v  -0.5123 42.6340 1.6637
v  -0.5113 43.2473 2.1324
v  -0.5113 43.2473 23.3590
v  -4.9289 38.5316 13.7301
v  -5.1817 39.2352 13.7301
v  -5.0650 38.9107 13.6403
v  -1.9781 39.5582 14.2965
v  -5.3530 39.6260 17.0348
v  -4.8061 39.6135 17.5973
v  -4.3217 39.6557 18.0856
v  -1.9803 38.1402 17.9176
v  -4.8045 38.1525 17.0348
v  -1.9801 38.2652 13.9996
v  -3.9881 38.1317 18.4410
v  -4.0233 38.1552 18.0856
v  -1.9805 38.0231 20.5543
v  -1.9802 38.1793 21.2692
v  -3.9099 38.1824 21.2692
v  -1.9797 38.5504 21.8160
v  -4.0031 38.5536 21.8160
v  -1.9787 39.1363 22.2496
v  -4.0412 39.1396 22.2496
v  -3.9346 39.8543 22.4254
v  -1.9776 39.8512 22.4254
v  -1.9765 40.5660 22.2809
v  -1.9755 41.1715 21.8785
v  -3.2021 41.1734 21.8785
v  -1.9749 41.5777 21.2692
v  -1.9747 41.6715 20.5543
v  -2.7443 41.6727 20.5543
v  -1.9749 41.5777 19.9137
v  -2.7600 41.5790 19.9137
v  -1.9755 41.1715 19.2457
v  -1.9775 39.8981 18.4567
v  -3.5976 40.5686 18.7848
v  -1.9765 40.5660 18.7848
v  -3.9932 39.9052 18.4684
v  -1.9779 39.6520 18.0856
v  -2.8421 41.5791 21.2692
v  -3.1435 41.1733 19.2457
v  -3.5741 40.5686 22.2809
v  -3.9571 38.0262 20.5543
v  -4.2069 38.1477 17.7028
v  -5.3140 39.5557 14.2965
v  -4.8473 38.2737 13.9996
v  -5.2711 39.4931 13.9723
v  -1.9797 38.5192 13.7301
v  -1.9791 38.9020 13.6363
v  -1.9786 39.2340 13.7301
v  -1.9782 39.4918 13.9723
v  -1.7270 40.2258 1.7653
v  -0.9770 40.2246 1.6403
v  -0.2270 40.2234 1.7653
v  -1.7252 41.3703 1.7653
v  -0.2252 41.3679 1.7653
v  -0.9752 41.3691 1.6403
v  0.2474 41.3672 2.5778
v  0.2474 41.3672 6.1129
v  0.2456 40.2227 6.1129
v  0.2456 40.2227 2.5778
v  -2.5239 40.2270 2.2731
v  -1.9908 41.3707 6.1129
v  -2.5356 40.2271 6.1129
v  0.1167 40.2229 2.1871
v  0.1185 41.3674 2.1871
# 1048 vertices

vn -1.0000 -0.0002 0.0012
vn -1.0000 -0.0000 0.0012
vn -0.9737 -0.1363 -0.1825
vn -0.9788 -0.1913 -0.0731
vn -0.9571 -0.2448 -0.1550
vn -0.9920 -0.0691 -0.1056
vn -0.9833 -0.1755 -0.0486
vn -0.9935 -0.0900 -0.0692
vn -0.9936 -0.0869 -0.0719
vn -0.9962 0.0485 -0.0721
vn -0.9917 0.1149 -0.0580
vn 0.9966 -0.0562 -0.0596
vn 0.9913 -0.0641 -0.1154
vn 0.9939 -0.0770 -0.0796
vn 0.9987 0.0205 -0.0469
vn 0.9981 -0.0392 -0.0472
vn 0.9988 0.0284 -0.0408
vn -1.0000 0.0000 0.0000
vn -1.0000 0.0000 -0.0000
vn -0.0023 0.9955 -0.0951
vn -0.0021 0.9991 0.0416
vn -0.0210 0.9945 0.1022
vn 0.0000 0.9905 -0.1373
vn -0.0000 -1.0000 0.0000
vn 0.0000 -1.0000 0.0000
vn 0.0000 -1.0000 -0.0000
vn -0.9892 0.0638 -0.1317
vn -0.9892 0.0646 -0.1315
vn -0.9893 0.0592 -0.1330
vn 0.0036 0.0052 -1.0000
vn 0.0019 0.0008 -1.0000
vn 0.0030 0.0018 -1.0000
vn -0.0132 -0.0738 0.9972
vn -0.1236 -0.2191 0.9678
vn -0.0038 -0.0657 0.9978
vn 0.0002 -0.7267 0.6870
vn 0.1252 -0.7453 0.6548
vn 0.1432 -0.6533 0.7435
vn 0.1605 -0.1259 0.9790
vn 0.1636 -0.1395 0.9766
vn 0.1211 0.8356 0.5358
vn 0.0000 0.9640 0.2661
vn 0.0043 0.7954 0.6060
vn 0.1233 0.9509 0.2838
vn 0.0000 0.9550 0.2967
vn 0.2552 0.7273 0.6371
vn 0.0321 0.6467 0.7620
vn -0.0075 0.8444 0.5356
vn -0.3150 0.8362 0.4490
vn 0.0001 -1.0000 -0.0054
vn -0.0023 -1.0000 -0.0034
vn -0.0277 -0.9996 -0.0029
vn -0.9940 -0.0924 0.0582
vn -0.9885 -0.1510 -0.0016
vn -0.9983 -0.0562 0.0173
vn 0.0000 0.9268 0.3756
vn 0.0000 0.9815 0.1913
vn -0.0000 0.9815 0.1913
vn -0.0000 0.9446 -0.3283
vn 0.0000 0.9446 -0.3283
vn 0.0000 0.4079 -0.9130
vn 0.1525 0.9204 -0.3601
vn 0.2087 0.9134 -0.3495
vn 0.3683 0.9151 -0.1641
vn 0.9994 -0.0333 0.0034
vn 0.9999 -0.0131 0.0042
vn 0.9999 -0.0133 0.0041
vn 0.9992 -0.0388 -0.0004
vn 0.9983 -0.0585 -0.0051
vn 0.0829 0.3710 0.9249
vn -0.0828 0.3738 0.9238
vn 0.0000 0.1642 -0.9864
vn 0.1625 0.2389 -0.9573
vn 0.0001 0.2446 -0.9696
vn -0.1639 0.2392 -0.9570
vn 0.1289 0.1601 -0.9786
vn -0.1289 0.1601 -0.9786
vn 0.0000 0.0349 -0.9994
vn 0.1233 0.0338 -0.9918
vn -0.1233 0.0338 -0.9918
vn 0.1266 -0.1400 -0.9820
vn -0.1266 -0.1400 -0.9820
vn 0.0000 -0.1468 -0.9892
vn -0.9826 -0.1855 -0.0048
vn -0.9759 -0.1844 0.1171
vn -0.9961 -0.0320 0.0821
vn -0.8696 -0.4937 -0.0037
vn -0.9288 -0.2242 0.2952
vn -0.8792 -0.2841 0.3824
vn -0.8469 -0.5216 0.1032
vn -0.7905 -0.6125 -0.0028
vn -0.8619 -0.4037 0.3067
vn -0.7790 -0.6199 0.0943
vn -0.3194 -0.9400 0.1201
vn -0.3328 -0.9430 -0.0008
vn -0.2252 -0.9743 -0.0004
vn -0.7097 -0.5052 0.4911
vn -0.6561 -0.4615 0.5971
vn -0.6131 -0.4202 0.6690
vn -0.2110 -0.9682 0.1342
vn -0.2810 -0.9236 0.2606
vn -0.2745 -0.6359 0.7213
vn -0.1766 -0.9436 0.2799
vn -0.3146 -0.5731 0.7567
vn -0.3108 -0.5055 0.8049
vn 0.0003 -0.9899 0.1420
vn 0.0003 -1.0000 -0.0000
vn 0.0004 -0.6790 0.7341
vn 0.0003 -0.9586 0.2848
vn 0.0004 -0.6046 0.7966
vn 0.3150 -0.5730 0.7566
vn 0.3113 -0.5054 0.8048
vn 0.6131 -0.4202 0.6690
vn 0.1769 -0.9436 0.2799
vn 0.2748 -0.6358 0.7213
vn 0.6561 -0.4615 0.5971
vn 0.2114 -0.9682 0.1341
vn 0.2257 -0.9742 -0.0001
vn 0.3324 -0.9431 -0.0001
vn 0.7097 -0.5052 0.4911
vn 0.2810 -0.9236 0.2606
vn 0.9288 -0.2242 0.2952
vn 0.3193 -0.9401 0.1198
vn 0.8619 -0.4037 0.3067
vn 0.7790 -0.6199 0.0943
vn 0.9759 -0.1845 0.1168
vn 0.9961 -0.0320 0.0821
vn 0.9826 -0.1859 -0.0042
vn 1.0000 -0.0000 -0.0049
vn 0.8470 -0.5215 0.1029
vn 0.7905 -0.6125 -0.0028
vn 0.8698 -0.4933 -0.0031
vn -0.1258 0.8119 -0.5700
vn -0.0003 0.8846 -0.4663
vn -0.1159 0.8833 -0.4542
vn 0.1252 0.8119 -0.5702
vn 0.1154 0.8834 -0.4542
vn -0.0004 0.8123 -0.5833
vn -0.1301 0.8625 -0.4890
vn 0.1293 0.8626 -0.4890
vn -0.0004 0.8689 -0.4949
vn -0.0002 0.9319 -0.3627
vn -0.1539 0.9198 -0.3611
vn 0.0923 0.3944 -0.9143
vn 0.1089 0.6609 -0.7425
vn -0.0004 0.6431 -0.7657
vn -0.1087 0.6607 -0.7427
vn -0.0925 0.3944 -0.9143
vn -0.0001 0.4079 -0.9130
vn 0.0899 0.3452 -0.9342
vn -0.0901 0.3452 -0.9342
vn -0.0001 0.3488 -0.9372
vn 0.0884 0.5765 -0.8123
vn -0.0886 0.5764 -0.8123
vn -0.0001 0.5776 -0.8163
vn -0.0001 0.8216 -0.5701
vn -0.0827 0.8196 -0.5670
vn -0.0001 0.9509 -0.3095
vn -0.0775 0.9512 -0.2986
vn -0.0001 0.9976 -0.0692
vn 0.0773 0.9513 -0.2986
vn 0.1150 0.9913 -0.0642
vn -0.1153 0.9913 -0.0642
vn -0.0001 0.9966 0.0818
vn 0.1115 0.9905 0.0801
vn -0.1118 0.9905 0.0801
vn -0.0001 0.9884 0.1521
vn 0.1012 0.9827 0.1549
vn -0.1014 0.9827 0.1549
vn -0.0002 1.0000 0.0058
vn 0.1356 0.9907 0.0105
vn -0.1359 0.9907 0.0105
vn 0.1244 0.9088 -0.3983
vn -0.1253 0.9135 -0.3872
vn -0.0012 0.9145 -0.4045
vn 0.3057 0.4083 -0.8601
vn -0.3197 0.4203 -0.8492
vn 0.0000 0.5808 -0.8140
vn -0.0001 0.6469 0.7626
vn 0.0837 0.6307 0.7715
vn -0.0001 0.2414 0.9704
vn 0.0721 0.2262 0.9714
vn -0.0551 -0.1767 0.9827
vn -0.0723 0.2262 0.9714
vn 0.0550 -0.1767 0.9827
vn -0.0001 -0.1724 0.9850
vn -0.0336 -0.5608 0.8273
vn 0.0335 -0.5608 0.8273
vn -0.0000 -0.5655 0.8248
vn -0.0334 -0.8412 0.5397
vn -0.0000 -0.8452 0.5345
vn -0.0390 -0.9605 0.2754
vn -0.0000 -0.9622 0.2724
vn 0.0389 -0.9605 0.2754
vn -0.0352 -0.9964 0.0766
vn 0.0351 -0.9964 0.0766
vn -0.0000 -0.9974 0.0721
vn -0.0457 -0.9944 -0.0949
vn 0.0456 -0.9944 -0.0949
vn -0.0001 -0.9950 -0.1003
vn -0.0842 -0.9524 -0.2931
vn 0.0840 -0.9524 -0.2931
vn -0.0001 -0.9511 -0.3090
vn -0.0002 -0.8588 -0.5124
vn -0.1393 -0.8536 -0.5020
vn 0.1390 -0.8536 -0.5020
vn -0.1368 -0.6292 -0.7651
vn 0.1365 -0.6292 -0.7652
vn -0.0002 -0.6383 -0.7698
vn -0.2395 0.0403 -0.9701
vn 0.2176 0.0356 -0.9754
vn -0.1628 0.9565 0.2419
vn -0.0661 0.9949 0.0764
vn 0.0002 0.9944 0.1055
vn 0.0000 0.9978 -0.0670
vn -0.0188 0.9966 -0.0800
vn -0.0046 0.9988 0.0478
vn 0.0046 0.9988 0.0478
vn 0.0188 0.9966 -0.0800
vn -0.0000 0.9986 0.0521
vn -0.0000 0.9966 0.0818
vn 0.0000 0.9966 0.0818
vn 0.0000 0.9804 -0.1971
vn 0.0000 0.9816 -0.1909
vn -0.0108 0.8545 -0.5193
vn 0.0108 0.8545 -0.5193
vn 0.0000 0.8490 -0.5284
vn -0.0183 0.6062 -0.7951
vn 0.0183 0.6062 -0.7951
vn 0.0000 0.5983 -0.8013
vn 0.0001 0.3010 -0.9536
vn -0.0713 0.3288 -0.9417
vn 0.0698 0.3281 -0.9421
vn 0.5471 0.1994 -0.8130
vn -0.5801 0.1999 -0.7896
vn -0.2152 0.9118 -0.3496
vn 0.0005 0.8581 -0.5135
vn -0.0004 0.9062 0.4229
vn 0.1576 0.9575 0.2417
vn -0.0003 -0.2165 -0.9763
vn -0.0001 -1.0000 -0.0054
vn 0.0275 -0.9996 -0.0029
vn 0.0442 -0.9990 0.0006
vn 0.0302 -0.9992 0.0249
vn 0.0330 -0.9994 0.0092
vn -0.0303 -0.9992 0.0249
vn 0.0220 -0.9995 0.0242
vn -0.0444 -0.9990 0.0006
vn 0.0137 -0.9985 0.0529
vn -0.0331 -0.9994 0.0093
vn 0.0000 -0.9929 0.1190
vn -0.0221 -0.9995 0.0243
vn -0.0137 -0.9985 0.0530
vn -0.9794 -0.1109 0.1687
vn -0.9553 -0.1286 0.2662
vn -0.9573 -0.2630 0.1198
vn -0.9909 0.0024 0.1344
vn -0.9968 0.0015 0.0805
vn -0.9759 0.0039 0.2181
vn -0.9895 -0.1381 0.0436
vn -1.0000 -0.0000 -0.0000
vn -1.0000 -0.0051 -0.0026
vn -0.9997 -0.0230 0.0018
vn -0.9998 -0.0201 -0.0005
vn -1.0000 -0.0056 -0.0044
vn -0.3820 0.9096 -0.1634
vn -0.2600 0.9645 0.0468
vn -0.9983 -0.0550 0.0178
vn -0.9780 -0.2077 -0.0178
vn -0.9936 -0.1122 0.0121
vn -0.9905 -0.1372 0.0053
vn -0.9986 -0.0507 0.0143
vn -0.9994 -0.0295 0.0152
vn -0.9922 -0.1243 0.0079
vn -0.9785 -0.2028 -0.0376
vn -0.0000 1.0000 -0.0000
vn 0.9992 0.0007 0.0409
vn 0.9976 0.0012 0.0690
vn 0.9937 0.0020 0.1124
vn 0.9993 -0.0372 -0.0046
vn 0.9998 -0.0191 0.0042
vn 1.0000 0.0000 -0.0000
vn 0.9994 -0.0335 0.0029
vn 0.9995 -0.0326 0.0033
vn 1.0000 0.0000 0.0000
vn 1.0000 -0.0051 -0.0026
vn 0.9997 -0.0230 0.0018
vn 0.9998 -0.0201 -0.0005
vn 1.0000 -0.0056 -0.0044
vn 0.2497 0.9672 0.0469
vn 0.0657 0.9950 0.0756
vn 0.9955 -0.0944 -0.0031
vn 0.9994 -0.0346 0.0012
vn 0.9997 -0.0246 -0.0010
vn 1.0000 -0.0000 0.0000
vn 0.9995 -0.0301 0.0023
vn 0.9978 -0.0651 -0.0132
vn -0.9077 -0.1070 0.4057
vn -0.9000 -0.0691 0.4303
vn -0.8871 -0.1707 0.4289
vn 0.9432 -0.0612 0.3265
vn 0.9522 -0.0711 0.2972
vn 0.9435 -0.0561 0.3266
vn 0.9681 -0.0925 0.2328
vn 0.9764 -0.1033 0.1898
vn 0.8229 0.4468 0.3511
vn -0.0000 0.0000 -1.0000
vn -1.0000 0.0000 -0.0049
vn 0.0004 -0.5318 0.8468
vn 0.8792 -0.2841 0.3824
vn 0.0826 0.8196 -0.5670
vn -0.0839 0.6307 0.7715
vn 0.0333 -0.8412 0.5397
vn -0.0000 -1.0000 -0.0005
vn 0.7638 0.6455 -0.0000
vn 0.0000 -1.0000 -0.0005
vn 0.0000 1.0000 -0.0000
vn 0.0338 0.9840 0.1749
vn 0.0136 0.9974 0.0706
vn 0.0394 0.9782 0.2038
vn 0.9948 0.0416 -0.0929
vn 0.9946 0.0509 -0.0903
vn 0.9946 0.0496 -0.0906
vn 0.9948 0.0413 -0.0930
vn 0.7376 0.6717 -0.0690
vn 0.7329 0.6771 -0.0669
vn 0.7029 0.7093 -0.0539
vn 0.6984 0.7138 -0.0520
vn 0.8034 0.5954 0.0042
vn 0.8048 0.5935 0.0042
vn 0.7208 0.6931 0.0007
vn 0.7189 0.6951 0.0006
vn -0.0002 1.0000 0.0011
vn -0.0000 1.0000 0.0011
vn 0.0000 1.0000 0.0011
vn 1.0000 -0.0003 0.0012
vn 1.0000 -0.0000 0.0012
vn -0.0000 -1.0000 0.0018
vn -0.0001 -1.0000 0.0018
vn 0.0000 -1.0000 0.0018
vn -1.0000 0.0000 0.0012
vn -0.0006 -1.0000 0.0010
vn 0.0000 -1.0000 0.0010
vn -0.0613 -0.9981 0.0020
vn -0.0619 -0.9981 0.0020
vn 0.0002 1.0000 0.0011
vn 0.0558 -0.9984 0.0012
vn 0.0563 -0.9984 0.0012
vn 0.0005 -1.0000 0.0019
vn 0.0000 -1.0000 0.0019
vn 0.0000 -0.4561 0.8899
vn 0.0000 -0.9999 -0.0118
vn -0.0000 0.4079 -0.9130
vn 0.0000 -0.4061 -0.9138
vn -1.0000 -0.0001 0.0012
vn -1.0000 -0.0052 0.0011
vn 1.0000 0.0000 0.0012
vn 0.0000 0.0000 -1.0000
vn 0.0000 -0.0000 -1.0000
vn -0.9624 -0.1423 -0.2313
vn -0.9904 -0.1191 -0.0705
vn -0.9911 -0.1141 -0.0681
vn -0.9932 -0.0433 -0.1078
vn 0.9910 -0.0550 -0.1216
vn 0.9941 -0.1049 -0.0276
vn 0.9948 -0.0980 -0.0272
vn 0.9981 -0.0476 -0.0390
vn 0.9990 -0.0112 -0.0441
vn 0.9988 0.0180 -0.0458
vn 0.9969 -0.0393 -0.0688
vn -0.9953 0.0968 -0.0024
vn -1.0000 -0.0025 0.0013
vn -0.9957 0.0923 -0.0025
vn -0.9550 -0.2965 -0.0083
vn -1.0000 0.0000 0.0014
vn -1.0000 -0.0000 0.0000
vn 1.0000 -0.0025 0.0013
vn 0.9927 -0.1204 -0.0026
vn 1.0000 0.0000 0.0014
vn 0.9957 0.0921 -0.0085
vn 0.9954 0.0955 -0.0085
vn 1.0000 0.0005 -0.0004
vn 1.0000 0.0009 -0.0010
vn 1.0000 0.0013 -0.0001
vn 1.0000 0.0024 0.0003
vn 1.0000 0.0024 0.0019
vn -0.0137 0.9999 -0.0086
vn -0.0001 0.9994 0.0349
vn 0.1384 0.0871 -0.9865
vn -1.0000 -0.0001 -0.0000
vn -0.9998 -0.0213 -0.0003
vn -0.9998 -0.0215 -0.0003
vn 1.0000 -0.0001 -0.0000
vn 0.9999 -0.0108 -0.0002
vn 0.9999 -0.0107 -0.0002
vn 1.0000 -0.0000 -0.0000
vn -0.7393 0.6661 -0.0985
vn -0.7245 0.6832 -0.0912
vn -0.7223 0.6857 -0.0901
vn -0.7418 0.6632 -0.0998
vn -0.9893 0.0590 -0.1331
vn -0.9315 0.3639 0.0002
vn -0.8234 0.5674 0.0079
vn -0.8025 0.5966 0.0091
vn -0.9999 0.0065 0.0101
vn -0.9999 -0.0000 0.0103
vn -0.7455 0.6664 0.0120
vn -0.7288 0.6846 0.0127
vn -0.7284 0.6850 0.0127
vn -0.7458 0.6660 0.0120
vn 0.0014 0.0047 -1.0000
vn 0.0000 0.0054 -1.0000
vn 0.0039 0.0015 -1.0000
vn 0.0025 0.0043 -1.0000
vn 0.0009 0.0047 -1.0000
vn -0.0000 0.0058 -1.0000
vn -0.0009 0.0047 -1.0000
vn -0.0025 0.0043 -1.0000
vn -0.0031 0.0018 -1.0000
vn -0.0040 0.0015 -1.0000
vn -0.0037 0.0054 -1.0000
vn -0.0020 0.0008 -1.0000
vn -0.0013 0.0047 -1.0000
vn -0.1731 -0.3373 0.9254
vn -0.1948 -0.2918 0.9364
vn -0.1712 -0.2665 0.9485
vn -0.1396 -0.3288 0.9340
vn -0.1479 -0.4090 0.9005
vn -0.2159 -0.3744 0.9018
vn -0.1359 -0.4176 0.8984
vn -0.1403 -0.4513 0.8813
vn -0.1611 -0.4966 0.8529
vn -0.1721 -0.6048 0.7776
vn -0.1788 -0.6403 0.7470
vn -0.2092 -0.7957 0.5684
vn -0.2022 -0.8116 0.5481
vn -0.1431 -0.7506 0.6451
vn -0.1695 -0.8035 0.5707
vn -0.1508 -0.6646 0.7318
vn -0.1161 -0.2448 0.9626
vn 0.1573 -0.7757 0.6112
vn 0.1460 -0.8272 0.5425
vn 0.1516 -0.8140 0.5608
vn 0.1549 -0.6053 0.7808
vn 0.1772 -0.6437 0.7444
vn 0.1626 -0.4940 0.8541
vn 0.1387 -0.4436 0.8854
vn 0.1342 -0.4178 0.8986
vn 0.1499 -0.4107 0.8994
vn 0.1392 -0.3294 0.9339
vn 0.1751 -0.3391 0.9243
vn 0.2282 -0.3734 0.8992
vn 0.1718 -0.2665 0.9484
vn 0.1955 -0.2917 0.9363
vn 0.0089 0.6057 0.7956
vn 0.1264 0.6381 0.7595
vn -0.1194 0.6692 0.7334
vn -0.1183 0.8488 0.5153
vn 0.1238 0.9627 0.2406
vn -0.1238 0.9627 0.2406
vn -0.1233 0.9509 0.2838
vn 0.1623 0.9054 0.3922
vn -0.1605 0.9055 0.3929
vn -0.0000 0.8851 0.4653
vn 0.0023 -1.0000 -0.0034
vn 0.0000 -0.9204 0.3910
vn 0.0004 -0.9799 0.1996
vn 0.0000 -0.9799 0.1995
vn 0.0000 -0.9391 -0.3436
vn -0.0000 -0.9204 0.3910
vn -0.0004 -0.9799 0.1995
vn -0.0000 -0.9391 -0.3436
vn -0.0000 -0.4061 -0.9138
vn 0.0000 -0.2297 -0.9733
vn 0.1341 -0.2217 -0.9659
vn -0.1341 -0.2217 -0.9659
vn 0.0000 -1.0000 0.0026
vn 0.0247 -0.9997 0.0017
vn 0.0009 -1.0000 0.0026
vn -0.0248 -0.9997 0.0017
vn -0.0000 -1.0000 0.0026
vn -0.0009 -1.0000 0.0026
vn -0.0010 -0.4032 0.9151
vn 0.0000 -0.3936 0.9193
vn -0.0007 -0.3947 0.9188
vn -0.0011 -0.4037 0.9149
vn -0.0009 -0.4103 0.9119
vn 0.2001 0.9794 0.0252
vn 0.1581 0.9870 0.0292
vn -0.0018 0.9996 0.0292
vn 0.0000 0.9997 0.0255
vn -0.8783 -0.4755 -0.0511
vn -0.8335 -0.5474 -0.0754
vn -0.8278 -0.5555 -0.0782
vn 0.0011 -0.0035 -1.0000
vn 0.0000 -0.0020 -1.0000
vn 0.8398 0.5428 -0.0000
vn 0.9240 0.3824 -0.0000
vn -0.8398 0.5428 -0.0000
vn -0.7281 0.6855 -0.0000
vn 0.0477 -0.1509 0.9874
vn 0.0000 0.0000 1.0000
vn 0.0456 -0.2331 0.9714
vn 0.0734 -0.9119 0.4039
vn 0.1900 -0.9286 0.3187
vn 0.1898 -0.9281 0.3204
vn 0.0417 -0.9770 0.2092
vn 0.1372 -0.7867 0.6019
vn 0.1087 -0.8255 0.5538
vn 0.0001 -0.8584 0.5130
vn 0.3126 -0.7034 0.6384
vn 0.1408 -0.6953 0.7048
vn 0.1516 -0.6947 0.7031
vn 0.1720 -0.6132 0.7710
vn 1.0000 0.0006 -0.0001
vn 1.0000 0.0004 -0.0004
vn 1.0000 0.0005 -0.0003
vn 1.0000 0.0007 -0.0000
vn -0.9799 -0.1993 -0.0013
vn -0.9906 -0.1363 0.0085
vn -0.9780 -0.2084 0.0000
vn -0.9956 -0.0936 0.0028
vn -0.9981 0.0022 0.0623
vn -0.9983 0.0000 0.0579
vn 1.0000 -0.0006 -0.0000
vn 1.0000 -0.0007 0.0000
vn 1.0000 -0.0002 -0.0001
vn 0.0006 -0.9599 0.2805
vn 0.0000 -0.9598 0.2807
vn -0.0000 -0.9600 0.2800
vn 0.9975 0.0000 0.0712
vn 0.0080 -0.4504 0.8928
vn -0.0079 -0.4730 0.8810
vn -0.0027 1.0000 -0.0002
vn -0.0028 1.0000 -0.0002
vn 0.0028 1.0000 -0.0000
vn -0.0000 0.0000 1.0000
vn -0.0000 -0.0000 1.0000
vn 0.0028 1.0000 -0.0001
vn 0.0029 1.0000 -0.0001
vn 0.0000 -0.3920 0.9200
vn 0.0000 -0.3881 0.9216
vn 0.0000 -0.4091 0.9125
vn -0.0000 -0.0000 -1.0000
vn -1.0000 0.0076 -0.0000
vn -1.0000 0.0063 -0.0007
vn -0.9998 0.0208 -0.0011
vn -0.9998 0.0170 -0.0033
vn 1.0000 0.0076 0.0000
vn 0.9997 0.0227 -0.0000
vn 0.8370 -0.5406 -0.0849
vn 0.8439 -0.5303 -0.0814
vn 0.8955 -0.4421 -0.0513
vn 0.9026 -0.4280 -0.0466
vn 0.9789 0.2038 0.0162
vn 0.9827 0.1851 0.0082
vn 0.9780 0.2079 0.0180
vn 0.9832 0.1823 0.0070
vn 0.6302 0.7760 0.0244
vn 0.5965 0.8020 0.0308
vn 0.5989 0.8002 0.0303
vn 0.6326 0.7741 0.0239
vn -0.2003 0.9794 0.0252
vn -0.1615 0.9864 0.0289
vn -0.6398 0.7682 0.0225
vn -0.5994 0.7999 0.0303
vn -0.6370 0.7705 0.0231
vn -0.5965 0.8020 0.0308
vn -0.9832 0.1823 0.0070
vn -0.9771 0.2120 0.0197
vn -0.9825 0.1862 0.0087
vn -0.9758 0.2176 0.0222
vn -0.8845 -0.4641 -0.0473
vn 0.8944 -0.4473 -0.0001
vn 0.9080 -0.4190 -0.0011
vn 0.9011 -0.4336 -0.0006
vn 0.8717 -0.4900 -0.0033
vn 0.8055 -0.5926 -0.0006
vn 0.8169 -0.5764 -0.0210
vn 0.7073 -0.7069 -0.0068
vn 0.7250 -0.6888 0.0006
vn 0.5910 -0.8067 0.0032
vn 0.6354 -0.7722 0.0000
vn 0.7071 -0.7071 -0.0064
vn 0.7029 -0.7110 -0.0201
vn 0.3881 -0.9216 -0.0116
vn 0.3644 -0.9313 0.0000
vn -0.3644 -0.9313 0.0000
vn -0.3881 -0.9216 -0.0116
vn -0.7071 -0.7071 -0.0064
vn -0.7029 -0.7110 -0.0201
vn -0.8714 -0.4907 -0.0030
vn -0.7363 -0.6766 -0.0026
vn -0.8777 -0.4791 -0.0030
vn -0.9082 -0.4186 -0.0001
vn -0.8528 -0.5223 -0.0013
vn -0.7190 -0.6950 0.0021
vn -0.5910 -0.8067 0.0032
vn -0.6354 -0.7722 0.0000
vn 0.9780 -0.2084 0.0000
vn 0.9838 -0.1793 -0.0052
vn 0.9799 -0.1995 -0.0013
vn 0.9919 -0.1257 -0.0169
vn 0.9625 -0.2653 -0.0561
vn 0.9535 -0.2948 -0.0636
vn -0.0050 0.7560 -0.6546
vn -0.0119 0.7514 -0.6598
vn -0.0060 0.7554 -0.6553
vn 0.0000 0.7593 -0.6508
vn -0.9997 0.0242 0.0053
vn -0.9995 0.0314 0.0059
vn -0.9811 0.1905 0.0348
vn -0.9603 0.2740 0.0529
vn -0.7217 0.6870 0.0842
vn -0.8589 0.5021 0.1013
vn -0.6564 0.7417 0.1377
vn -0.2613 0.9632 0.0626
vn -0.2618 0.8872 0.3800
vn -0.3372 0.8527 0.3990
vn -0.4392 0.7937 0.4210
vn -0.5339 0.7240 0.4367
vn 0.3424 0.8536 0.3926
vn 0.5771 0.7761 0.2542
vn 0.5429 0.7191 0.4337
vn 0.6547 0.7194 0.2321
vn 0.7202 0.6882 0.0872
vn 0.2656 0.9615 0.0704
vn 0.9600 0.2749 0.0531
vn 0.9812 0.1901 0.0343
vn 0.9995 0.0307 0.0056
vn 0.9997 0.0228 0.0046
vn -0.0009 -1.0000 0.0014
vn -0.0027 -1.0000 0.0010
vn 0.0009 -1.0000 0.0014
vn 0.0027 -1.0000 0.0010
vn 0.6040 0.7970 0.0001
vn 0.5426 0.8400 0.0021
vn 0.5436 0.8393 0.0020
vn 0.6049 0.7963 0.0000
vn 0.9410 0.3385 -0.0011
vn 0.9409 0.3387 -0.0011
vn 0.9851 0.1721 -0.0000
vn 0.9811 0.1935 0.0015
vn 1.0000 0.0082 0.0034
vn 0.9938 -0.1116 0.0032
vn 0.9858 -0.1679 0.0010
vn 0.9687 -0.2482 0.0026
vn 0.0018 -0.0031 -1.0000
vn 0.0045 -0.0039 -1.0000
vn 0.3720 0.9282 -0.0000
vn 0.8398 0.5428 0.0000
vn 0.7281 0.6855 0.0000
vn 0.2634 0.9647 0.0000
vn 0.2634 0.9647 -0.0000
vn -0.2634 0.9647 -0.0000
vn -0.9240 0.3824 -0.0000
vn -0.3720 0.9282 -0.0000
vn 0.8971 0.4419 -0.0000
vn 0.8944 -0.4472 -0.0000
vn -0.8971 0.4418 -0.0000
vn -0.8944 -0.4472 -0.0000
vn -0.6077 0.7942 -0.0001
vn -0.7040 0.7102 0.0010
vn -0.5426 0.8400 0.0021
vn -0.6140 0.7893 -0.0001
vn -0.8311 0.5561 -0.0008
vn -0.8344 0.5512 -0.0000
vn -0.9998 0.0162 -0.0076
vn -0.9996 0.0208 -0.0182
vn -0.9374 0.3483 0.0033
vn -0.9871 0.1598 0.0030
vn -0.9926 -0.1212 0.0013
vn -0.9999 0.0138 0.0023
vn -0.9856 -0.1688 0.0001
vn -0.9767 -0.2144 0.0004
vn -0.9780 -0.2084 -0.0000
vn 0.0000 -0.7156 -0.6985
vn -0.0029 -1.0000 0.0004
vn -0.0002 -1.0000 -0.0002
vn -0.0001 -1.0000 -0.0002
vn -0.0006 -1.0000 0.0009
vn 0.0000 -0.7317 -0.6817
vn -0.0001 -0.9730 0.2310
vn -0.0420 -0.9772 0.2082
vn -0.0719 -0.9119 0.4042
vn -0.1880 -0.9285 0.3203
vn -0.1880 -0.9284 0.3204
vn 0.0000 -0.8933 0.4495
vn -0.2273 -0.4167 0.8802
vn -0.2193 -0.5537 0.8033
vn -0.3627 -0.5742 0.7340
vn -0.0458 -0.2309 0.9719
vn 0.0217 -0.4330 0.9011
vn -0.0475 -0.1518 0.9873
vn 0.0493 -0.4553 0.8890
vn 0.2269 -0.4200 0.8787
vn -0.0215 -0.4331 0.9011
vn -0.0493 -0.4553 0.8890
vn 0.2216 -0.5584 0.7994
vn 0.3658 -0.5791 0.7286
vn 0.0001 -0.9730 0.2310
vn 0.0009 -0.7333 -0.6799
vn 0.0017 -0.7328 -0.6804
vn 0.0000 -0.7339 -0.6792
vn 0.0034 -0.7317 -0.6817
vn 0.0001 -1.0000 -0.0001
vn 0.0047 -1.0000 0.0000
vn 0.0046 -1.0000 -0.0000
vn 0.1076 -0.9942 -0.0000
vn 0.9023 -0.4311 -0.0000
vn 0.7870 -0.6170 -0.0000
vn 0.4531 -0.8914 -0.0000
vn 0.0004 -1.0000 -0.0000
vn -0.4528 -0.8916 -0.0000
vn -0.7877 -0.6161 -0.0000
vn -0.9033 -0.4291 -0.0000
vn -0.1076 -0.9942 -0.0000
vn -0.3472 -0.2323 0.9086
vn -0.3215 -0.2117 0.9229
vn -0.3249 -0.2084 0.9225
vn -0.3663 -0.2380 0.8996
vn -0.3587 -0.3030 0.8829
vn -0.3655 -0.3249 0.8723
vn -0.2394 -0.4122 0.8791
vn -0.1826 -0.4445 0.8769
vn -0.1752 -0.3318 0.9269
vn -0.1709 -0.6008 0.7809
vn -0.1722 -0.6131 0.7710
vn -0.1517 -0.6949 0.7030
vn -0.1409 -0.6955 0.7046
vn -0.1374 -0.7868 0.6017
vn -0.0288 -0.6513 0.7583
vn -0.2412 -0.6909 0.6815
vn -0.3181 -0.7009 0.6384
vn -0.1086 -0.8257 0.5536
vn 0.0007 -0.8584 0.5130
vn 0.2399 -0.6912 0.6817
vn 0.0284 -0.6511 0.7584
vn 0.1707 -0.6008 0.7810
vn 0.1825 -0.4448 0.8768
vn 0.2394 -0.4122 0.8791
vn 0.3453 -0.2329 0.9091
vn 0.3242 -0.2092 0.9226
vn 0.3215 -0.2117 0.9229
vn 0.0000 0.3017 -0.9534
vn 0.0000 0.2285 -0.9736
vn 0.0035 0.2420 -0.9703
vn 0.0136 0.1736 -0.9847
vn 0.0055 0.2165 -0.9763
vn 0.0083 0.2454 -0.9694
vn 0.0259 0.2323 -0.9723
vn 0.0196 0.3257 -0.9453
vn 0.0000 0.2811 -0.9597
vn 1.0000 0.0001 -0.0001
vn 1.0000 0.0007 -0.0001
vn 0.0000 -0.4673 0.8841
vn 0.0000 -0.4728 0.8812
vn -0.0054 -0.4683 0.8836
vn 0.0000 -0.4614 0.8872
vn 0.0054 -0.4683 0.8836
vn 0.0020 1.0000 -0.0021
vn -0.0016 1.0000 -0.0074
vn 0.0011 1.0000 -0.0082
vn -0.0011 1.0000 -0.0082
vn 0.0016 1.0000 -0.0074
vn -0.0020 1.0000 -0.0021
vn -0.9633 -0.2626 -0.0554
vn -0.9545 -0.2915 -0.0627
vn 0.3579 -0.3033 0.8831
vn 0.1752 -0.3318 0.9269
vn 0.3652 -0.3250 0.8723
vn 0.3644 -0.2389 0.9001
vn -0.0083 0.9999 -0.0063
vn -0.0007 1.0000 -0.0000
vn 0.0083 0.9999 -0.0063
vn 0.0007 1.0000 -0.0000
vn -0.0006 -0.9599 0.2805
vn -0.0025 -0.9600 0.2799
vn 0.0025 -0.9600 0.2799
vn 0.9807 -0.1957 0.0000
vn 0.9814 -0.1919 -0.0000
vn 0.9234 -0.3838 0.0000
vn 0.9925 0.0000 -0.1225
vn 0.9573 0.0000 -0.2891
vn 0.9390 0.0000 -0.3439
vn 0.7638 0.0000 -0.6455
vn 0.3905 0.0000 -0.9206
vn 0.3872 -0.0038 -0.9220
vn 0.1552 -0.0247 -0.9876
vn 0.1584 -0.0162 -0.9872
vn 0.1687 -0.0009 -0.9857
vn 0.1705 0.0000 -0.9854
vn -0.9925 -0.0000 -0.1225
vn -0.9390 -0.0000 -0.3439
vn -0.9573 -0.0000 -0.2891
vn -0.7638 -0.0000 -0.6455
vn -0.7638 0.0000 -0.6455
vn -0.3867 -0.0035 -0.9222
vn -0.3906 0.0000 -0.9206
vn -0.1705 0.0000 -0.9854
vn -0.1682 -0.0012 -0.9858
vn -0.1574 -0.0138 -0.9874
vn -0.1552 -0.0198 -0.9877
vn -0.0000 -1.0000 -0.0000
vn 0.0043 -0.7258 -0.6879
vn 0.0000 -0.7006 -0.7136
vn 0.0081 -0.7059 -0.7083
vn 0.0127 -0.7189 -0.6950
vn -0.0127 -0.7189 -0.6950
vn -0.0043 -0.7258 -0.6879
vn -0.0081 -0.7059 -0.7083
vn 0.4961 -0.8682 -0.0000
vn 0.4961 -0.8682 0.0000
vn -0.5029 -0.8643 -0.0000
vn -0.9796 -0.2011 -0.0000
vn -0.9191 -0.3939 -0.0000
vn -0.9804 -0.1972 -0.0000
vn 0.9978 -0.0258 -0.0614
vn 0.9881 -0.1295 -0.0825
vn 0.9760 -0.2031 -0.0790
vn 0.9985 -0.0012 -0.0554
vn 0.9991 -0.0221 -0.0370
vn 0.9993 -0.0044 -0.0361
vn 0.9988 0.0051 -0.0487
vn 0.0601 0.9981 -0.0102
vn 0.1646 0.9863 -0.0129
vn 0.0845 0.9964 -0.0075
vn 0.0010 1.0000 -0.0064
vn -0.0121 0.9999 -0.0072
vn 0.0087 0.9999 -0.0065
vn -0.0068 0.9999 -0.0099
vn 0.0334 0.9994 -0.0123
vn -0.0128 0.9995 -0.0299
vn 0.0111 0.9999 0.0023
vn 0.1743 -0.1992 -0.9643
vn 0.1870 0.0427 -0.9814
vn 0.1980 0.1211 -0.9727
vn 0.1710 0.1498 -0.9738
vn 0.8290 -0.4900 -0.2695
vn 0.8262 -0.4939 -0.2708
vn 0.8256 -0.4949 -0.2711
vn 0.8292 -0.4898 -0.2694
vn 0.9992 0.0330 -0.0212
vn 0.9982 -0.0401 -0.0436
vn 0.9976 -0.0515 -0.0471
vn 0.2559 -0.4317 0.8649
vn 0.2162 -0.5020 0.8374
vn 0.1876 -0.5488 0.8147
vn 0.9989 0.0428 -0.0182
vn 0.2910 0.3280 0.8987
vn 0.1036 0.5742 0.8121
vn 0.3079 0.1742 0.9353
vn 0.6346 0.7045 0.3178
vn 0.7321 0.6178 0.2869
vn 0.7383 0.6115 0.2846
vn 0.4241 -0.0161 0.9055
vn 0.1656 0.9844 0.0589
vn 0.3496 0.9312 -0.1033
vn 0.2713 0.9620 -0.0326
vn 0.6134 0.7205 0.3233
vn 0.4918 -0.2736 0.8266
vn 0.9975 0.0695 0.0095
vn 0.9972 0.0741 0.0046
vn 0.9897 0.1434 0.0033
vn 0.9998 0.0184 0.0094
vn 0.5462 0.8353 -0.0628
vn 0.5647 0.8143 0.1343
vn 0.5831 0.7842 -0.2122
vn 0.9768 0.1428 -0.1595
vn 0.9520 -0.0069 -0.3060
vn 0.9746 -0.0909 -0.2045
vn 0.9639 0.2662 -0.0027
vn 0.9971 0.0724 -0.0243
vn 0.4171 0.2218 -0.8814
vn 0.4020 0.2052 -0.8923
vn 0.4298 0.2061 -0.8791
vn 0.9408 0.2803 -0.1907
vn 0.3665 0.2164 -0.9049
vn 0.9305 0.3628 -0.0505
vn 0.3777 0.1354 -0.9160
vn 0.2243 -0.0467 -0.9734
vn 0.9412 0.3336 -0.0526
vn 0.5456 0.2030 -0.8131
vn 0.9739 0.2256 0.0231
vn 0.5499 0.2217 -0.8053
vn 0.9825 -0.0377 -0.1824
vn -0.9999 0.0025 0.0100
vn -0.9999 0.0024 0.0105
vn -1.0000 0.0023 0.0070
vn 0.4745 -0.1011 -0.8745
vn 0.4486 -0.0916 -0.8890
vn 0.3850 -0.1520 -0.9103
vn 0.4950 0.0498 -0.8675
vn 0.9628 -0.0392 -0.2675
vn 0.9876 -0.0047 -0.1568
vn 0.9641 0.0151 -0.2650
vn 0.5046 0.0414 -0.8623
vn 0.9857 0.0295 -0.1658
vn 0.9979 0.0085 -0.0648
vn 0.9983 0.0182 -0.0550
vn 0.4797 0.1425 -0.8658
vn 0.9624 0.0501 -0.2671
vn 0.9994 -0.0099 -0.0330
vn 1.0000 0.0061 0.0072
vn 0.9844 0.0346 -0.1726
vn 0.9585 0.0601 -0.2786
vn 0.9629 0.2202 -0.1558
vn 0.9274 0.2370 -0.2893
vn 0.9976 0.0574 0.0387
vn 0.9970 -0.0358 0.0685
vn 0.9980 -0.0067 0.0630
vn 0.9927 -0.0163 0.1197
vn 0.9899 -0.0361 0.1373
vn 0.9932 -0.0237 0.1141
vn 0.9618 -0.0625 0.2666
vn 0.9645 -0.1073 0.2412
vn 0.9623 -0.0262 0.2709
vn 0.9933 -0.0236 0.1130
vn 0.9187 -0.1370 0.3705
vn 0.9584 0.0427 0.2822
vn 0.9811 0.0235 0.1921
vn 0.9825 0.0629 0.1755
vn 0.9454 0.1218 0.3024
vn 0.9129 -0.0891 0.3984
vn 0.9180 -0.0311 0.3953
vn 0.9318 0.1304 0.3389
vn 0.9264 0.0197 0.3761
vn 0.2376 -0.2104 0.9483
vn 0.4802 -0.2005 0.8539
vn 0.4468 -0.0774 0.8913
vn 0.2211 -0.0715 0.9726
vn 0.4148 0.0690 0.9073
vn 0.2392 -0.3413 0.9090
vn 0.4755 -0.3256 0.8172
vn -0.2435 -0.0694 0.9674
vn 0.2039 0.0680 0.9766
vn 0.2147 0.1348 0.9673
vn 0.4244 0.1460 0.8936
vn -0.2520 -0.2098 0.9447
vn -0.2224 0.0629 0.9729
vn -0.2294 0.1341 0.9641
vn -0.4708 -0.0711 0.8794
vn -0.4361 0.0586 0.8980
vn -0.1454 0.7283 0.6696
vn 0.1372 0.7292 0.6704
vn 0.1760 0.4787 0.8602
vn 0.2919 0.5654 0.7714
vn -0.4501 0.1434 0.8814
vn 0.3143 0.3620 0.8776
vn 0.9257 0.2250 0.3039
vn 0.9167 0.2114 0.3390
vn -0.2023 0.4918 0.8469
vn -0.2206 0.1921 0.9563
vn -0.3245 0.6505 0.6867
vn -0.3957 0.4182 0.8177
vn -0.4396 0.2438 0.8645
vn -0.9206 0.1578 0.3573
vn -0.9013 0.2261 0.3695
vn -0.9633 0.0756 0.2576
vn -0.9037 0.1868 0.3853
vn -0.9531 0.1588 0.2576
vn -0.9638 0.0179 0.2662
vn -0.9204 0.0183 0.3906
vn -0.9986 0.0072 0.0516
vn -0.9605 -0.0293 0.2768
vn -0.9115 -0.0405 0.4094
vn -0.9989 -0.0085 0.0471
vn -0.9888 -0.0084 -0.1488
vn -0.9090 -0.0877 0.4075
vn -0.4850 -0.1970 0.8520
vn -0.9586 -0.0625 0.2778
vn -0.2483 -0.3387 0.9075
vn -0.9127 -0.1440 0.3824
vn -0.4755 -0.3213 0.8189
vn 0.2377 -0.3888 0.8901
vn -0.2430 -0.3872 0.8894
vn -0.9590 -0.1078 0.2622
vn 0.4445 -0.3493 0.8249
vn 0.9317 -0.1495 0.3309
vn -0.9984 -0.0158 0.0548
vn -0.9180 -0.1590 0.3634
vn -0.4535 -0.3472 0.8208
vn -0.9574 -0.0932 0.2735
vn -0.9879 0.0191 -0.1537
vn -0.9989 0.0055 0.0459
vn -0.9872 0.0349 -0.1556
vn -0.9613 0.0134 -0.2753
vn -0.9622 0.0482 -0.2682
vn -0.9564 -0.0334 -0.2902
vn -0.4535 -0.0721 -0.8883
vn -0.4518 -0.0672 -0.8896
vn -0.4722 0.0567 -0.8797
vn -0.4805 0.0645 -0.8746
vn -0.5014 0.1435 -0.8533
vn -0.5064 0.1472 -0.8497
vn -0.5219 0.1744 -0.8350
vn -0.9591 0.0592 -0.2770
vn -0.5223 0.1755 -0.8345
vn -0.9862 0.0279 -0.1632
vn -0.4793 0.2012 -0.8543
vn -0.9600 0.0519 -0.2752
vn -0.4913 0.1961 -0.8486
vn -0.9892 0.0161 -0.1456
vn -0.9652 0.0130 -0.2612
vn -0.9886 -0.0057 -0.1504
vn -0.9544 -0.0423 -0.2955
vn -0.9994 -0.0058 0.0345
vn -0.9986 0.0021 0.0528
vn -0.9680 0.0273 0.2496
vn -0.9718 0.0687 0.2255
vn -0.9757 0.0117 0.2188
vn -0.8937 -0.0786 0.4418
vn -0.9468 0.0362 0.3199
vn -0.9290 -0.0364 0.3683
vn -0.4448 -0.1620 0.8808
vn -0.4487 -0.1501 0.8810
vn -0.3447 -0.4137 0.8426
vn -0.4095 0.0909 0.9078
vn -0.6164 0.0292 0.7869
vn -0.4041 0.1172 0.9072
vn -0.4713 0.3513 0.8090
vn -0.4894 0.3869 0.7815
vn -0.9419 0.1284 0.3103
vn -0.9204 0.1513 0.3605
vn -0.9183 0.0748 0.3887
vn -0.4865 0.3783 0.7875
vn -0.3669 0.0594 0.9284
vn -0.4552 0.1064 0.8840
vn -0.4252 -0.1644 0.8900
vn -0.2381 -0.2194 0.9461
vn 0.0000 -0.2356 0.9719
vn 0.2349 -0.2197 0.9469
vn 0.4212 -0.1675 0.8914
vn 0.3612 0.0674 0.9300
vn 0.9035 -0.0784 0.4213
vn 0.9812 -0.0666 0.1812
vn 0.9625 0.0366 0.2687
vn 0.4607 0.1181 0.8797
vn 0.9279 0.0477 0.3699
vn 0.4428 0.3981 0.8034
vn 0.9659 0.0887 0.2432
vn 0.9280 0.1924 0.3191
vn 0.9630 0.1124 0.2448
vn 0.9246 0.1336 0.3567
vn 0.4153 0.0876 0.9055
vn 0.4130 0.3846 0.8255
vn 0.4073 0.3566 0.8408
vn 0.4167 0.1287 0.8999
vn 0.9688 0.0087 0.2478
vn 0.9317 0.0167 0.3629
vn 0.5769 0.0185 0.8166
vn 0.4911 -0.1777 0.8528
vn 0.5209 -0.1736 0.8358
vn 0.4052 -0.4489 0.7964
vn 0.9346 -0.0551 0.3515
vn 0.9754 -0.0481 0.2154
vn 0.9975 -0.0217 0.0667
vn 0.9978 -0.0305 0.0594
vn 0.9963 -0.0272 0.0821
vn 0.9995 -0.0293 0.0089
vn 0.9996 -0.0148 -0.0229
vn 0.9929 -0.0953 0.0714
vn 0.9951 0.0412 0.0898
vn 0.9921 -0.1045 -0.0696
vn 0.9750 -0.2218 -0.0124
vn 0.9905 -0.1239 0.0598
vn 0.9972 0.0030 0.0752
vn 0.9998 -0.0194 0.0069
vn 0.9972 0.0295 0.0688
vn 0.9837 0.1794 -0.0159
vn 0.9959 0.0700 0.0565
vn 0.9776 0.2072 0.0365
vn 0.9985 -0.0487 0.0262
vn 0.9930 0.0292 0.1147
vn 0.9978 0.0662 -0.0080
vn 0.9638 0.0941 -0.2495
vn 0.9248 0.1932 -0.3277
vn -1.0000 0.0025 0.0072
vn -1.0000 0.0002 0.0007
vn 0.4807 0.1454 -0.8648
vn 0.5202 0.1798 -0.8349
vn 0.5292 0.1777 -0.8297
vn 0.4461 0.1982 -0.8728
vn 0.4818 0.1965 -0.8540
vn -0.3505 0.2369 -0.9061
vn -0.3106 0.2194 -0.9249
vn -0.2093 0.2200 -0.9528
vn -0.1940 0.2265 -0.9545
vn -0.4957 0.3970 0.7724
vn 0.0001 -0.1097 0.9940
vn 0.4371 0.4138 0.7986
vn 0.6809 0.1789 -0.7102
vn 0.9987 -0.0032 -0.0518
vn 0.9991 0.0019 -0.0419
vn 0.9994 0.0053 -0.0348
vn 0.0203 0.9998 -0.0046
vn 0.0087 0.9999 -0.0071
vn -0.0172 0.9998 -0.0081
vn -0.0116 0.9999 -0.0043
vn 0.0002 1.0000 -0.0066
vn -0.0105 0.9999 -0.0070
vn 0.0081 1.0000 -0.0038
vn 0.5779 0.1610 -0.8000
vn 0.5931 0.1105 -0.7975
vn 0.5942 0.1106 -0.7967
vn 0.5282 0.1657 -0.8328
vn 0.2396 0.0038 -0.9709
vn 0.2076 -0.0018 -0.9782
vn 0.1744 -0.1352 -0.9754
vn 0.1712 -0.1369 -0.9757
vn 0.1677 -0.8800 -0.4443
vn 0.1580 -0.7417 -0.6518
vn 0.1349 -0.7604 -0.6353
vn 0.1724 -0.8664 -0.4687
vn 0.1779 -0.9581 -0.2244
vn 0.1866 -0.9580 -0.2176
vn 0.4146 -0.0297 -0.9095
vn 0.1325 -0.4971 -0.8575
vn 0.1532 -0.5363 -0.8300
vn 0.1157 -0.2315 -0.9659
vn 0.7324 0.4603 -0.5017
vn 0.6980 0.4063 -0.5896
vn 0.7302 0.4489 -0.5151
vn 0.6554 0.3845 -0.6501
vn 0.5959 0.3855 -0.7045
vn 0.5686 0.4078 -0.7144
vn 0.9909 0.1329 0.0200
vn 0.9946 0.1028 -0.0132
vn 0.9933 0.1158 0.0011
vn 0.2751 -0.5835 -0.7641
vn 0.2981 -0.6499 -0.6991
vn 0.2529 -0.5212 -0.8151
vn 0.2201 -0.4308 -0.8752
vn 0.9869 0.1550 0.0446
vn 0.3597 -0.2929 0.8859
vn 0.3990 -0.3394 0.8519
vn 0.4233 -0.3684 0.8277
vn 0.4687 -0.4235 0.7753
vn 0.2715 -0.9624 0.0014
vn 0.2332 -0.7994 0.5536
vn 0.2832 -0.3795 0.8808
vn 0.2739 0.3530 -0.8947
vn 0.2806 0.3433 -0.8963
vn 0.2945 0.3229 -0.8994
vn 0.2611 0.3711 -0.8911
vn 0.4701 0.8554 -0.2175
vn 0.5288 -0.2892 0.7979
vn 0.5049 0.4432 -0.7407
vn 0.5521 0.4033 -0.7297
vn 0.4690 0.4714 -0.7469
vn 0.5858 0.3727 -0.7197
vn 0.4908 0.2662 0.8296
vn 0.4692 0.2377 0.8505
vn 0.4992 0.2774 0.8209
vn 0.5356 0.7701 -0.3465
vn 0.5262 0.3143 0.7902
vn 0.5357 0.7612 0.3657
vn 0.5395 0.7410 0.3999
vn 0.5143 0.7384 0.4362
vn 0.4676 0.7840 0.4083
vn 0.9612 -0.0587 -0.2696
vn 0.9825 -0.0273 -0.1844
vn 0.9961 0.0756 -0.0463
vn 0.9943 0.0970 -0.0434
vn 0.9946 0.0930 -0.0458
vn 0.9980 -0.0164 -0.0615
vn 0.9980 -0.0058 -0.0628
vn 0.9957 -0.0139 0.0920
vn 0.9913 -0.0146 0.1309
vn 0.9341 0.2274 0.2751
vn 0.9683 0.1534 0.1971
vn 0.3371 0.1859 0.9229
vn 0.1809 0.1659 0.9694
vn -0.9347 0.2777 0.2221
vn -0.9988 0.0390 0.0309
vn -0.9818 -0.0281 -0.1877
vn -0.9514 -0.0458 -0.3046
vn -0.4264 -0.1222 -0.8963
vn 0.9949 -0.0139 -0.0997
vn 0.9862 -0.1252 -0.1088
vn 0.9435 -0.3226 -0.0754
vn 0.9413 -0.3340 -0.0482
vn 0.3463 -0.1307 -0.9290
vn -0.4135 -0.1143 -0.9033
vn 0.0000 0.8297 -0.5582
vn 0.0000 0.9815 0.1914
vn 0.0000 0.9609 0.2768
vn 0.0000 0.9929 -0.1188
vn 0.0000 -0.6165 -0.7874
vn 0.0000 -0.4954 -0.8686
vn 0.0000 0.7350 0.6781
vn 0.0000 0.7280 0.6855
vn 0.0000 0.8248 0.5654
vn 0.0000 0.9791 -0.2032
vn 0.0000 0.9970 -0.0771
vn 0.0000 0.1961 -0.9806
vn 0.0000 -0.3811 -0.9245
vn 0.0000 -0.8003 -0.5996
vn 0.0000 -0.9803 -0.1976
vn 0.7497 0.0000 -0.6618
vn 0.9732 0.0000 -0.2298
vn 0.5547 0.0000 -0.8321
vn 0.0000 -0.7091 -0.7051
vn 0.0000 -0.7828 -0.6223
vn 0.0000 -0.8635 -0.5043
vn 0.0000 -0.7770 0.6295
vn 0.5459 0.5767 -0.6078
vn 0.5669 0.5724 -0.5924
vn 0.5734 0.5710 -0.5874
vn 0.5411 0.5776 -0.6112
vn 0.0000 0.9668 -0.2556
vn 0.0000 0.8693 -0.4943
vn 0.0000 0.1888 -0.9820
vn 0.0000 0.4261 -0.9047
vn 0.0000 -0.3458 -0.9383
vn 0.0000 -0.2930 -0.9561
vn 0.0000 0.7770 0.6295
vn -0.0000 0.3038 0.9527
vn 0.0000 0.3038 0.9527
vn -0.0000 -0.3024 0.9532
vn 0.0000 -0.3024 0.9532
vn 0.0000 0.9903 0.1392
vn -0.0000 0.9903 0.1392
vn -0.0000 0.9754 -0.2205
vn -0.0000 -0.0626 0.9980
vn 0.0000 -0.0626 0.9980
vn 0.0000 -0.4464 -0.8948
vn 0.0000 -0.9102 0.4142
vn -0.0000 -0.9964 0.0853
vn 0.0000 -0.7024 -0.7118
vn 0.0000 0.1389 -0.9903
vn -0.0000 0.1389 -0.9903
vn -0.0000 0.9028 -0.4302
vn 0.0000 0.9027 -0.4302
vn 0.0000 0.9754 -0.2205
vn -0.0000 0.9613 0.2757
vn -0.0000 0.4462 0.8950
vn -0.0000 0.6385 0.7696
vn -0.0000 0.2303 0.9731
vn 0.0000 0.2302 0.9731
vn 0.0007 -0.0865 -0.9962
vn 0.0013 -0.0860 -0.9963
vn -0.0005 -0.0856 -0.9963
vn -0.0004 -0.0834 -0.9965
vn 0.0000 -0.9992 0.0403
vn -0.0000 0.0050 1.0000
vn -0.0002 0.0050 1.0000
vn -0.0001 0.0050 1.0000
vn 0.0000 0.0051 1.0000
vn -0.0010 0.0879 0.9961
vn 0.0014 0.0868 0.9962
vn -0.0022 0.0877 0.9961
vn -0.0000 0.0866 0.9962
vn 0.0011 0.0866 0.9962
vn -0.0002 0.0873 0.9962
vn -0.0007 0.0881 0.9961
vn -0.0019 -0.0876 -0.9962
vn 0.0000 -0.0876 -0.9962
vn -0.0011 -0.0831 -0.9965
vn -0.0002 -0.0829 -0.9966
vn 0.0000 -0.0830 -0.9965
vn 0.0000 -0.8703 -0.4926
vn 0.0178 0.9959 -0.0889
vn 0.0191 0.9958 -0.0892
vn 0.2604 0.9621 -0.0813
vn 0.2468 0.9657 -0.0805
vn 0.6813 0.7303 -0.0502
vn 0.7134 0.6990 -0.0494
vn 0.8398 0.5422 -0.0287
vn 0.8970 0.4413 -0.0261
vn 0.8999 -0.4341 0.0426
vn 0.9589 -0.2810 0.0395
vn 0.9569 -0.2876 0.0396
vn 0.8971 -0.4398 0.0427
vn 0.4570 -0.8859 0.0794
vn 0.4801 -0.8735 0.0800
vn 0.2534 -0.9637 0.0841
vn 0.2400 -0.9668 0.0876
vn 0.0146 -0.9962 0.0861
vn 0.0133 -0.9957 0.0916
vn 0.0210 -0.9965 0.0804
vn 0.0325 -0.9959 0.0846
vn 0.0000 0.8326 -0.5538
vn 0.0000 0.1954 -0.9807
vn 0.0000 -0.9806 -0.1961
vn 0.0000 -0.8309 0.5564
vn -0.0000 0.5538 0.8326
vn 0.0000 0.5538 0.8326
vn -0.0000 0.9807 0.1954
vn 0.0000 0.9807 0.1954
vn 0.0000 -0.5564 -0.8309
vn 0.0000 -0.1961 0.9806
vn -0.0040 0.9998 -0.0209
vn -0.1029 0.9945 -0.0189
vn -0.1147 0.9933 -0.0140
vn 0.1314 0.4840 0.8651
vn 0.0072 0.4838 0.8752
vn 0.0078 0.4823 0.8760
vn -0.3139 0.9474 0.0633
vn -0.3233 0.9438 0.0692
vn 0.1179 0.4822 0.8681
vn -0.4644 0.8575 0.2217
vn -0.4661 0.8570 0.2196
vn -0.5038 0.7886 0.3527
vn 0.3613 0.5229 0.7721
vn 0.3761 0.5273 0.7619
vn 0.5449 0.6021 0.5835
vn 0.5484 0.6046 0.5776
vn -0.5021 0.7870 0.3585
vn -0.4994 0.7413 0.4484
vn 0.6008 0.6781 0.4234
vn 0.6007 0.6766 0.4259
vn -0.4997 0.7430 0.4454
vn -0.4553 0.6787 0.5763
vn 0.6067 0.7276 0.3203
vn 0.6049 0.7329 0.3115
vn -0.4531 0.6778 0.5791
vn -0.3105 0.6114 0.7279
vn 0.5576 0.8144 0.1609
vn 0.5539 0.8170 0.1603
vn -0.2972 0.6075 0.7366
vn 0.3880 0.9213 -0.0262
vn 0.0099 0.9904 -0.1376
vn 0.0094 0.9906 -0.1361
vn 0.1386 0.9820 -0.1285
vn 0.3797 0.9245 -0.0336
vn 0.1263 0.9833 -0.1311
vn 0.0192 0.3664 -0.9302
vn 0.2183 0.3563 -0.9085
vn 0.2223 0.3569 -0.9073
vn 0.4111 0.3347 -0.8479
vn 0.0192 0.3665 -0.9302
vn 0.8168 0.1975 -0.5421
vn 0.8165 0.1985 -0.5421
vn 0.9141 0.1245 -0.3859
vn 0.4098 0.3369 -0.8477
vn 0.0067 -0.5692 -0.8221
vn 0.0966 -0.5709 -0.8153
vn 0.1076 -0.5718 -0.8133
vn 0.2989 -0.6044 -0.7385
vn 0.0060 -0.5704 -0.8214
vn 0.9197 0.1195 -0.3739
vn 0.9934 0.0045 -0.1146
vn 0.3115 -0.6088 -0.7297
vn 0.4550 -0.6764 -0.5792
vn -0.0069 -0.9906 0.1369
vn -0.1236 -0.9836 0.1314
vn -0.1343 -0.9822 0.1311
vn -0.3785 -0.9249 0.0369
vn -0.0062 -0.9908 0.1351
vn -0.0092 -0.3665 0.9304
vn -0.2164 -0.3563 0.9090
vn -0.2126 -0.3568 0.9097
vn -0.3854 -0.9222 0.0329
vn -0.5596 -0.8134 -0.1588
vn 0.4577 -0.6793 -0.5736
vn -0.5594 -0.8136 -0.1585
vn -0.6030 -0.7340 -0.3124
vn 0.5017 -0.7418 -0.4450
vn 0.9941 0.0026 -0.1086
vn 0.9946 -0.0780 0.0680
vn -0.6026 -0.7311 -0.3200
vn 0.5019 -0.7392 -0.4490
vn -0.6028 -0.6744 -0.4265
vn 0.9939 -0.0815 0.0746
vn 0.5061 -0.7845 -0.3583
vn 0.9213 -0.2004 0.3332
vn -0.6028 -0.6771 -0.4221
vn 0.5060 -0.7879 -0.3508
vn -0.5486 -0.6033 -0.5788
vn 0.9156 -0.2065 0.3451
vn 0.4661 -0.8566 -0.2212
vn 0.8193 -0.2767 0.5022
vn -0.5449 -0.6039 -0.5817
vn 0.4656 -0.8576 -0.2186
vn -0.3749 -0.5290 -0.7613
vn 0.3205 -0.9448 -0.0682
vn -0.3593 -0.5250 -0.7715
vn 0.8191 -0.2771 0.5022
vn 0.3128 -0.9476 -0.0649
vn 0.4143 -0.4165 0.8093
vn 0.4136 -0.4176 0.8090
vn 0.2227 -0.4434 0.8682
vn -0.1291 -0.4856 -0.8646
vn -0.2145 0.4462 -0.8689
vn -0.0092 0.4528 -0.8915
vn -0.0089 0.4535 -0.8912
vn -0.0052 -0.4846 -0.8747
vn -0.0042 -0.4869 -0.8735
vn -0.1152 -0.4821 -0.8685
vn 0.1129 -0.9935 0.0115
vn 0.0058 -0.9998 0.0192
vn 0.0052 -0.9998 0.0179
vn 0.1022 -0.9947 0.0130
vn 0.2209 -0.4428 0.8690
vn 0.0199 -0.4506 0.8925
vn 0.0202 -0.4500 0.8928
vn -0.0027 0.9998 -0.0179
vn -0.1071 0.5738 0.8119
vn -0.0047 0.5720 0.8202
vn -0.0034 0.5742 0.8187
vn -0.0953 0.5709 0.8155
vn -0.4110 -0.3313 0.8493
vn -0.4114 -0.3310 0.8492
vn -0.9131 -0.1232 0.3887
vn -0.8150 -0.1958 0.5454
vn -0.8164 -0.1935 0.5442
vn -0.9185 -0.1196 0.3768
vn -0.9932 -0.0045 0.1162
vn -0.9936 -0.0054 0.1129
vn -0.9946 0.0772 -0.0688
vn -0.9934 0.0833 -0.0786
vn -0.9204 0.2004 -0.3358
vn -0.9139 0.2076 -0.3488
vn -0.8195 0.2757 -0.5023
vn -0.8201 0.2748 -0.5019
vn -0.2182 0.4453 -0.8684
vn -0.4171 0.4144 -0.8089
vn -0.4143 0.4166 -0.8092
vn -0.9964 0.0850 0.0056
vn -0.9689 0.2474 -0.0000
vn -0.9912 0.1323 0.0007
vn -0.9970 0.0777 0.0048
vn -0.9982 0.0601 -0.0000
vn -0.0000 -0.0013 -1.0000
vn 0.0000 -0.0013 -1.0000
vn 0.0074 0.5683 -0.8228
vn 0.0038 0.5636 -0.8260
vn 0.0108 0.5727 -0.8197
vn 0.0000 0.5586 -0.8294
vn -0.9999 0.0000 -0.0170
vn -0.9999 0.0000 -0.0171
vn 0.6631 -0.6785 -0.3160
vn -0.9992 0.0000 -0.0400
vn 0.9998 -0.0000 -0.0189
vn 0.9998 -0.0000 -0.0190
vn 0.9990 -0.0000 -0.0444
vn 0.0000 -0.9999 -0.0170
vn 0.0000 -0.9992 -0.0400
vn -0.6637 -0.6792 -0.3133
vn 0.0000 0.9999 -0.0170
vn 0.0000 0.9992 -0.0400
vn -0.6673 0.6750 -0.3147
vn 0.6667 0.6744 -0.3174
vn -1.0000 0.0025 0.0020
vn -0.9997 0.0237 0.0001
vn -1.0000 0.0006 0.0021
vn -1.0000 0.0000 0.0022
vn -0.9997 0.0250 -0.0000
vn -0.0000 -0.6073 -0.7945
vn 0.0000 -0.6073 -0.7945
vn 0.9400 0.3394 -0.0354
vn 0.9434 0.3317 -0.0032
vn 0.9406 0.3396 -0.0011
vn 0.0019 -0.9936 -0.1127
vn -0.0116 -0.9999 -0.0086
vn 0.0113 -0.9996 -0.0251
vn 0.0223 -0.9990 -0.0385
vn 0.0004 0.9994 -0.0341
vn -0.0026 0.9996 -0.0284
vn -0.0027 0.9993 -0.0361
vn 0.0067 0.9985 -0.0546
vn 0.0071 0.9998 -0.0165
vn 0.0014 0.9965 0.0839
vn 0.0000 0.9188 0.3947
vn 0.0000 0.9171 0.3987
vn 0.0000 0.7214 0.6925
vn 0.0000 0.7139 0.7003
vn 0.0000 0.4251 0.9051
vn 0.0000 0.4306 0.9026
vn 0.0000 0.0683 0.9977
vn 0.0000 0.0208 0.9998
vn 0.0000 -0.3830 0.9238
vn 0.0000 -0.7066 0.7076
vn 0.0000 -0.6637 0.7480
vn 0.0000 -0.9362 0.3515
vn 0.0000 -1.0000 -0.0075
vn 0.0000 -1.0000 -0.0028
vn 0.0000 -0.9408 -0.3390
vn 0.0000 -0.9312 -0.3645
vn 0.0000 -0.7430 -0.6693
vn 0.0012 -0.4386 -0.8987
vn 0.0023 -0.4936 -0.8697
vn 0.0000 -0.5258 -0.8506
vn 0.0044 -0.4323 -0.9017
vn 0.0002 -0.8369 -0.5474
vn 0.0016 -0.8334 -0.5527
vn 0.0014 -0.8339 -0.5518
vn 0.7875 -0.6145 -0.0477
vn 0.8638 -0.5012 -0.0523
vn 0.7327 -0.6803 -0.0214
vn 0.8347 -0.5502 -0.0232
vn 0.7867 -0.6173 -0.0020
vn 0.8762 -0.4819 -0.0014
vn 0.8463 -0.5325 0.0136
vn 0.9516 -0.3070 0.0123
vn 0.9735 -0.2286 0.0063
vn 0.9980 -0.0630 0.0004
vn 0.9968 0.0804 -0.0018
vn 0.9906 0.1353 0.0197
vn 0.8780 0.4524 0.1565
vn 0.9999 0.0159 -0.0026
vn 0.7548 0.0134 0.6558
vn 0.9770 0.1959 0.0837
vn 0.7674 0.2242 0.6006
vn 0.9489 0.1903 0.2519
vn 0.7980 0.2174 0.5621
vn 0.6944 0.2459 0.6763
vn 0.7148 0.2529 0.6520
vn 0.6950 0.2600 0.6703
vn 0.9374 0.3483 -0.0032
vn 0.9366 0.3503 -0.0044
vn 0.9402 0.3398 -0.0245
vn 0.9403 0.3400 -0.0146
vn 0.9429 0.3304 -0.0428
vn 0.0011 0.7275 -0.6861
vn 0.0010 0.7279 -0.6857
vn 0.0018 0.7233 -0.6905
vn 0.0019 0.7229 -0.6909
vn 0.0008 -0.0176 -0.9998
vn 0.0006 0.2379 -0.9713
vn 0.0015 0.2317 -0.9728
vn 0.0008 -0.0738 -0.9973
vn 0.0009 -0.4922 -0.8705
vn 0.0006 -0.5304 -0.8478
vn 0.0008 -0.6847 -0.7289
vn 0.0008 -0.6845 -0.7290
vn 0.0012 -0.9797 -0.2006
vn 0.0022 -0.9817 -0.1902
vn 0.0023 -0.9946 -0.1041
vn 0.0000 -0.9997 -0.0247
vn 0.0014 0.9992 -0.0398
vn 0.0021 1.0000 0.0034
vn 0.0000 0.9969 0.0792
vn 0.0000 -0.3286 0.9445
vn 0.0000 -0.9215 0.3884
vn 0.0000 -0.7028 -0.7113
vn 0.0000 -0.8373 -0.5468
vn 0.0000 -0.9977 -0.0684
vn -0.0111 -0.9998 -0.0153
vn -0.9873 0.0000 -0.1587
vn 0.9120 -0.4102 0.0039
vn 0.9057 -0.4240 -0.0011
vn 0.9139 -0.4058 0.0055
vn 0.9035 -0.4286 -0.0028
vn -0.0080 -0.9998 -0.0188
vn -0.0130 -0.9999 -0.0063
vn -0.0095 -1.0000 0.0013
vn -0.0039 -1.0000 0.0025
vn 0.5322 -0.1385 -0.8352
vn 0.7059 -0.0565 -0.7060
vn 0.6037 -0.1073 -0.7900
vn 0.8010 0.0000 -0.5986
vn 0.1644 0.0000 -0.9864
vn -0.1644 0.0000 -0.9864
vn -0.8770 0.0000 -0.4805
vn -0.7752 0.0000 -0.6317
# 1557 vertex normals

vt 0.2427 0.3657 0.0000
vt 0.2396 0.3662 0.0000
vt 0.2396 0.0112 0.0000
vt 0.1417 0.5559 0.0000
vt 0.1296 0.5549 0.0000
vt 0.1395 0.5491 0.0000
vt 0.1397 0.5688 0.0000
vt 0.1146 0.5601 0.0000
vt 0.1054 0.5644 0.0000
vt 0.1017 0.5695 0.0000
vt 0.1204 0.5834 0.0000
vt 0.1127 0.5778 0.0000
vt 0.3549 0.5308 0.0000
vt 0.3656 0.5225 0.0000
vt 0.3727 0.5220 0.0000
vt 0.3639 0.5641 0.0000
vt 0.3588 0.5595 0.0000
vt 0.3501 0.5541 0.0000
vt 0.3013 0.5613 0.0000
vt 0.2957 0.5637 0.0000
vt 0.2901 0.5613 0.0000
vt 0.5305 0.1018 0.0000
vt 0.5256 0.1188 0.0000
vt 0.5207 0.1159 0.0000
vt 0.5363 0.1056 0.0000
vt 0.0581 0.4585 0.0000
vt 0.0616 0.4965 0.0000
vt 0.0605 0.5272 0.0000
vt 0.0563 0.5654 0.0000
vt 0.0518 0.4580 0.0000
vt 0.1040 0.5542 0.0000
vt 0.0978 0.5396 0.0000
vt 0.0941 0.5016 0.0000
vt 0.0959 0.4381 0.0000
vt 0.1269 0.3710 0.0000
vt 0.1285 0.3706 0.0000
vt 0.1338 0.3876 0.0000
vt 0.0749 0.5016 0.0000
vt 0.0749 0.4950 0.0000
vt 0.0811 0.4950 0.0000
vt 0.1812 0.5430 0.0000
vt 0.1990 0.5469 0.0000
vt 0.1810 0.5474 0.0000
vt 0.1723 0.5523 0.0000
vt 0.1628 0.5474 0.0000
vt 0.1628 0.5425 0.0000
vt 0.1626 0.5397 0.0000
vt 0.1809 0.5279 0.0000
vt 0.1813 0.5407 0.0000
vt 0.1614 0.5132 0.0000
vt 0.1806 0.5119 0.0000
vt 0.1606 0.4888 0.0000
vt 0.1798 0.4755 0.0000
vt 0.1802 0.4878 0.0000
vt 0.1995 0.4878 0.0000
vt 0.4034 0.2149 0.0000
vt 0.3857 0.2183 0.0000
vt 0.3857 0.1971 0.0000
vt 0.4034 0.1981 0.0000
vt 0.3904 0.1257 0.0000
vt 0.4542 0.2485 0.0000
vt 0.5495 0.2234 0.0000
vt 0.5968 0.2244 0.0000
vt 0.0379 0.3904 0.0000
vt 0.0379 0.3953 0.0000
vt 0.0317 0.3953 0.0000
vt 0.0317 0.3904 0.0000
vt 0.0317 0.3854 0.0000
vt 0.0182 0.3798 0.0000
vt 0.0181 0.3862 0.0000
vt 0.0119 0.3857 0.0000
vt 0.0180 0.3911 0.0000
vt 0.0118 0.3911 0.0000
vt 0.0116 0.3961 0.0000
vt 0.0178 0.3961 0.0000
vt 0.6554 0.2209 0.0000
vt 0.6431 0.2076 0.0000
vt 0.6500 0.2071 0.0000
vt 0.6780 0.0392 0.0000
vt 0.6500 0.1579 0.0000
vt 0.6509 0.1436 0.0000
vt 0.1605 0.4745 0.0000
vt 0.1990 0.4740 0.0000
vt 0.0711 0.0632 0.0000
vt 0.0900 0.1039 0.0000
vt 0.0714 0.1049 0.0000
vt 0.0528 0.1039 0.0000
vt 0.0893 0.0628 0.0000
vt 0.0531 0.0628 0.0000
vt 0.0712 0.0390 0.0000
vt 0.0893 0.0390 0.0000
vt 0.0531 0.0395 0.0000
vt 0.0895 0.0279 0.0000
vt 0.0530 0.0269 0.0000
vt 0.0713 0.0269 0.0000
vt 0.6257 0.1660 0.0000
vt 0.6252 0.0865 0.0000
vt 0.6305 0.0860 0.0000
vt 0.6218 0.1660 0.0000
vt 0.6237 0.0826 0.0000
vt 0.6281 0.0749 0.0000
vt 0.6213 0.0865 0.0000
vt 0.6194 0.1660 0.0000
vt 0.6213 0.0836 0.0000
vt 0.6184 0.0870 0.0000
vt 0.6150 0.1660 0.0000
vt 0.6184 0.0821 0.0000
vt 0.6203 0.0763 0.0000
vt 0.6237 0.0686 0.0000
vt 0.6140 0.0870 0.0000
vt 0.6150 0.0807 0.0000
vt 0.6155 0.0729 0.0000
vt 0.6174 0.0642 0.0000
vt 0.6097 0.0870 0.0000
vt 0.6102 0.1660 0.0000
vt 0.6106 0.0802 0.0000
vt 0.6097 0.0720 0.0000
vt 0.6034 0.0729 0.0000
vt 0.6019 0.0642 0.0000
vt 0.5951 0.0686 0.0000
vt 0.6034 0.0807 0.0000
vt 0.5985 0.0768 0.0000
vt 0.6048 0.0870 0.0000
vt 0.6058 0.1660 0.0000
vt 0.6014 0.1664 0.0000
vt 0.6000 0.0821 0.0000
vt 0.5951 0.0831 0.0000
vt 0.6005 0.0870 0.0000
vt 0.5976 0.0836 0.0000
vt 0.5942 0.0870 0.0000
vt 0.5884 0.0865 0.0000
vt 0.5947 0.1664 0.0000
vt 0.5893 0.1664 0.0000
vt 0.5980 0.0870 0.0000
vt 0.5985 0.1664 0.0000
vt 0.0524 0.4260 0.0000
vt 0.0713 0.4435 0.0000
vt 0.0526 0.4444 0.0000
vt 0.0904 0.4260 0.0000
vt 0.0902 0.4444 0.0000
vt 0.0713 0.4255 0.0000
vt 0.0515 0.4110 0.0000
vt 0.0913 0.4110 0.0000
vt 0.0713 0.4110 0.0000
vt 0.0713 0.3907 0.0000
vt 0.0513 0.3902 0.0000
vt 0.3454 0.2817 0.0000
vt 0.3451 0.2638 0.0000
vt 0.3580 0.2648 0.0000
vt 0.3706 0.2638 0.0000
vt 0.3706 0.2817 0.0000
vt 0.3580 0.2813 0.0000
vt 0.3451 0.2987 0.0000
vt 0.3706 0.2987 0.0000
vt 0.3580 0.2987 0.0000
vt 0.3451 0.3137 0.0000
vt 0.3706 0.3137 0.0000
vt 0.3580 0.3137 0.0000
vt 0.3580 0.3278 0.0000
vt 0.3706 0.3278 0.0000
vt 0.3580 0.3457 0.0000
vt 0.3706 0.3462 0.0000
vt 0.3580 0.3670 0.0000
vt 0.3451 0.3462 0.0000
vt 0.3451 0.3665 0.0000
vt 0.3706 0.3665 0.0000
vt 0.3580 0.3883 0.0000
vt 0.3451 0.3883 0.0000
vt 0.3706 0.3883 0.0000
vt 0.3580 0.4106 0.0000
vt 0.3451 0.4111 0.0000
vt 0.3706 0.4111 0.0000
vt 0.3580 0.4295 0.0000
vt 0.3451 0.4295 0.0000
vt 0.3708 0.4295 0.0000
vt 0.3451 0.4440 0.0000
vt 0.3708 0.4440 0.0000
vt 0.3580 0.4445 0.0000
vt 0.3454 0.4571 0.0000
vt 0.3706 0.4571 0.0000
vt 0.3580 0.4566 0.0000
vt 0.3226 0.3941 0.0000
vt 0.3364 0.3941 0.0000
vt 0.3226 0.4101 0.0000
vt 0.3364 0.4106 0.0000
vt 0.3098 0.4266 0.0000
vt 0.3090 0.4106 0.0000
vt 0.3354 0.4266 0.0000
vt 0.3226 0.4266 0.0000
vt 0.3103 0.4397 0.0000
vt 0.3350 0.4397 0.0000
vt 0.3226 0.4397 0.0000
vt 0.3103 0.4518 0.0000
vt 0.3224 0.4518 0.0000
vt 0.3100 0.4683 0.0000
vt 0.3224 0.4683 0.0000
vt 0.3347 0.4683 0.0000
vt 0.3100 0.4867 0.0000
vt 0.3347 0.4867 0.0000
vt 0.3224 0.4872 0.0000
vt 0.3100 0.5078 0.0000
vt 0.3347 0.5080 0.0000
vt 0.3224 0.5080 0.0000
vt 0.3098 0.5288 0.0000
vt 0.3347 0.5291 0.0000
vt 0.3224 0.5293 0.0000
vt 0.3221 0.5468 0.0000
vt 0.3098 0.5468 0.0000
vt 0.3347 0.5468 0.0000
vt 0.3095 0.5603 0.0000
vt 0.3347 0.5606 0.0000
vt 0.3221 0.5608 0.0000
vt 0.3098 0.5751 0.0000
vt 0.3345 0.5751 0.0000
vt 0.0571 0.3212 0.0000
vt 0.0508 0.3062 0.0000
vt 0.0703 0.3062 0.0000
vt 0.0702 0.2902 0.0000
vt 0.0511 0.2902 0.0000
vt 0.0513 0.2704 0.0000
vt 0.0891 0.2704 0.0000
vt 0.0894 0.2898 0.0000
vt 0.0702 0.2704 0.0000
vt 0.0514 0.2558 0.0000
vt 0.0701 0.2558 0.0000
vt 0.0888 0.2558 0.0000
vt 0.0701 0.2432 0.0000
vt 0.0514 0.2432 0.0000
vt 0.0888 0.2432 0.0000
vt 0.0514 0.2287 0.0000
vt 0.0890 0.2287 0.0000
vt 0.0701 0.2287 0.0000
vt 0.0512 0.2176 0.0000
vt 0.0891 0.2176 0.0000
vt 0.0702 0.2176 0.0000
vt 0.0702 0.2055 0.0000
vt 0.0510 0.2055 0.0000
vt 0.0894 0.2055 0.0000
vt 0.0904 0.1446 0.0000
vt 0.0834 0.1475 0.0000
vt 0.0714 0.1456 0.0000
vt 0.0595 0.1480 0.0000
vt 0.0527 0.1451 0.0000
vt 0.0583 0.3737 0.0000
vt 0.0712 0.3742 0.0000
vt 0.3580 0.2517 0.0000
vt 0.3706 0.2512 0.0000
vt 0.3090 0.3762 0.0000
vt 0.3226 0.3762 0.0000
vt 0.3362 0.3757 0.0000
vt 0.3221 0.5746 0.0000
vt 0.0702 0.3208 0.0000
vt 0.0835 0.3212 0.0000
vt 0.0575 0.1895 0.0000
vt 0.0828 0.1895 0.0000
vt 0.0701 0.1900 0.0000
vt 0.3682 0.1971 0.0000
vt 0.3633 0.1257 0.0000
vt 0.3628 0.0337 0.0000
vt 0.3500 0.0110 0.0000
vt 0.3638 0.0238 0.0000
vt 0.4034 0.0110 0.0000
vt 0.3668 0.0194 0.0000
vt 0.3909 0.0337 0.0000
vt 0.3714 0.0164 0.0000
vt 0.3899 0.0238 0.0000
vt 0.3769 0.0154 0.0000
vt 0.3867 0.0194 0.0000
vt 0.3823 0.0164 0.0000
vt 0.4500 0.1825 0.0000
vt 0.4481 0.1983 0.0000
vt 0.4335 0.1426 0.0000
vt 0.4407 0.1426 0.0000
vt 0.4491 0.2214 0.0000
vt 0.4537 0.2091 0.0000
vt 0.4616 0.2170 0.0000
vt 0.4498 0.1510 0.0000
vt 0.4754 0.2219 0.0000
vt 0.4564 0.1692 0.0000
vt 0.4641 0.1530 0.0000
vt 0.4668 0.1603 0.0000
vt 0.4818 0.1490 0.0000
vt 0.4830 0.1530 0.0000
vt 0.5027 0.1490 0.0000
vt 0.5027 0.1456 0.0000
vt 0.5234 0.1480 0.0000
vt 0.5239 0.1441 0.0000
vt 0.5416 0.1505 0.0000
vt 0.5436 0.1470 0.0000
vt 0.5569 0.1569 0.0000
vt 0.5594 0.1544 0.0000
vt 0.5662 0.1658 0.0000
vt 0.5692 0.1643 0.0000
vt 0.5707 0.1790 0.0000
vt 0.5756 0.1786 0.0000
vt 0.5702 0.1943 0.0000
vt 0.5795 0.1953 0.0000
vt 0.5633 0.2076 0.0000
vt 0.5874 0.2106 0.0000
vt 0.5973 0.2180 0.0000
vt 0.5495 0.2170 0.0000
vt 0.6101 0.2298 0.0000
vt 0.5357 0.2244 0.0000
vt 0.6278 0.2362 0.0000
vt 0.5205 0.2234 0.0000
vt 0.6376 0.2455 0.0000
vt 0.6529 0.2539 0.0000
vt 0.5013 0.2204 0.0000
vt 0.4875 0.2229 0.0000
vt 0.0140 0.5812 0.0000
vt 0.0078 0.5810 0.0000
vt 0.5677 0.0348 0.0000
vt 0.6263 0.0515 0.0000
vt 0.6091 0.0535 0.0000
vt 0.5677 0.0427 0.0000
vt 0.5766 0.0525 0.0000
vt 0.6475 0.0436 0.0000
vt 0.6450 0.0658 0.0000
vt 0.6372 0.0574 0.0000
vt 0.5953 0.0599 0.0000
vt 0.6598 0.0377 0.0000
vt 0.5781 0.0673 0.0000
vt 0.6500 0.0801 0.0000
vt 0.5859 0.0702 0.0000
vt 0.5736 0.0860 0.0000
vt 0.5781 0.0870 0.0000
vt 0.5736 0.1086 0.0000
vt 0.5702 0.1086 0.0000
vt 0.5731 0.1303 0.0000
vt 0.5692 0.1303 0.0000
vt 0.5756 0.1495 0.0000
vt 0.5717 0.1515 0.0000
vt 0.5820 0.1653 0.0000
vt 0.5791 0.1682 0.0000
vt 0.5904 0.1746 0.0000
vt 0.5889 0.1781 0.0000
vt 0.6032 0.1795 0.0000
vt 0.6027 0.1840 0.0000
vt 0.6189 0.1790 0.0000
vt 0.6194 0.1884 0.0000
vt 0.6327 0.1717 0.0000
vt 0.6352 0.1973 0.0000
vt 0.6431 0.1579 0.0000
vt 0.6613 0.2396 0.0000
vt 0.6504 0.1273 0.0000
vt 0.6711 0.2504 0.0000
vt 0.6790 0.2662 0.0000
vt 0.6475 0.1076 0.0000
vt 0.6509 0.0929 0.0000
vt 0.4431 0.1983 0.0000
vt 0.6263 0.0471 0.0000
vt 0.6406 0.0505 0.0000
vt 0.2300 0.6020 0.0000
vt 0.2347 0.5957 0.0000
vt 0.2349 0.6018 0.0000
vt 0.6310 0.1660 0.0000
vt 0.6097 0.0628 0.0000
vt 0.5903 0.0749 0.0000
vt 0.0915 0.3897 0.0000
vt 0.0841 0.3737 0.0000
vt 0.3451 0.3278 0.0000
vt 0.3090 0.3941 0.0000
vt 0.3350 0.4518 0.0000
vt 0.0898 0.3062 0.0000
vt 0.3456 0.2512 0.0000
vt 0.1671 0.1801 0.0000
vt 0.1742 0.3686 0.0000
vt 0.1672 0.3686 0.0000
vt 0.1032 0.3916 0.0000
vt 0.0997 0.2090 0.0000
vt 0.0959 0.0142 0.0000
vt 0.1840 0.0112 0.0000
vt 0.1912 0.0112 0.0000
vt 0.1840 0.1996 0.0000
vt 0.0508 0.5795 0.0000
vt 0.0448 0.5822 0.0000
vt 0.0448 0.5734 0.0000
vt 0.1084 0.3725 0.0000
vt 0.1032 0.3900 0.0000
vt 0.1081 0.3637 0.0000
vt 0.1100 0.3735 0.0000
vt 0.1056 0.2371 0.0000
vt 0.1103 0.3930 0.0000
vt 0.1162 0.3759 0.0000
vt 0.1167 0.3959 0.0000
vt 0.0959 0.0126 0.0000
vt 0.1030 0.0126 0.0000
vt 0.1129 0.2371 0.0000
vt 0.1092 0.0126 0.0000
vt 0.2042 0.0121 0.0000
vt 0.2108 0.0107 0.0000
vt 0.2061 0.3662 0.0000
vt 0.2008 0.3662 0.0000
vt 0.2854 0.0121 0.0000
vt 0.2854 0.3652 0.0000
vt 0.2825 0.3652 0.0000
vt 0.2825 0.0112 0.0000
vt 0.2359 0.0112 0.0000
vt 0.2359 0.3662 0.0000
vt 0.2150 0.3652 0.0000
vt 0.2150 0.0112 0.0000
vt 0.2427 0.0112 0.0000
vt 0.2462 0.0126 0.0000
vt 0.2513 0.0126 0.0000
vt 0.2513 0.3667 0.0000
vt 0.2462 0.3667 0.0000
vt 0.1904 0.3681 0.0000
vt 0.1891 0.0126 0.0000
vt 0.1957 0.0141 0.0000
vt 0.1957 0.3681 0.0000
vt 0.2786 0.3657 0.0000
vt 0.2732 0.3667 0.0000
vt 0.2732 0.0126 0.0000
vt 0.2786 0.0126 0.0000
vt 0.2706 0.3906 0.0000
vt 0.2255 0.3897 0.0000
vt 0.2255 0.3726 0.0000
vt 0.2706 0.3716 0.0000
vt 0.2273 0.4609 0.0000
vt 0.2101 0.4609 0.0000
vt 0.2101 0.4356 0.0000
vt 0.2273 0.4356 0.0000
vt 0.0378 0.3886 0.0000
vt 0.0316 0.3886 0.0000
vt 0.0316 0.3822 0.0000
vt 0.0378 0.3822 0.0000
vt 0.0378 0.3764 0.0000
vt 0.0316 0.3764 0.0000
vt 0.2552 0.0126 0.0000
vt 0.2611 0.0126 0.0000
vt 0.2611 0.3667 0.0000
vt 0.2555 0.3667 0.0000
vt 0.2703 0.3667 0.0000
vt 0.2642 0.3667 0.0000
vt 0.2645 0.0126 0.0000
vt 0.2703 0.0126 0.0000
vt 0.1919 0.4488 0.0000
vt 0.1924 0.4434 0.0000
vt 0.1924 0.4541 0.0000
vt 0.1941 0.4590 0.0000
vt 0.1941 0.4390 0.0000
vt 0.1966 0.4609 0.0000
vt 0.1966 0.4371 0.0000
vt 0.2007 0.4356 0.0000
vt 0.2007 0.4624 0.0000
vt 0.2068 0.4624 0.0000
vt 0.2068 0.4356 0.0000
vt 0.1490 0.5401 0.0000
vt 0.1034 0.5739 0.0000
vt 0.1056 0.5759 0.0000
vt 0.1406 0.5812 0.0000
vt 0.3761 0.5096 0.0000
vt 0.3720 0.5334 0.0000
vt 0.3739 0.5490 0.0000
vt 0.3744 0.5593 0.0000
vt 0.3712 0.5646 0.0000
vt 0.3666 0.5653 0.0000
vt 0.3435 0.5351 0.0000
vt 0.3030 0.5564 0.0000
vt 0.2884 0.5564 0.0000
vt 0.2903 0.5518 0.0000
vt 0.3010 0.5518 0.0000
vt 0.2903 0.3670 0.0000
vt 0.3010 0.3670 0.0000
vt 0.2735 0.5613 0.0000
vt 0.2847 0.5613 0.0000
vt 0.2791 0.5639 0.0000
vt 0.2718 0.5564 0.0000
vt 0.2864 0.5564 0.0000
vt 0.2845 0.5520 0.0000
vt 0.2738 0.5520 0.0000
vt 0.2738 0.3670 0.0000
vt 0.2845 0.3670 0.0000
vt 0.1426 0.0121 0.0000
vt 0.1465 0.0131 0.0000
vt 0.1465 0.0360 0.0000
vt 0.1426 0.1948 0.0000
vt 0.1465 0.3896 0.0000
vt 0.1426 0.3896 0.0000
vt 0.1620 0.3676 0.0000
vt 0.1620 0.0126 0.0000
vt 0.1669 0.0126 0.0000
vt 0.0695 0.5150 0.0000
vt 0.0880 0.5245 0.0000
vt 0.0849 0.5377 0.0000
vt 0.0839 0.5459 0.0000
vt 0.0692 0.5610 0.0000
vt 0.0838 0.5537 0.0000
vt 0.0850 0.5596 0.0000
vt 0.0872 0.5664 0.0000
vt 0.0916 0.5725 0.0000
vt 0.1573 0.0107 0.0000
vt 0.1529 0.0345 0.0000
vt 0.1531 0.0116 0.0000
vt 0.1545 0.3881 0.0000
vt 0.1503 0.3876 0.0000
vt 0.1789 0.3672 0.0000
vt 0.1840 0.3672 0.0000
vt 0.1789 0.0126 0.0000
vt 0.1257 0.5394 0.0000
vt 0.1412 0.5167 0.0000
vt 0.1442 0.5299 0.0000
vt 0.1402 0.5084 0.0000
vt 0.1257 0.4931 0.0000
vt 0.1402 0.5006 0.0000
vt 0.1415 0.4950 0.0000
vt 0.1437 0.4882 0.0000
vt 0.1481 0.4819 0.0000
vt 0.5436 0.0901 0.0000
vt 0.5393 0.0876 0.0000
vt 0.1297 0.4668 0.0000
vt 0.1227 0.4668 0.0000
vt 0.1180 0.4605 0.0000
vt 0.0448 0.4478 0.0000
vt 0.0514 0.4488 0.0000
vt 0.1101 0.5564 0.0000
vt 0.1082 0.4015 0.0000
vt 0.3317 0.3219 0.0000
vt 0.3317 0.1271 0.0000
vt 0.3368 0.1271 0.0000
vt 0.3368 0.3219 0.0000
vt 0.3334 0.3267 0.0000
vt 0.3368 0.3394 0.0000
vt 0.3317 0.3321 0.0000
vt 0.3258 0.3345 0.0000
vt 0.3229 0.3438 0.0000
vt 0.3200 0.3321 0.0000
vt 0.3149 0.3467 0.0000
vt 0.3149 0.3223 0.0000
vt 0.3180 0.3267 0.0000
vt 0.3202 0.3219 0.0000
vt 0.3149 0.0126 0.0000
vt 0.3202 0.0126 0.0000
vt 0.3056 0.3219 0.0000
vt 0.3056 0.0126 0.0000
vt 0.3110 0.0126 0.0000
vt 0.3110 0.3223 0.0000
vt 0.3076 0.3267 0.0000
vt 0.3059 0.3321 0.0000
vt 0.3110 0.3467 0.0000
vt 0.3027 0.3438 0.0000
vt 0.2998 0.3345 0.0000
vt 0.2888 0.3394 0.0000
vt 0.2939 0.3321 0.0000
vt 0.2922 0.3267 0.0000
vt 0.2888 0.3219 0.0000
vt 0.2942 0.3219 0.0000
vt 0.2942 0.1271 0.0000
vt 0.2888 0.1271 0.0000
vt 0.1207 0.3740 0.0000
vt 0.1268 0.3905 0.0000
vt 0.1203 0.3944 0.0000
vt 0.1291 0.2157 0.0000
vt 0.1360 0.0116 0.0000
vt 0.1290 0.0116 0.0000
vt 0.1228 0.0112 0.0000
vt 0.1206 0.2162 0.0000
vt 0.0698 0.4897 0.0000
vt 0.0749 0.4897 0.0000
vt 0.0698 0.5058 0.0000
vt 0.0749 0.5058 0.0000
vt 0.0822 0.5016 0.0000
vt 0.0856 0.4980 0.0000
vt 0.0842 0.4897 0.0000
vt 0.0811 0.4897 0.0000
vt 0.0891 0.4790 0.0000
vt 0.0842 0.4683 0.0000
vt 0.0856 0.4605 0.0000
vt 0.0811 0.4629 0.0000
vt 0.0811 0.4683 0.0000
vt 0.0822 0.4561 0.0000
vt 0.0749 0.4561 0.0000
vt 0.0749 0.4629 0.0000
vt 0.0749 0.4683 0.0000
vt 0.0698 0.4683 0.0000
vt 0.0698 0.4517 0.0000
vt 0.0749 0.4517 0.0000
vt 0.2120 0.5851 0.0000
vt 0.2131 0.6014 0.0000
vt 0.1952 0.6017 0.0000
vt 0.1944 0.5856 0.0000
vt 0.2074 0.5795 0.0000
vt 0.2115 0.5798 0.0000
vt 0.1939 0.5800 0.0000
vt 0.2068 0.5720 0.0000
vt 0.1932 0.5722 0.0000
vt 0.2018 0.5664 0.0000
vt 0.1927 0.5676 0.0000
vt 0.1913 0.5593 0.0000
vt 0.2006 0.5569 0.0000
vt 0.1898 0.5520 0.0000
vt 0.1989 0.5498 0.0000
vt 0.1991 0.5420 0.0000
vt 0.1625 0.5503 0.0000
vt 0.1618 0.5574 0.0000
vt 0.1709 0.5598 0.0000
vt 0.1600 0.5674 0.0000
vt 0.1695 0.5683 0.0000
vt 0.1691 0.5730 0.0000
vt 0.1552 0.5725 0.0000
vt 0.1683 0.5807 0.0000
vt 0.1546 0.5803 0.0000
vt 0.1678 0.5861 0.0000
vt 0.1499 0.5859 0.0000
vt 0.1506 0.5805 0.0000
vt 0.1669 0.6027 0.0000
vt 0.1488 0.6024 0.0000
vt 0.1814 0.5466 0.0000
vt 0.1628 0.5461 0.0000
vt 0.1995 0.5456 0.0000
vt 0.1995 0.5390 0.0000
vt 0.1621 0.5294 0.0000
vt 0.1998 0.5287 0.0000
vt 0.1999 0.5127 0.0000
vt 0.1611 0.5016 0.0000
vt 0.1998 0.5011 0.0000
vt 0.1804 0.5001 0.0000
vt 0.3682 0.2183 0.0000
vt 0.3505 0.2149 0.0000
vt 0.3505 0.1981 0.0000
vt 0.0309 0.3716 0.0000
vt 0.0309 0.3667 0.0000
vt 0.0371 0.3667 0.0000
vt 0.0371 0.3716 0.0000
vt 0.0371 0.3770 0.0000
vt 0.0309 0.3770 0.0000
vt 0.0379 0.3854 0.0000
vt 0.0123 0.3685 0.0000
vt 0.0123 0.3636 0.0000
vt 0.0185 0.3636 0.0000
vt 0.0184 0.3685 0.0000
vt 0.0183 0.3739 0.0000
vt 0.0122 0.3734 0.0000
vt 0.0120 0.3798 0.0000
vt 0.2440 0.5652 0.0000
vt 0.2329 0.5560 0.0000
vt 0.2437 0.5555 0.0000
vt 0.2451 0.5856 0.0000
vt 0.2275 0.5500 0.0000
vt 0.2326 0.5497 0.0000
vt 0.0714 0.0119 0.0000
vt 0.0894 0.0114 0.0000
vt 0.0534 0.0114 0.0000
vt 0.0469 0.0087 0.0000
vt 0.0471 0.1790 0.0000
vt 0.0371 0.1790 0.0000
vt 0.0309 0.0087 0.0000
vt 0.0382 0.5807 0.0000
vt 0.0320 0.5807 0.0000
vt 0.0161 0.1755 0.0000
vt 0.0061 0.1755 0.0000
vt 0.0096 0.0056 0.0000
vt 0.0257 0.0056 0.0000
vt 0.2455 0.5952 0.0000
vt 0.9150 0.8451 0.0000
vt 0.9155 0.8360 0.0000
vt 0.9314 0.8357 0.0000
vt 0.9319 0.8455 0.0000
vt 0.9150 0.8568 0.0000
vt 0.9862 0.8727 0.0000
vt 0.9847 0.8582 0.0000
vt 0.9862 0.8582 0.0000
vt 0.9876 0.8727 0.0000
vt 0.9939 0.8626 0.0000
vt 0.9910 0.8549 0.0000
vt 0.9924 0.8533 0.0000
vt 0.7924 0.0479 0.0000
vt 0.7899 0.0524 0.0000
vt 0.7527 0.0137 0.0000
vt 0.7959 0.0459 0.0000
vt 0.7959 0.0137 0.0000
vt 0.9277 0.8641 0.0000
vt 0.9277 0.8702 0.0000
vt 0.9200 0.8702 0.0000
vt 0.9693 0.0596 0.0000
vt 0.9693 0.0678 0.0000
vt 0.9392 0.0678 0.0000
vt 0.9693 0.0262 0.0000
vt 0.9693 0.0343 0.0000
vt 0.9392 0.0343 0.0000
vt 0.9392 0.0262 0.0000
vt 0.9586 0.3382 0.0000
vt 0.9605 0.3387 0.0000
vt 0.9638 0.3468 0.0000
vt 0.9282 0.2620 0.0000
vt 0.9211 0.2272 0.0000
vt 0.9373 0.2267 0.0000
vt 0.9812 0.3475 0.0000
vt 0.9765 0.3580 0.0000
vt 0.9736 0.3537 0.0000
vt 0.9788 0.3470 0.0000
vt 0.9774 0.3427 0.0000
vt 0.9726 0.3437 0.0000
vt 0.9731 0.3418 0.0000
vt 0.9736 0.3375 0.0000
vt 0.9855 0.2797 0.0000
vt 0.9855 0.2625 0.0000
vt 0.9922 0.2272 0.0000
vt 0.9755 0.2272 0.0000
vt 0.8235 0.8971 0.0000
vt 0.8284 0.8938 0.0000
vt 0.8298 0.8988 0.0000
vt 0.8269 0.8926 0.0000
vt 0.8245 0.8875 0.0000
vt 0.8133 0.8918 0.0000
vt 0.8206 0.8799 0.0000
vt 0.8012 0.3820 0.0000
vt 0.8396 0.3490 0.0000
vt 0.8435 0.3509 0.0000
vt 0.8435 0.3820 0.0000
vt 0.8372 0.6616 0.0000
vt 0.8474 0.6019 0.0000
vt 0.8474 0.6616 0.0000
vt 0.8449 0.5955 0.0000
vt 0.8488 0.5975 0.0000
vt 0.8498 0.5955 0.0000
vt 0.8012 0.0147 0.0000
vt 0.8420 0.0278 0.0000
vt 0.8420 0.2265 0.0000
vt 0.9602 0.2190 0.0000
vt 0.9631 0.2190 0.0000
vt 0.9631 0.2272 0.0000
vt 0.8506 0.7693 0.0000
vt 0.8549 0.7674 0.0000
vt 0.8554 0.7693 0.0000
vt 0.9640 0.2322 0.0000
vt 0.9617 0.2336 0.0000
vt 0.9607 0.2322 0.0000
vt 0.9664 0.2336 0.0000
vt 0.9674 0.2322 0.0000
vt 0.9638 0.2628 0.0000
vt 0.9638 0.2695 0.0000
vt 0.9586 0.2628 0.0000
vt 0.9548 0.2614 0.0000
vt 0.9548 0.2680 0.0000
vt 0.9495 0.2680 0.0000
vt 0.7259 0.3918 0.0000
vt 0.7209 0.3928 0.0000
vt 0.7209 0.0142 0.0000
vt 0.7259 0.0142 0.0000
vt 0.7363 0.3909 0.0000
vt 0.7319 0.3923 0.0000
vt 0.7319 0.0147 0.0000
vt 0.7363 0.0147 0.0000
vt 0.7150 0.3928 0.0000
vt 0.7051 0.3928 0.0000
vt 0.7051 0.0177 0.0000
vt 0.7150 0.0142 0.0000
vt 0.6808 0.3928 0.0000
vt 0.6808 0.0142 0.0000
vt 0.6857 0.0152 0.0000
vt 0.6857 0.3928 0.0000
vt 0.9770 0.8505 0.0000
vt 0.9770 0.8198 0.0000
vt 0.9867 0.8198 0.0000
vt 0.9886 0.8505 0.0000
vt 0.9300 0.7834 0.0000
vt 0.9179 0.7834 0.0000
vt 0.9179 0.6872 0.0000
vt 0.9314 0.6872 0.0000
vt 0.9346 0.1475 0.0000
vt 0.9346 0.1342 0.0000
vt 0.9451 0.1366 0.0000
vt 0.9451 0.1471 0.0000
vt 0.7418 0.3899 0.0000
vt 0.7418 0.0142 0.0000
vt 0.7468 0.0142 0.0000
vt 0.7468 0.3918 0.0000
vt 0.9605 0.2456 0.0000
vt 0.9705 0.2432 0.0000
vt 0.9705 0.2566 0.0000
vt 0.9605 0.2561 0.0000
vt 0.9843 0.7813 0.0000
vt 0.9944 0.7813 0.0000
vt 0.9944 0.8119 0.0000
vt 0.9823 0.8119 0.0000
vt 0.6897 0.3928 0.0000
vt 0.6897 0.0142 0.0000
vt 0.7001 0.0177 0.0000
vt 0.7001 0.3928 0.0000
vt 0.8267 0.8440 0.0000
vt 0.8253 0.7477 0.0000
vt 0.8383 0.7477 0.0000
vt 0.8383 0.8440 0.0000
vt 0.9624 0.3072 0.0000
vt 0.9524 0.3091 0.0000
vt 0.9524 0.2957 0.0000
vt 0.9624 0.2962 0.0000
vt 0.9500 0.2862 0.0000
vt 0.9500 0.2757 0.0000
vt 0.9600 0.2752 0.0000
vt 0.9600 0.2886 0.0000
vt 0.9276 0.8284 0.0000
vt 0.9184 0.8287 0.0000
vt 0.9232 0.8273 0.0000
vt 0.9314 0.8569 0.0000
vt 0.9576 0.3163 0.0000
vt 0.9624 0.3163 0.0000
vt 0.9576 0.3282 0.0000
vt 0.9596 0.3291 0.0000
vt 0.9648 0.3201 0.0000
vt 0.9615 0.3282 0.0000
vt 0.8523 0.0223 0.0000
vt 0.8728 0.0165 0.0000
vt 0.8518 0.0476 0.0000
vt 0.8518 0.2652 0.0000
vt 0.8728 0.3784 0.0000
vt 0.8518 0.2824 0.0000
vt 0.8518 0.3784 0.0000
vt 0.8418 0.2652 0.0000
vt 0.8418 0.2824 0.0000
vt 0.9004 0.0238 0.0000
vt 0.9004 0.0491 0.0000
vt 0.8794 0.0176 0.0000
vt 0.9009 0.2668 0.0000
vt 0.8794 0.3795 0.0000
vt 0.9009 0.3795 0.0000
vt 0.9009 0.2840 0.0000
vt 0.9109 0.2840 0.0000
vt 0.9109 0.2668 0.0000
vt 0.9785 0.8550 0.0000
vt 0.9804 0.8561 0.0000
vt 0.9789 0.8643 0.0000
vt 0.9809 0.8648 0.0000
vt 0.9828 0.8576 0.0000
vt 0.9843 0.8725 0.0000
vt 0.9891 0.8725 0.0000
vt 0.9871 0.8578 0.0000
vt 0.9905 0.8717 0.0000
vt 0.9891 0.8567 0.0000
vt 0.9924 0.8635 0.0000
vt 0.8749 0.6507 0.0000
vt 0.8749 0.4813 0.0000
vt 0.8803 0.6459 0.0000
vt 0.8836 0.4856 0.0000
vt 0.8846 0.6507 0.0000
vt 0.8851 0.6784 0.0000
vt 0.8933 0.6784 0.0000
vt 0.8923 0.5268 0.0000
vt 0.9010 0.6784 0.0000
vt 0.9010 0.5268 0.0000
vt 0.8923 0.5085 0.0000
vt 0.8933 0.4914 0.0000
vt 0.9053 0.4967 0.0000
vt 0.9053 0.5088 0.0000
vt 0.9111 0.4972 0.0000
vt 0.9111 0.5088 0.0000
vt 0.9169 0.5090 0.0000
vt 0.9169 0.4967 0.0000
vt 0.9299 0.5092 0.0000
vt 0.9294 0.4919 0.0000
vt 0.9395 0.4861 0.0000
vt 0.9294 0.5278 0.0000
vt 0.9419 0.6827 0.0000
vt 0.9482 0.4818 0.0000
vt 0.9352 0.6825 0.0000
vt 0.9236 0.6820 0.0000
vt 0.9159 0.6820 0.0000
vt 0.9207 0.5275 0.0000
vt 0.8531 0.7052 0.0000
vt 0.8531 0.7643 0.0000
vt 0.8429 0.7052 0.0000
vt 0.8502 0.7705 0.0000
vt 0.8429 0.8015 0.0000
vt 0.8507 0.8015 0.0000
vt 0.9478 0.1915 0.0000
vt 0.9416 0.1915 0.0000
vt 0.9421 0.1652 0.0000
vt 0.9478 0.1652 0.0000
vt 0.9421 0.1566 0.0000
vt 0.9497 0.1571 0.0000
vt 0.7944 0.1725 0.0000
vt 0.7944 0.3755 0.0000
vt 0.7527 0.3889 0.0000
vt 0.7899 0.1680 0.0000
vt 0.9581 0.1431 0.0000
vt 0.9576 0.1274 0.0000
vt 0.9763 0.1331 0.0000
vt 0.9777 0.1445 0.0000
vt 0.9605 0.1522 0.0000
vt 0.9786 0.1541 0.0000
vt 0.9638 0.1608 0.0000
vt 0.9796 0.1622 0.0000
vt 0.9729 0.1641 0.0000
vt 0.9638 0.1632 0.0000
vt 0.9796 0.1665 0.0000
vt 0.9729 0.1665 0.0000
vt 0.9729 0.1694 0.0000
vt 0.9796 0.1713 0.0000
vt 0.9638 0.1727 0.0000
vt 0.9638 0.1703 0.0000
vt 0.9786 0.1789 0.0000
vt 0.9610 0.1813 0.0000
vt 0.9777 0.1885 0.0000
vt 0.9581 0.1904 0.0000
vt 0.9763 0.1999 0.0000
vt 0.9576 0.2056 0.0000
vt 0.9158 0.7969 0.0000
vt 0.9158 0.7902 0.0000
vt 0.9341 0.7902 0.0000
vt 0.9341 0.8068 0.0000
vt 0.9158 0.8166 0.0000
vt 0.9341 0.8234 0.0000
vt 0.9158 0.8234 0.0000
vt 0.9898 0.5804 0.0000
vt 0.9902 0.7334 0.0000
vt 0.9840 0.7334 0.0000
vt 0.9840 0.5804 0.0000
vt 0.9801 0.7334 0.0000
vt 0.9806 0.5795 0.0000
vt 0.9739 0.7334 0.0000
vt 0.9729 0.5783 0.0000
vt 0.9681 0.7334 0.0000
vt 0.9647 0.5770 0.0000
vt 0.9632 0.7380 0.0000
vt 0.9526 0.5727 0.0000
vt 0.9531 0.7739 0.0000
vt 0.9632 0.7739 0.0000
vt 0.9166 0.8641 0.0000
vt 0.9267 0.8795 0.0000
vt 0.9296 0.8760 0.0000
vt 0.9330 0.8781 0.0000
vt 0.9330 0.8840 0.0000
vt 0.9693 0.0763 0.0000
vt 0.9392 0.0763 0.0000
vt 0.9392 0.0596 0.0000
vt 0.9693 0.0515 0.0000
vt 0.9392 0.0515 0.0000
vt 0.9693 0.0429 0.0000
vt 0.9392 0.0429 0.0000
vt 0.9392 0.0176 0.0000
vt 0.9693 0.0176 0.0000
vt 0.9693 0.0095 0.0000
vt 0.9392 0.0095 0.0000
vt 0.9719 0.7448 0.0000
vt 0.9738 0.7448 0.0000
vt 0.9738 0.7752 0.0000
vt 0.9719 0.7752 0.0000
vt 0.9695 0.7448 0.0000
vt 0.9695 0.7752 0.0000
vt 0.9859 0.7462 0.0000
vt 0.9859 0.7767 0.0000
vt 0.9840 0.7767 0.0000
vt 0.9840 0.7462 0.0000
vt 0.9815 0.7767 0.0000
vt 0.9815 0.7462 0.0000
vt 0.9615 0.3506 0.0000
vt 0.9567 0.3506 0.0000
vt 0.9567 0.3387 0.0000
vt 0.9051 0.7294 0.0000
vt 0.9109 0.7294 0.0000
vt 0.9094 0.8824 0.0000
vt 0.9041 0.8824 0.0000
vt 0.9013 0.7294 0.0000
vt 0.9003 0.8830 0.0000
vt 0.8969 0.7549 0.0000
vt 0.8974 0.7294 0.0000
vt 0.8931 0.7621 0.0000
vt 0.8931 0.8847 0.0000
vt 0.8844 0.8864 0.0000
vt 0.8882 0.7573 0.0000
vt 0.8844 0.7245 0.0000
vt 0.8882 0.7294 0.0000
vt 0.8728 0.8897 0.0000
vt 0.8738 0.6886 0.0000
vt 0.8844 0.6886 0.0000
vt 0.9273 0.1861 0.0000
vt 0.9354 0.1857 0.0000
vt 0.9359 0.1924 0.0000
vt 0.9254 0.1928 0.0000
vt 0.9373 0.2200 0.0000
vt 0.9111 0.0248 0.0000
vt 0.9173 0.0219 0.0000
vt 0.9206 0.2210 0.0000
vt 0.9392 0.2616 0.0000
vt 0.9292 0.2792 0.0000
vt 0.9263 0.3379 0.0000
vt 0.9402 0.2788 0.0000
vt 0.9430 0.3375 0.0000
vt 0.9397 0.3427 0.0000
vt 0.9435 0.3418 0.0000
vt 0.9440 0.3437 0.0000
vt 0.9263 0.3432 0.0000
vt 0.9397 0.3451 0.0000
vt 0.9378 0.3461 0.0000
vt 0.9435 0.3537 0.0000
vt 0.9354 0.3475 0.0000
vt 0.9268 0.3470 0.0000
vt 0.9402 0.3580 0.0000
vt 0.9493 0.3599 0.0000
vt 0.9493 0.3651 0.0000
vt 0.9583 0.3623 0.0000
vt 0.9583 0.3675 0.0000
vt 0.9674 0.3651 0.0000
vt 0.9674 0.3599 0.0000
vt 0.9765 0.3461 0.0000
vt 0.9903 0.3427 0.0000
vt 0.9903 0.3465 0.0000
vt 0.9903 0.3379 0.0000
vt 0.9746 0.2792 0.0000
vt 0.9750 0.2625 0.0000
vt 0.9860 0.2210 0.0000
vt 0.9755 0.2210 0.0000
vt 0.9922 0.2210 0.0000
vt 0.9951 0.0238 0.0000
vt 0.9889 0.0215 0.0000
vt 0.9831 0.3744 0.0000
vt 0.9784 0.3744 0.0000
vt 0.9784 0.3697 0.0000
vt 0.9884 0.3697 0.0000
vt 0.9831 0.3954 0.0000
vt 0.9736 0.4031 0.0000
vt 0.9712 0.3954 0.0000
vt 0.9836 0.4031 0.0000
vt 0.9846 0.4050 0.0000
vt 0.9884 0.4112 0.0000
vt 0.9836 0.4069 0.0000
vt 0.9798 0.4121 0.0000
vt 0.9755 0.4102 0.0000
vt 0.9722 0.4183 0.0000
vt 0.9750 0.4226 0.0000
vt 0.9660 0.4246 0.0000
vt 0.9660 0.4303 0.0000
vt 0.9569 0.4274 0.0000
vt 0.9569 0.4322 0.0000
vt 0.9478 0.4303 0.0000
vt 0.9483 0.4246 0.0000
vt 0.9392 0.4226 0.0000
vt 0.9421 0.4183 0.0000
vt 0.9340 0.4121 0.0000
vt 0.9388 0.4102 0.0000
vt 0.9306 0.4069 0.0000
vt 0.9254 0.4112 0.0000
vt 0.9297 0.4050 0.0000
vt 0.9254 0.3697 0.0000
vt 0.9306 0.4031 0.0000
vt 0.9311 0.3954 0.0000
vt 0.9407 0.4031 0.0000
vt 0.9430 0.3954 0.0000
vt 0.9311 0.3744 0.0000
vt 0.9354 0.3697 0.0000
vt 0.9354 0.3744 0.0000
vt 0.9391 0.7885 0.0000
vt 0.9695 0.7885 0.0000
vt 0.9695 0.7965 0.0000
vt 0.9391 0.7965 0.0000
vt 0.9695 0.8071 0.0000
vt 0.9391 0.8071 0.0000
vt 0.9391 0.8186 0.0000
vt 0.9695 0.8186 0.0000
vt 0.9695 0.8280 0.0000
vt 0.9391 0.8280 0.0000
vt 0.9391 0.8374 0.0000
vt 0.9695 0.8374 0.0000
vt 0.9700 0.8487 0.0000
vt 0.9391 0.8487 0.0000
vt 0.9700 0.8593 0.0000
vt 0.9387 0.8593 0.0000
vt 0.9387 0.8677 0.0000
vt 0.9700 0.8677 0.0000
vt 0.8584 0.8326 0.0000
vt 0.8540 0.8325 0.0000
vt 0.8540 0.8279 0.0000
vt 0.8646 0.8279 0.0000
vt 0.8579 0.8555 0.0000
vt 0.8646 0.8729 0.0000
vt 0.8579 0.8720 0.0000
vt 0.8401 0.8702 0.0000
vt 0.8401 0.8547 0.0000
vt 0.8540 0.8814 0.0000
vt 0.8396 0.8792 0.0000
vt 0.8468 0.8908 0.0000
vt 0.8357 0.8865 0.0000
vt 0.8367 0.8960 0.0000
vt 0.8333 0.8869 0.0000
vt 0.8343 0.8890 0.0000
vt 0.8333 0.8916 0.0000
vt 0.8313 0.8938 0.0000
vt 0.8327 0.8926 0.0000
vt 0.8361 0.8971 0.0000
vt 0.8298 0.8941 0.0000
vt 0.8259 0.8900 0.0000
vt 0.8269 0.8879 0.0000
vt 0.8065 0.8823 0.0000
vt 0.8201 0.8711 0.0000
vt 0.8026 0.8729 0.0000
vt 0.8016 0.8339 0.0000
vt 0.8060 0.8281 0.0000
vt 0.8065 0.8333 0.0000
vt 0.9703 0.0938 0.0000
vt 0.9703 0.1142 0.0000
vt 0.9684 0.1171 0.0000
vt 0.9679 0.0908 0.0000
vt 0.9611 0.1195 0.0000
vt 0.9611 0.0884 0.0000
vt 0.9523 0.0884 0.0000
vt 0.9528 0.1200 0.0000
vt 0.9402 0.1171 0.0000
vt 0.9407 0.0908 0.0000
vt 0.8377 0.2314 0.0000
vt 0.8377 0.3446 0.0000
vt 0.9617 0.2175 0.0000
vt 0.9631 0.2175 0.0000
vt 0.9646 0.2175 0.0000
vt 0.9660 0.2190 0.0000
vt 0.8707 0.4874 0.0000
vt 0.8707 0.5132 0.0000
vt 0.8527 0.5040 0.0000
vt 0.8357 0.5040 0.0000
vt 0.8177 0.5132 0.0000
vt 0.8177 0.4874 0.0000
vt 0.8357 0.4840 0.0000
vt 0.9432 0.2228 0.0000
vt 0.9432 0.2068 0.0000
vt 0.9510 0.2175 0.0000
vt 0.9520 0.2228 0.0000
vt 0.9510 0.2287 0.0000
vt 0.9432 0.2393 0.0000
vt 0.9484 0.2458 0.0000
vt 0.9542 0.2458 0.0000
vt 0.9494 0.2526 0.0000
vt 0.9464 0.2487 0.0000
vt 0.9430 0.2511 0.0000
vt 0.9430 0.2570 0.0000
vt 0.8377 0.5645 0.0000
vt 0.8454 0.5645 0.0000
vt 0.8021 0.8566 0.0000
vt 0.8201 0.8555 0.0000
vt 0.7958 0.8737 0.0000
vt 0.7948 0.8294 0.0000
vt 0.8527 0.4840 0.0000
vt 0.8576 0.5321 0.0000
vt 0.8707 0.7350 0.0000
vt 0.8576 0.7350 0.0000
vt 0.8313 0.5321 0.0000
vt 0.8177 0.7350 0.0000
vt 0.8313 0.7350 0.0000
vt 0.9665 0.2272 0.0000
vt 0.9597 0.2272 0.0000
vt 0.1223 0.9668 0.0000
vt 0.1225 0.9262 0.0000
vt 0.1335 0.9261 0.0000
vt 0.1575 0.9923 0.0000
vt 0.1575 0.9732 0.0000
vt 0.1612 0.9783 0.0000
vt 0.1512 0.9699 0.0000
vt 0.1173 0.9322 0.0000
vt 0.1145 0.9485 0.0000
vt 0.1107 0.9433 0.0000
vt 0.1068 0.9540 0.0000
vt 0.1068 0.9559 0.0000
vt 0.1043 0.9559 0.0000
vt 0.1043 0.9540 0.0000
vt 0.1044 0.9515 0.0000
vt 0.1334 0.9668 0.0000
vt 0.1581 0.9253 0.0000
vt 0.1581 0.9661 0.0000
vt 0.1379 0.9661 0.0000
vt 0.1379 0.9253 0.0000
vt 0.1785 0.9482 0.0000
vt 0.1785 0.9421 0.0000
vt 0.1848 0.9421 0.0000
vt 0.1792 0.9351 0.0000
vt 0.1842 0.9351 0.0000
vt 0.1842 0.9297 0.0000
vt 0.1792 0.9297 0.0000
vt 0.1790 0.9252 0.0000
vt 0.1800 0.9270 0.0000
vt 0.1826 0.9280 0.0000
vt 0.1843 0.9280 0.0000
vt 0.1317 0.9732 0.0000
vt 0.1207 0.9933 0.0000
vt 0.1207 0.9732 0.0000
vt 0.1390 0.9933 0.0000
vt 0.1390 0.9806 0.0000
vt 0.1686 0.9928 0.0000
vt 0.1686 0.9753 0.0000
vt 0.1704 0.9753 0.0000
vt 0.1871 0.9928 0.0000
vt 0.1730 0.9742 0.0000
vt 0.1740 0.9724 0.0000
vt 0.1871 0.9521 0.0000
vt 0.1730 0.9706 0.0000
vt 0.1704 0.9696 0.0000
vt 0.1686 0.9521 0.0000
vt 0.1686 0.9696 0.0000
vt 0.0950 0.9967 0.0000
vt 0.0950 0.9766 0.0000
vt 0.1060 0.9967 0.0000
vt 0.1133 0.9766 0.0000
vt 0.1133 0.9893 0.0000
vt 0.1632 0.9256 0.0000
vt 0.1695 0.9317 0.0000
vt 0.1638 0.9319 0.0000
vt 0.1697 0.9393 0.0000
vt 0.1643 0.9391 0.0000
vt 0.1639 0.9443 0.0000
vt 0.1690 0.9447 0.0000
vt 0.1691 0.9464 0.0000
vt 0.1672 0.9463 0.0000
vt 0.1647 0.9472 0.0000
vt 0.1635 0.9488 0.0000
vt 0.1612 0.9873 0.0000
vt 0.1619 0.9827 0.0000
vt 0.1512 0.9956 0.0000
vt 0.1459 0.9961 0.0000
vt 0.1459 0.9694 0.0000
vt 0.1144 0.9579 0.0000
vt 0.1147 0.9562 0.0000
vt 0.1173 0.9562 0.0000
vt 0.1172 0.9742 0.0000
vt 0.1106 0.9632 0.0000
vt 0.1040 0.9664 0.0000
vt 0.1040 0.9742 0.0000
vt 0.0963 0.9670 0.0000
vt 0.0933 0.9742 0.0000
vt 0.0934 0.9322 0.0000
vt 0.0965 0.9394 0.0000
vt 0.1042 0.9322 0.0000
vt 0.1042 0.9400 0.0000
vt 0.1173 0.9503 0.0000
vt 0.1148 0.9503 0.0000
vt 0.1068 0.9515 0.0000
vt 0.1047 0.9495 0.0000
vt 0.1069 0.9495 0.0000
vt 0.1068 0.9475 0.0000
vt 0.1044 0.9475 0.0000
vt 0.1068 0.9449 0.0000
vt 0.1043 0.9449 0.0000
vt 0.1043 0.9430 0.0000
vt 0.1068 0.9430 0.0000
vt 0.3426 0.6109 0.0000
vt 0.3306 0.6121 0.0000
vt 0.3270 0.6085 0.0000
vt 0.3362 0.6233 0.0000
vt 0.3479 0.6145 0.0000
vt 0.3494 0.6216 0.0000
vt 0.3477 0.6299 0.0000
vt 0.4475 0.0906 0.0000
vt 0.4290 0.0740 0.0000
vt 0.4954 0.1173 0.0000
vt 0.4764 0.0438 0.0000
vt 0.4360 0.0292 0.0000
vt 0.4533 0.0292 0.0000
vt 0.4504 0.0229 0.0000
vt 0.4458 0.0209 0.0000
vt 0.1187 0.4434 0.0000
vt 0.1296 0.4493 0.0000
vt 0.2514 0.4941 0.0000
vt 0.2204 0.4989 0.0000
vt 0.2226 0.4955 0.0000
vt 0.2565 0.4989 0.0000
vt 0.2202 0.5040 0.0000
vt 0.2077 0.5084 0.0000
vt 0.2572 0.5045 0.0000
vt 0.2232 0.5084 0.0000
vt 0.2107 0.5128 0.0000
vt 0.2667 0.5072 0.0000
vt 0.2540 0.5094 0.0000
vt 0.2253 0.5235 0.0000
vt 0.2501 0.5243 0.0000
vt 0.2521 0.5347 0.0000
vt 0.2454 0.5269 0.0000
vt 0.2371 0.5272 0.0000
vt 0.2294 0.5264 0.0000
vt 0.4370 0.2898 0.0000
vt 0.4654 0.2676 0.0000
vt 0.4679 0.2898 0.0000
vt 0.4252 0.3076 0.0000
vt 0.4422 0.3185 0.0000
vt 0.4333 0.2642 0.0000
vt 0.4654 0.2568 0.0000
vt 0.4338 0.2533 0.0000
vt 0.4262 0.2889 0.0000
vt 0.4170 0.2592 0.0000
vt 0.4202 0.2498 0.0000
vt 0.4153 0.2745 0.0000
vt 0.4106 0.2859 0.0000
vt 0.4116 0.2736 0.0000
vt 0.4082 0.0077 0.0000
vt 0.4163 0.0057 0.0000
vt 0.4129 0.0239 0.0000
vt 0.4850 0.0097 0.0000
vt 0.4850 0.0126 0.0000
vt 0.4596 0.0097 0.0000
vt 0.5278 0.0239 0.0000
vt 0.6204 0.2711 0.0000
vt 0.6180 0.2603 0.0000
vt 0.6362 0.2652 0.0000
vt 0.6056 0.2633 0.0000
vt 0.6184 0.2963 0.0000
vt 0.6076 0.2741 0.0000
vt 0.5909 0.2982 0.0000
vt 0.6106 0.3332 0.0000
vt 0.6017 0.3371 0.0000
vt 0.5810 0.2741 0.0000
vt 0.5451 0.3302 0.0000
vt 0.5968 0.3499 0.0000
vt 0.5392 0.2958 0.0000
vt 0.5352 0.2726 0.0000
vt 0.4919 0.2928 0.0000
vt 0.4872 0.2687 0.0000
vt 0.4966 0.3238 0.0000
vt 0.5505 0.3613 0.0000
vt 0.4907 0.3524 0.0000
vt 0.5702 0.3810 0.0000
vt 0.5525 0.3731 0.0000
vt 0.6002 0.3696 0.0000
vt 0.5707 0.3888 0.0000
vt 0.5308 0.3849 0.0000
vt 0.6066 0.3893 0.0000
vt 0.6155 0.3741 0.0000
vt 0.5333 0.3982 0.0000
vt 0.6327 0.3869 0.0000
vt 0.6263 0.3814 0.0000
vt 0.6303 0.3785 0.0000
vt 0.6455 0.3829 0.0000
vt 0.5741 0.3997 0.0000
vt 0.6101 0.4006 0.0000
vt 0.6505 0.3962 0.0000
vt 0.6372 0.3992 0.0000
vt 0.5766 0.4130 0.0000
vt 0.6120 0.4125 0.0000
vt 0.5372 0.4135 0.0000
vt 0.6125 0.4405 0.0000
vt 0.6381 0.4125 0.0000
vt 0.6514 0.4125 0.0000
vt 0.5766 0.4410 0.0000
vt 0.6386 0.4405 0.0000
vt 0.6514 0.4400 0.0000
vt 0.6106 0.4533 0.0000
vt 0.6377 0.4538 0.0000
vt 0.6569 0.4120 0.0000
vt 0.6514 0.4563 0.0000
vt 0.6539 0.3947 0.0000
vt 0.6495 0.3839 0.0000
vt 0.6569 0.4405 0.0000
vt 0.6628 0.4405 0.0000
vt 0.6554 0.4583 0.0000
vt 0.6613 0.4597 0.0000
vt 0.6450 0.4720 0.0000
vt 0.6495 0.4740 0.0000
vt 0.6337 0.4671 0.0000
vt 0.6293 0.4947 0.0000
vt 0.6081 0.4652 0.0000
vt 0.6027 0.4922 0.0000
vt 0.6194 0.5567 0.0000
vt 0.5746 0.4543 0.0000
vt 0.5717 0.4661 0.0000
vt 0.5372 0.4415 0.0000
vt 0.5342 0.4568 0.0000
vt 0.4995 0.4139 0.0000
vt 0.4998 0.4420 0.0000
vt 0.5323 0.4701 0.0000
vt 0.4968 0.3933 0.0000
vt 0.5520 0.4927 0.0000
vt 0.4981 0.4612 0.0000
vt 0.4956 0.4799 0.0000
vt 0.5928 0.5558 0.0000
vt 0.4503 0.5068 0.0000
vt 0.5416 0.5577 0.0000
vt 0.6091 0.5794 0.0000
vt 0.5835 0.5791 0.0000
vt 0.6224 0.5814 0.0000
vt 0.6204 0.5919 0.0000
vt 0.6081 0.5905 0.0000
vt 0.5825 0.5905 0.0000
vt 0.5382 0.5814 0.0000
vt 0.5377 0.5927 0.0000
vt 0.4412 0.5641 0.0000
vt 0.4372 0.5885 0.0000
vt 0.4370 0.5998 0.0000
vt 0.4099 0.5631 0.0000
vt 0.4065 0.5932 0.0000
vt 0.3831 0.5594 0.0000
vt 0.3772 0.5981 0.0000
vt 0.3929 0.4962 0.0000
vt 0.4203 0.4977 0.0000
vt 0.4540 0.4834 0.0000
vt 0.4257 0.4671 0.0000
vt 0.4006 0.4617 0.0000
vt 0.4754 0.4642 0.0000
vt 0.4161 0.4479 0.0000
vt 0.4015 0.4484 0.0000
vt 0.4033 0.4420 0.0000
vt 0.4015 0.4420 0.0000
vt 0.4077 0.4376 0.0000
vt 0.4188 0.4386 0.0000
vt 0.4303 0.4430 0.0000
vt 0.4291 0.4533 0.0000
vt 0.4431 0.4602 0.0000
vt 0.4564 0.4637 0.0000
vt 0.4557 0.4479 0.0000
vt 0.4761 0.4425 0.0000
vt 0.4761 0.4282 0.0000
vt 0.4759 0.4139 0.0000
vt 0.4742 0.3918 0.0000
vt 0.4552 0.4090 0.0000
vt 0.4936 0.3750 0.0000
vt 0.4520 0.3726 0.0000
vt 0.4555 0.3928 0.0000
vt 0.4414 0.3957 0.0000
vt 0.4395 0.3780 0.0000
vt 0.4271 0.3913 0.0000
vt 0.4284 0.4051 0.0000
vt 0.4156 0.4120 0.0000
vt 0.4311 0.4149 0.0000
vt 0.4198 0.4208 0.0000
vt 0.4136 0.3982 0.0000
vt 0.4082 0.4238 0.0000
vt 0.4033 0.4199 0.0000
vt 0.4003 0.4135 0.0000
vt 0.4013 0.4199 0.0000
vt 0.3978 0.3992 0.0000
vt 0.4067 0.3632 0.0000
vt 0.3902 0.3642 0.0000
vt 0.4212 0.3603 0.0000
vt 0.3993 0.3332 0.0000
vt 0.3828 0.3342 0.0000
vt 0.4180 0.3465 0.0000
vt 0.4360 0.3544 0.0000
vt 0.3949 0.3164 0.0000
vt 0.4008 0.3164 0.0000
vt 0.4070 0.3312 0.0000
vt 0.4190 0.3278 0.0000
vt 0.4129 0.3056 0.0000
vt 0.4259 0.3411 0.0000
vt 0.4318 0.3376 0.0000
vt 0.4476 0.3494 0.0000
vt 0.4281 0.3243 0.0000
vt 0.4729 0.3184 0.0000
vt 0.4885 0.3238 0.0000
vt 0.4830 0.3071 0.0000
vt 0.4796 0.2889 0.0000
vt 0.4801 0.2756 0.0000
vt 0.4128 0.3056 0.0000
vt 0.4074 0.0239 0.0000
vt 0.4084 0.0382 0.0000
vt 0.4119 0.0387 0.0000
vt 0.4124 0.0628 0.0000
vt 0.4148 0.0628 0.0000
vt 0.4239 0.1037 0.0000
vt 0.4215 0.1047 0.0000
vt 0.4461 0.0102 0.0000
vt 0.4461 0.0047 0.0000
vt 0.4596 0.0052 0.0000
vt 0.5288 0.0220 0.0000
vt 0.5707 0.0323 0.0000
vt 0.5958 0.0392 0.0000
vt 0.5800 0.2633 0.0000
vt 0.5347 0.2608 0.0000
vt 0.4917 0.2583 0.0000
vt 0.4653 0.2569 0.0000
vt 0.4116 0.6025 0.0000
vt 0.3831 0.6043 0.0000
vt 0.4441 0.4489 0.0000
vt 0.4560 0.4282 0.0000
vt 0.4434 0.4070 0.0000
vt 0.4422 0.3184 0.0000
vt 0.4678 0.2899 0.0000
vt 0.4653 0.2677 0.0000
vt 0.4370 0.2899 0.0000
vt 0.3375 0.6306 0.0000
vt 0.3465 0.6464 0.0000
vt 0.3370 0.6469 0.0000
vt 0.4212 0.0643 0.0000
vt 0.5134 0.1217 0.0000
vt 0.4229 0.0501 0.0000
vt 0.5412 0.0784 0.0000
vt 0.5281 0.0638 0.0000
vt 0.4871 0.0355 0.0000
vt 0.1340 0.4590 0.0000
vt 0.1413 0.4775 0.0000
vt 0.1341 0.4775 0.0000
vt 0.1411 0.4585 0.0000
vt 0.1346 0.4502 0.0000
vt 0.1442 0.4507 0.0000
vt 0.1351 0.4439 0.0000
vt 0.1491 0.4424 0.0000
vt 0.1334 0.4395 0.0000
vt 0.1490 0.4351 0.0000
vt 0.1423 0.4259 0.0000
vt 0.1285 0.4244 0.0000
vt 0.1282 0.4205 0.0000
vt 0.1182 0.4181 0.0000
vt 0.1189 0.4308 0.0000
vt 0.1282 0.4293 0.0000
vt 0.1294 0.4420 0.0000
vt 0.2579 0.4751 0.0000
vt 0.2483 0.4722 0.0000
vt 0.2550 0.4687 0.0000
vt 0.2589 0.4785 0.0000
vt 0.2626 0.4926 0.0000
vt 0.2226 0.4853 0.0000
vt 0.2662 0.4975 0.0000
vt 0.2086 0.4892 0.0000
vt 0.2084 0.4965 0.0000
vt 0.2064 0.5011 0.0000
vt 0.2628 0.5135 0.0000
vt 0.2171 0.5286 0.0000
vt 0.2579 0.5286 0.0000
vt 0.2247 0.5352 0.0000
vt 0.2385 0.5379 0.0000
vt 0.4276 0.0136 0.0000
vt 0.4299 0.0057 0.0000
vt 0.6391 0.2869 0.0000
vt 0.6480 0.3430 0.0000
vt 0.6406 0.3401 0.0000
vt 0.6377 0.3366 0.0000
vt 0.6313 0.3352 0.0000
vt 0.6273 0.3366 0.0000
vt 0.5958 0.3632 0.0000
vt 0.6184 0.3800 0.0000
vt 0.6569 0.3854 0.0000
vt 0.6608 0.3942 0.0000
vt 0.6633 0.4120 0.0000
vt 0.6559 0.4775 0.0000
vt 0.6514 0.5050 0.0000
vt 0.6411 0.5663 0.0000
vt 0.6367 0.5868 0.0000
vt 0.3725 0.2977 0.0000
vt 0.3887 0.2958 0.0000
vt 0.3969 0.2958 0.0000
vt 0.4067 0.2928 0.0000
vt 0.6332 0.2554 0.0000
vt 0.6342 0.5971 0.0000
vt 0.9323 0.8897 0.0000
vt 0.9367 0.8897 0.0000
vt 0.9367 0.9211 0.0000
vt 0.9323 0.9211 0.0000
vt 0.8649 0.9726 0.0000
vt 0.8649 0.9776 0.0000
vt 0.8615 0.9776 0.0000
vt 0.8615 0.9726 0.0000
vt 0.8649 0.9676 0.0000
vt 0.8615 0.9676 0.0000
vt 0.8649 0.9482 0.0000
vt 0.8615 0.9482 0.0000
vt 0.8615 0.9435 0.0000
vt 0.8649 0.9435 0.0000
vt 0.9235 0.9258 0.0000
vt 0.9235 0.9016 0.0000
vt 0.9284 0.9016 0.0000
vt 0.8830 0.9425 0.0000
vt 0.8800 0.9005 0.0000
vt 0.9112 0.9009 0.0000
vt 0.9107 0.9558 0.0000
vt 0.8849 0.9491 0.0000
vt 0.8844 0.9546 0.0000
vt 0.9068 0.9636 0.0000
vt 0.8986 0.9701 0.0000
vt 0.8805 0.9615 0.0000
vt 0.8825 0.9821 0.0000
vt 0.8742 0.9682 0.0000
vt 0.8708 0.9721 0.0000
vt 0.8781 0.9838 0.0000
vt 0.8693 0.9778 0.0000
vt 0.8727 0.9826 0.0000
vt 0.8649 0.9631 0.0000
vt 0.8615 0.9631 0.0000
vt 0.8649 0.9551 0.0000
vt 0.8615 0.9551 0.0000
vt 0.8649 0.9375 0.0000
vt 0.8615 0.9375 0.0000
vt 0.8649 0.9010 0.0000
vt 0.8615 0.9010 0.0000
vt 0.9235 0.8962 0.0000
vt 0.9235 0.8894 0.0000
vt 0.9284 0.8894 0.0000
vt 0.9284 0.8962 0.0000
vt 0.9284 0.9258 0.0000
vt 0.9284 0.9384 0.0000
vt 0.9235 0.9384 0.0000
vt 0.9166 0.8989 0.0000
vt 0.9166 0.8902 0.0000
vt 0.9210 0.8902 0.0000
vt 0.9210 0.8989 0.0000
vt 0.9210 0.9549 0.0000
vt 0.9166 0.9549 0.0000
vt 0.5149 0.1666 0.0000
vt 0.5154 0.1842 0.0000
vt 0.5120 0.1842 0.0000
vt 0.5203 0.1842 0.0000
vt 0.5164 0.1953 0.0000
vt 0.5159 0.2099 0.0000
vt 0.5022 0.2099 0.0000
vt 0.6741 0.5218 0.0000
vt 0.6833 0.5215 0.0000
vt 0.6833 0.5254 0.0000
vt 0.6833 0.5354 0.0000
vt 0.6833 0.5405 0.0000
vt 0.6687 0.5405 0.0000
vt 0.4803 0.1734 0.0000
vt 0.4818 0.1686 0.0000
vt 0.4845 0.1671 0.0000
vt 0.4808 0.1788 0.0000
vt 0.4910 0.1661 0.0000
vt 0.4828 0.1817 0.0000
vt 0.4966 0.1676 0.0000
vt 0.4859 0.1837 0.0000
vt 0.5115 0.1671 0.0000
vt 0.5198 0.1661 0.0000
vt 0.5349 0.1656 0.0000
vt 0.5354 0.1842 0.0000
vt 0.5393 0.1807 0.0000
vt 0.5393 0.1691 0.0000
vt 0.5407 0.1749 0.0000
vt 0.6882 0.6131 0.0000
vt 0.6741 0.6128 0.0000
vt 0.6882 0.5992 0.0000
vt 0.6848 0.5965 0.0000
vt 0.6741 0.5934 0.0000
vt 0.6833 0.5934 0.0000
vt 0.6833 0.5668 0.0000
vt 0.6741 0.5668 0.0000
vt 0.5001 0.2060 0.0000
vt 0.4969 0.1953 0.0000
vt 0.4969 0.2045 0.0000
vt 0.4815 0.2045 0.0000
vt 0.4774 0.2001 0.0000
vt 0.4703 0.1953 0.0000
vt 0.4703 0.2001 0.0000
vt 0.6741 0.5072 0.0000
vt 0.6741 0.5040 0.0000
vt 0.6784 0.5038 0.0000
vt 0.6784 0.5072 0.0000
vt 0.6741 0.5128 0.0000
vt 0.6789 0.5128 0.0000
vt 0.6784 0.5186 0.0000
vt 0.6741 0.5186 0.0000
vt 0.6741 0.5257 0.0000
vt 0.6833 0.5520 0.0000
vt 0.6833 0.5571 0.0000
vt 0.6687 0.5571 0.0000
vt 0.6687 0.5520 0.0000
vt 0.6833 0.5461 0.0000
vt 0.6687 0.5461 0.0000
vt 0.6687 0.5354 0.0000
vt 0.7987 0.7480 0.0000
vt 0.7914 0.7416 0.0000
vt 0.8055 0.7363 0.0000
vt 0.8124 0.7516 0.0000
vt 0.8148 0.7463 0.0000
vt 0.7549 0.7414 0.0000
vt 0.7164 0.7414 0.0000
vt 0.7164 0.7200 0.0000
vt 0.6994 0.7392 0.0000
vt 0.6994 0.7010 0.0000
vt 0.7106 0.7010 0.0000
vt 0.7106 0.7392 0.0000
vt 0.7661 0.7583 0.0000
vt 0.7661 0.7964 0.0000
vt 0.7602 0.7964 0.0000
vt 0.7602 0.7583 0.0000
vt 0.7792 0.7561 0.0000
vt 0.7792 0.7942 0.0000
vt 0.7710 0.7942 0.0000
vt 0.7710 0.7561 0.0000
vt 0.7836 0.7948 0.0000
vt 0.7836 0.7567 0.0000
vt 0.7997 0.7567 0.0000
vt 0.7997 0.7948 0.0000
vt 0.7052 0.7436 0.0000
vt 0.7106 0.7436 0.0000
vt 0.7106 0.7815 0.0000
vt 0.7052 0.7815 0.0000
vt 0.6926 0.7806 0.0000
vt 0.6862 0.7806 0.0000
vt 0.6862 0.7426 0.0000
vt 0.6926 0.7426 0.0000
vt 0.8177 0.7565 0.0000
vt 0.8177 0.7945 0.0000
vt 0.8041 0.7945 0.0000
vt 0.8041 0.7565 0.0000
vt 0.7997 0.7051 0.0000
vt 0.7890 0.7114 0.0000
vt 0.7914 0.7063 0.0000
vt 0.7997 0.7161 0.0000
vt 0.7890 0.7326 0.0000
vt 0.8060 0.7302 0.0000
vt 0.8143 0.7236 0.0000
vt 0.8143 0.7295 0.0000
vt 0.7705 0.7516 0.0000
vt 0.7617 0.7504 0.0000
vt 0.7598 0.7453 0.0000
vt 0.7705 0.7407 0.0000
vt 0.7598 0.7241 0.0000
vt 0.7763 0.7265 0.0000
vt 0.7846 0.7329 0.0000
vt 0.7846 0.7273 0.0000
vt 0.7758 0.7202 0.0000
vt 0.7622 0.7151 0.0000
vt 0.7690 0.7085 0.0000
vt 0.7831 0.7051 0.0000
vt 0.7851 0.7102 0.0000
vt 0.7164 0.7057 0.0000
vt 0.7553 0.7057 0.0000
vt 0.7553 0.7146 0.0000
vt 0.7164 0.7143 0.0000
vt 0.7549 0.7200 0.0000
vt 0.7164 0.7508 0.0000
vt 0.7549 0.7508 0.0000
vt 0.7164 0.7604 0.0000
vt 0.7549 0.7604 0.0000
vt 0.7549 0.7748 0.0000
vt 0.7164 0.7749 0.0000
vt 0.9317 0.9408 0.0000
vt 0.9346 0.9395 0.0000
vt 0.9346 0.9475 0.0000
vt 0.9429 0.9395 0.0000
vt 0.9229 0.9865 0.0000
vt 0.9380 0.9865 0.0000
vt 0.9380 0.9908 0.0000
vt 0.9229 0.9908 0.0000
vt 0.9921 0.9783 0.0000
vt 0.9921 0.9950 0.0000
vt 0.9877 0.9948 0.0000
vt 0.9877 0.9783 0.0000
vt 0.9336 0.9563 0.0000
vt 0.9365 0.9576 0.0000
vt 0.9312 0.9576 0.0000
vt 0.9297 0.9602 0.0000
vt 0.9380 0.9602 0.0000
vt 0.9297 0.9727 0.0000
vt 0.9380 0.9727 0.0000
vt 0.9805 0.9772 0.0000
vt 0.9474 0.9815 0.0000
vt 0.9474 0.9772 0.0000
vt 0.9640 0.9939 0.0000
vt 0.9805 0.9939 0.0000
vt 0.9317 0.9459 0.0000
vt 0.9307 0.9434 0.0000
vt 0.9473 0.9475 0.0000
vt 0.9473 0.9350 0.0000
vt 0.9429 0.9350 0.0000
vt 0.9024 0.9865 0.0000
vt 0.9024 0.9908 0.0000
vt 0.9508 0.9339 0.0000
vt 0.9956 0.9339 0.0000
vt 0.9956 0.9465 0.0000
vt 0.9508 0.9465 0.0000
vt 0.9956 0.9495 0.0000
vt 0.9508 0.9495 0.0000
vt 0.9956 0.9523 0.0000
vt 0.9508 0.9523 0.0000
vt 0.9956 0.9551 0.0000
vt 0.9508 0.9551 0.0000
vt 0.9956 0.9581 0.0000
vt 0.9508 0.9581 0.0000
vt 0.9839 0.9664 0.0000
vt 0.9508 0.9664 0.0000
vt 0.9956 0.9706 0.0000
vt 0.9839 0.9706 0.0000
vt 0.6190 0.7171 0.0000
vt 0.6263 0.7171 0.0000
vt 0.6263 0.7234 0.0000
vt 0.6331 0.7234 0.0000
vt 0.6331 0.7171 0.0000
vt 0.6404 0.7173 0.0000
vt 0.6478 0.7173 0.0000
vt 0.6473 0.7234 0.0000
vt 0.6546 0.7175 0.0000
vt 0.6697 0.7295 0.0000
vt 0.6823 0.7324 0.0000
vt 0.6755 0.7334 0.0000
vt 0.6862 0.7270 0.0000
vt 0.6687 0.7226 0.0000
vt 0.6853 0.7202 0.0000
vt 0.6731 0.7171 0.0000
vt 0.6799 0.7161 0.0000
vt 0.6122 0.7231 0.0000
vt 0.6049 0.7229 0.0000
vt 0.6049 0.7168 0.0000
vt 0.6122 0.7168 0.0000
vt 0.6190 0.7231 0.0000
vt 0.6404 0.7234 0.0000
vt 0.6546 0.7236 0.0000
vt 0.6619 0.7175 0.0000
vt 0.6614 0.7236 0.0000
vt 0.9651 0.4763 0.0000
vt 0.9646 0.4918 0.0000
vt 0.9588 0.4923 0.0000
vt 0.9704 0.4758 0.0000
vt 0.9641 0.4976 0.0000
vt 0.9588 0.4971 0.0000
vt 0.9694 0.4913 0.0000
vt 0.9631 0.5034 0.0000
vt 0.9578 0.5024 0.0000
vt 0.9573 0.5070 0.0000
vt 0.9684 0.4976 0.0000
vt 0.9675 0.5039 0.0000
vt 0.9626 0.5078 0.0000
vt 0.9578 0.5298 0.0000
vt 0.9675 0.5085 0.0000
vt 0.9631 0.5288 0.0000
vt 0.9583 0.5344 0.0000
vt 0.9675 0.5281 0.0000
vt 0.9636 0.5334 0.0000
vt 0.9592 0.5397 0.0000
vt 0.9680 0.5325 0.0000
vt 0.9646 0.5393 0.0000
vt 0.9723 0.5603 0.0000
vt 0.9665 0.5603 0.0000
vt 0.9655 0.5451 0.0000
vt 0.9689 0.5390 0.0000
vt 0.9699 0.5456 0.0000
vt 0.9743 0.5446 0.0000
vt 0.9781 0.5594 0.0000
vt 0.9733 0.5385 0.0000
vt 0.9796 0.5422 0.0000
vt 0.9844 0.5565 0.0000
vt 0.9723 0.5322 0.0000
vt 0.9786 0.5373 0.0000
vt 0.9840 0.5400 0.0000
vt 0.9888 0.5540 0.0000
vt 0.9932 0.5521 0.0000
vt 0.9883 0.5385 0.0000
vt 0.9830 0.5364 0.0000
vt 0.9781 0.5322 0.0000
vt 0.9825 0.5322 0.0000
vt 0.9825 0.5288 0.0000
vt 0.9723 0.5279 0.0000
vt 0.9781 0.5286 0.0000
vt 0.9820 0.5073 0.0000
vt 0.9718 0.5085 0.0000
vt 0.9777 0.5078 0.0000
vt 0.9820 0.5039 0.0000
vt 0.9718 0.5041 0.0000
vt 0.9777 0.5039 0.0000
vt 0.9825 0.5000 0.0000
vt 0.9777 0.4990 0.0000
vt 0.9723 0.4981 0.0000
vt 0.9830 0.4961 0.0000
vt 0.9873 0.4816 0.0000
vt 0.9917 0.4831 0.0000
vt 0.9830 0.4792 0.0000
vt 0.9791 0.4942 0.0000
vt 0.9767 0.4768 0.0000
vt 0.9738 0.4918 0.0000
vt 0.9588 0.4768 0.0000
vt 0.9597 0.5446 0.0000
vt 0.9602 0.5598 0.0000
vt 0.9873 0.5351 0.0000
vt 0.9869 0.5318 0.0000
vt 0.9869 0.5286 0.0000
vt 0.9869 0.5073 0.0000
vt 0.9869 0.5041 0.0000
vt 0.9869 0.5005 0.0000
vt 0.9873 0.4976 0.0000
vt 0.4973 0.7063 0.0000
vt 0.4973 0.6182 0.0000
vt 0.5053 0.6182 0.0000
vt 0.5053 0.7063 0.0000
vt 0.5191 0.6189 0.0000
vt 0.5191 0.6457 0.0000
vt 0.5132 0.6457 0.0000
vt 0.5113 0.6189 0.0000
vt 0.4534 0.7061 0.0000
vt 0.4534 0.6199 0.0000
vt 0.4590 0.6199 0.0000
vt 0.4590 0.7061 0.0000
vt 0.4659 0.7066 0.0000
vt 0.4659 0.6204 0.0000
vt 0.4690 0.6182 0.0000
vt 0.4929 0.7066 0.0000
vt 0.4929 0.6182 0.0000
vt 0.5192 0.6841 0.0000
vt 0.5110 0.6841 0.0000
vt 0.5124 0.6603 0.0000
vt 0.5188 0.6603 0.0000
vt 0.5129 0.6566 0.0000
vt 0.5188 0.6566 0.0000
vt 0.9550 0.4499 0.0000
vt 0.9550 0.4451 0.0000
vt 0.9602 0.4451 0.0000
vt 0.9373 0.4563 0.0000
vt 0.9343 0.4500 0.0000
vt 0.9382 0.4491 0.0000
vt 0.9349 0.4661 0.0000
vt 0.9383 0.4661 0.0000
vt 0.9383 0.4694 0.0000
vt 0.9349 0.4694 0.0000
vt 0.9493 0.4613 0.0000
vt 0.9493 0.4666 0.0000
vt 0.9440 0.4666 0.0000
vt 0.9440 0.4613 0.0000
vt 0.9578 0.4384 0.0000
vt 0.9602 0.4499 0.0000
vt 0.9550 0.4570 0.0000
vt 0.9602 0.4570 0.0000
vt 0.9578 0.4632 0.0000
vt 0.9602 0.4522 0.0000
vt 0.9550 0.4522 0.0000
vt 0.9373 0.4612 0.0000
vt 0.9319 0.4612 0.0000
vt 0.9319 0.4563 0.0000
vt 0.9309 0.4491 0.0000
vt 0.9431 0.4510 0.0000
vt 0.9431 0.4457 0.0000
vt 0.9489 0.4457 0.0000
vt 0.9489 0.4510 0.0000
vt 0.9460 0.4568 0.0000
vt 0.9426 0.4573 0.0000
vt 0.9494 0.4573 0.0000
vt 0.7423 0.5097 0.0000
vt 0.7272 0.6796 0.0000
vt 0.7375 0.5060 0.0000
vt 0.8050 0.5063 0.0000
vt 0.8050 0.6800 0.0000
vt 0.7840 0.6800 0.0000
vt 0.7844 0.5063 0.0000
vt 0.7272 0.5060 0.0000
vt 0.7423 0.6796 0.0000
vt 0.7654 0.6796 0.0000
vt 0.7551 0.6796 0.0000
vt 0.7551 0.5060 0.0000
vt 0.7698 0.6759 0.0000
vt 0.7698 0.5060 0.0000
vt 0.7186 0.5127 0.0000
vt 0.7186 0.6815 0.0000
vt 0.6977 0.6815 0.0000
vt 0.6977 0.5127 0.0000
vt 0.6977 0.5064 0.0000
vt 0.7186 0.5064 0.0000
vt 0.7186 0.4967 0.0000
vt 0.6977 0.4967 0.0000
vt 0.0893 0.6207 0.0000
vt 0.0899 0.6152 0.0000
vt 0.0903 0.6178 0.0000
vt 0.1087 0.6214 0.0000
vt 0.1286 0.5973 0.0000
vt 0.1326 0.6011 0.0000
vt 0.1361 0.6047 0.0000
vt 0.0383 0.6292 0.0000
vt 0.0320 0.6495 0.0000
vt 0.0102 0.6292 0.0000
vt 0.0421 0.6438 0.0000
vt 0.0396 0.6438 0.0000
vt 0.0573 0.6292 0.0000
vt 0.0626 0.6292 0.0000
vt 0.0627 0.6431 0.0000
vt 0.0674 0.6292 0.0000
vt 0.0674 0.6438 0.0000
vt 0.0725 0.6292 0.0000
vt 0.0726 0.6440 0.0000
vt 0.0779 0.6431 0.0000
vt 0.0778 0.6292 0.0000
vt 0.0831 0.6290 0.0000
vt 0.0884 0.6290 0.0000
vt 0.0884 0.6381 0.0000
vt 0.0936 0.6290 0.0000
vt 0.0987 0.6290 0.0000
vt 0.0988 0.6347 0.0000
vt 0.1034 0.6290 0.0000
vt 0.1034 0.6347 0.0000
vt 0.1091 0.6290 0.0000
vt 0.1199 0.6290 0.0000
vt 0.1146 0.6407 0.0000
vt 0.1146 0.6290 0.0000
vt 0.1199 0.6436 0.0000
vt 0.1231 0.6290 0.0000
vt 0.0318 0.5956 0.0000
vt 0.0369 0.5944 0.0000
vt 0.0415 0.5946 0.0000
vt 0.0277 0.5999 0.0000
vt 0.0465 0.5985 0.0000
vt 0.0251 0.6051 0.0000
vt 0.0501 0.6037 0.0000
vt 0.0245 0.6109 0.0000
vt 0.0527 0.6090 0.0000
vt 0.0260 0.6159 0.0000
vt 0.0293 0.6199 0.0000
vt 0.0385 0.6233 0.0000
vt 0.0333 0.6226 0.0000
vt 0.0536 0.6216 0.0000
vt 0.0564 0.6106 0.0000
vt 0.0561 0.6216 0.0000
vt 0.0592 0.6214 0.0000
vt 0.0613 0.6101 0.0000
vt 0.0655 0.6207 0.0000
vt 0.0669 0.6094 0.0000
vt 0.0862 0.6123 0.0000
vt 0.0872 0.6223 0.0000
vt 0.0885 0.6130 0.0000
vt 0.0985 0.6214 0.0000
vt 0.0959 0.6214 0.0000
vt 0.0962 0.6004 0.0000
vt 0.0988 0.5999 0.0000
vt 0.1014 0.6214 0.0000
vt 0.1017 0.5989 0.0000
vt 0.1038 0.6214 0.0000
vt 0.1041 0.5982 0.0000
vt 0.1063 0.6214 0.0000
vt 0.1066 0.5975 0.0000
vt 0.1090 0.5973 0.0000
vt 0.1359 0.6214 0.0000
vt 0.0102 0.6498 0.0000
vt 0.0367 0.6452 0.0000
vt 0.0574 0.6433 0.0000
vt 0.0831 0.6407 0.0000
vt 0.0936 0.6354 0.0000
vt 0.1091 0.6374 0.0000
vt 0.1231 0.6460 0.0000
vt 0.3847 0.6579 0.0000
vt 0.3783 0.6591 0.0000
vt 0.3721 0.6579 0.0000
vt 0.4170 0.6199 0.0000
vt 0.4043 0.6199 0.0000
vt 0.4105 0.6190 0.0000
vt 0.4320 0.6715 0.0000
vt 0.4320 0.7013 0.0000
vt 0.4222 0.7013 0.0000
vt 0.4222 0.6715 0.0000
vt 0.4286 0.6531 0.0000
vt 0.4392 0.6197 0.0000
vt 0.4396 0.6548 0.0000
vt 0.4291 0.6197 0.0000
vt 0.3964 0.6786 0.0000
vt 0.4062 0.6741 0.0000
vt 0.4062 0.6977 0.0000
vt 0.3964 0.6977 0.0000
vt 0.3690 0.6543 0.0000
vt 0.3917 0.6536 0.0000
vt 0.3680 0.6509 0.0000
vt 0.3917 0.6211 0.0000
vt 0.3680 0.6211 0.0000
vt 0.4191 0.6228 0.0000
vt 0.4012 0.6235 0.0000
vt 0.4002 0.6268 0.0000
vt 0.4193 0.6569 0.0000
vt 0.4002 0.6569 0.0000
vt 0.3745 0.6734 0.0000
vt 0.3845 0.6779 0.0000
vt 0.3747 0.6813 0.0000
vt 0.3845 0.6813 0.0000
vt 0.3745 0.6877 0.0000
vt 0.3847 0.6877 0.0000
vt 0.3845 0.6939 0.0000
vt 0.3747 0.6939 0.0000
vt 0.3747 0.6984 0.0000
vt 0.3843 0.6984 0.0000
vt 0.4320 0.6679 0.0000
vt 0.4222 0.6679 0.0000
# 2043 texture coords

o frame
g frame
usemtl P38
s off
f 294/637/290 295/638/290 296/639/291 
f 297/640/292 298/641/293 299/642/294 
f 300/643/295 298/641/293 297/640/292 
f 300/643/295 301/644/296 298/641/293 
f 300/643/295 302/645/297 301/644/296 
f 300/643/295 303/646/298 302/645/297 
f 300/643/295 304/647/299 305/648/300 
f 306/649/301 307/650/302 308/651/303 
f 306/649/301 309/652/304 310/653/305 
f 306/649/301 310/653/305 311/654/306 
f 312/655/307 313/656/308 314/657/307 
f 315/658/309 316/659/310 317/660/311 
f 315/658/309 318/661/312 316/659/310 
f 319/662/313 320/663/313 321/664/313 
f 321/664/313 322/665/313 319/662/313 
f 323/666/314 319/662/313 322/665/313 
f 324/667/314 325/668/315 326/669/314 
f 326/669/314 327/670/314 324/667/314 
f 328/671/316 329/672/317 330/673/318 
f 331/674/319 332/675/320 333/676/321 
f 334/677/322 335/678/323 336/679/324 
f 336/679/325 337/680/326 338/681/327 
f 339/682/328 336/679/324 338/681/329 
f 334/677/322 336/679/324 339/682/328 
f 340/683/330 341/684/331 342/685/332 
f 343/686/333 344/687/334 341/684/331 
f 345/688/335 346/689/336 347/690/337 
f 346/689/336 348/691/338 347/690/337 
f 349/692/314 350/693/314 351/694/339 
f 351/694/339 352/695/340 349/692/314 
f 353/696/341 352/695/340 351/694/339 
f 354/697/342 355/698/343 356/699/344 
f 357/700/345 358/701/346 359/702/347 
f 359/702/347 360/703/345 357/700/345 
f 357/700/348 360/703/349 361/704/348 
f 362/705/350 363/706/350 364/707/350 
f 364/707/349 363/706/349 365/708/349 
f 365/708/349 366/709/349 364/707/349 
f 367/710/347 366/709/345 365/708/345 
f 365/708/345 368/711/346 367/710/347 
f 369/712/351 370/713/352 371/714/353 
f 372/715/354 369/712/355 371/714/356 
f 372/715/354 371/714/356 373/716/357 
f 372/715/354 373/716/357 374/717/358 
f 345/688/335 375/718/359 346/689/336 
f 346/689/360 376/719/360 348/691/360 
f 377/720/361 378/721/362 379/722/363 
f 380/723/364 377/720/361 379/722/363 
f 381/724/365 378/721/362 377/720/361 
f 380/723/364 382/725/366 377/720/361 
f 381/724/365 377/720/361 383/726/367 
f 382/725/366 383/726/367 377/720/361 
f 381/724/365 383/726/367 384/727/368 
f 382/725/366 385/728/369 383/726/367 
f 386/729/370 384/727/368 383/726/367 
f 383/726/367 385/728/369 387/730/371 
f 383/726/367 388/731/372 386/729/370 
f 387/730/371 388/731/372 383/726/367 
f 389/732/373 390/733/374 391/734/375 
f 390/733/374 389/732/373 392/735/376 
f 390/733/374 393/736/377 391/734/375 
f 393/736/377 394/737/378 391/734/375 
f 395/738/379 390/733/374 392/735/376 
f 395/738/379 392/735/376 396/739/380 
f 397/740/381 393/736/377 390/733/374 
f 395/738/379 397/740/381 390/733/374 
f 398/741/382 395/738/379 396/739/380 
f 398/741/382 397/740/381 395/738/379 
f 398/741/383 396/739/384 399/742/385 
f 400/743/386 393/736/377 397/740/381 
f 400/743/386 397/740/381 398/741/382 
f 401/744/387 394/737/378 393/736/377 
f 400/743/386 401/744/387 393/736/377 
f 401/744/387 402/745/388 394/737/378 
f 403/746/389 400/743/390 398/741/383 
f 403/746/389 398/741/383 399/742/385 
f 404/747/391 401/744/387 400/743/386 
f 403/746/389 404/747/392 400/743/390 
f 402/745/388 401/744/387 405/748/393 
f 404/747/391 405/748/393 401/744/387 
f 405/748/393 406/749/394 402/745/388 
f 407/750/395 403/746/389 399/742/385 
f 404/747/392 403/746/389 407/750/395 
f 399/742/385 408/751/396 407/750/395 
f 409/752/397 405/748/393 404/747/391 
f 407/750/395 409/752/398 404/747/392 
f 406/749/394 405/748/393 410/753/399 
f 409/752/397 410/753/399 405/748/393 
f 410/753/399 411/754/400 412/755/401 
f 409/752/397 411/754/400 410/753/399 
f 413/756/402 412/755/401 411/754/400 
f 414/757/403 409/752/398 407/750/395 
f 414/757/404 411/754/400 409/752/397 
f 411/754/400 415/758/405 413/756/402 
f 414/757/404 415/758/405 411/754/400 
f 407/750/395 416/759/406 414/757/403 
f 416/759/406 407/750/395 408/751/396 
f 408/751/396 417/760/407 416/759/406 
f 416/759/406 417/760/407 418/761/408 
f 414/757/404 419/762/409 415/758/405 
f 416/759/406 419/762/410 414/757/403 
f 419/762/409 420/763/411 415/758/405 
f 416/759/406 421/764/412 419/762/410 
f 416/759/406 418/761/408 421/764/412 
f 419/762/409 422/765/413 420/763/411 
f 421/764/414 422/765/413 419/762/409 
f 423/766/415 424/767/416 420/763/411 
f 422/765/413 423/766/415 420/763/411 
f 425/768/417 426/769/418 424/767/416 
f 424/767/416 423/766/415 425/768/417 
f 421/764/414 427/770/419 422/765/413 
f 427/770/419 423/766/415 422/765/413 
f 421/764/414 418/761/420 427/770/419 
f 427/770/419 425/768/417 423/766/415 
f 427/770/419 418/761/420 428/771/421 
f 427/770/419 428/771/421 425/768/417 
f 429/772/422 430/773/423 431/774/424 
f 430/773/423 432/775/425 433/776/426 
f 434/777/427 430/773/423 429/772/422 
f 434/777/427 432/775/425 430/773/423 
f 434/777/427 429/772/422 435/778/428 
f 434/777/427 436/779/429 432/775/425 
f 437/780/430 434/777/427 435/778/428 
f 437/780/430 436/779/429 434/777/427 
f 438/781/431 437/780/430 435/778/428 
f 438/781/431 436/779/429 437/780/430 
f 438/781/431 435/778/428 439/782/432 
f 440/783/433 441/784/434 442/785/435 
f 442/785/435 443/786/436 444/787/437 
f 440/783/433 442/785/435 445/788/438 
f 445/788/438 442/785/435 444/787/437 
f 446/789/439 440/783/433 445/788/438 
f 445/788/438 444/787/437 447/790/440 
f 445/788/438 448/791/441 446/789/439 
f 447/790/440 448/791/441 445/788/438 
f 449/792/442 446/789/439 448/791/441 
f 448/791/441 447/790/440 450/793/443 
f 448/791/441 451/794/444 449/792/442 
f 450/793/443 451/794/444 448/791/441 
f 449/792/442 451/794/444 452/795/445 
f 452/795/445 451/794/444 450/793/443 
f 450/793/443 453/796/446 452/795/445 
f 454/797/447 452/795/445 453/796/446 
f 453/796/446 455/798/448 454/797/447 
f 456/799/449 457/800/450 454/797/447 
f 456/799/449 454/797/447 455/798/448 
f 458/801/451 457/800/450 456/799/449 
f 456/799/449 455/798/448 459/802/452 
f 458/801/451 456/799/449 460/803/453 
f 460/803/453 456/799/449 459/802/452 
f 460/803/453 461/804/454 458/801/451 
f 459/802/452 462/805/455 460/803/453 
f 463/806/456 461/804/454 460/803/453 
f 463/806/456 460/803/453 462/805/455 
f 464/807/457 461/804/454 463/806/456 
f 463/806/456 462/805/455 465/808/458 
f 466/809/459 464/807/457 463/806/456 
f 466/809/459 463/806/456 465/808/458 
f 467/810/460 464/807/457 466/809/459 
f 468/811/461 466/809/459 465/808/458 
f 469/812/462 467/810/460 466/809/459 
f 466/809/459 468/811/461 470/813/463 
f 466/809/459 471/814/464 469/812/462 
f 470/813/463 471/814/464 466/809/459 
f 472/815/465 469/812/462 471/814/464 
f 470/813/463 473/816/466 471/814/464 
f 472/815/465 471/814/464 474/817/467 
f 473/816/466 474/817/467 471/814/464 
f 475/818/468 476/819/469 477/820/470 
f 476/819/469 478/821/471 477/820/470 
f 479/822/472 480/823/473 477/820/470 
f 477/820/470 478/821/471 481/824/474 
f 479/822/472 477/820/470 482/825/475 
f 477/820/470 481/824/474 482/825/475 
f 483/826/476 479/822/472 482/825/475 
f 482/825/475 481/824/474 484/827/477 
f 485/828/478 483/826/476 482/825/475 
f 485/828/478 482/825/475 484/827/477 
f 485/828/478 486/829/479 483/826/476 
f 485/828/478 487/830/480 486/829/479 
f 488/831/481 486/829/479 487/830/480 
f 487/830/480 489/832/482 488/831/481 
f 490/833/483 489/832/482 487/830/480 
f 491/834/484 488/831/481 489/832/482 
f 489/832/482 490/833/483 492/835/485 
f 489/832/482 493/836/486 491/834/484 
f 492/835/485 493/836/486 489/832/482 
f 494/837/487 491/834/484 493/836/486 
f 493/836/486 492/835/485 495/838/488 
f 494/837/487 493/836/486 496/839/489 
f 496/839/489 493/836/486 495/838/488 
f 497/840/490 494/837/487 496/839/489 
f 496/839/489 495/838/488 498/841/491 
f 499/842/492 497/840/490 496/839/489 
f 499/842/492 496/839/489 498/841/491 
f 500/843/493 497/840/490 499/842/492 
f 500/843/493 499/842/492 498/841/491 
f 501/844/494 497/840/490 500/843/493 
f 502/845/495 500/843/493 498/841/491 
f 503/846/496 501/844/494 500/843/493 
f 500/843/493 502/845/495 504/847/497 
f 500/843/493 505/848/498 503/846/496 
f 504/847/497 505/848/498 500/843/493 
f 503/846/496 505/848/498 506/849/499 
f 507/850/500 505/848/498 504/847/497 
f 508/851/501 509/852/502 510/853/503 
f 509/852/502 511/854/504 510/853/503 
f 509/852/502 512/855/505 511/854/504 
f 512/855/505 513/856/506 511/854/504 
f 511/854/504 514/857/507 515/858/508 
f 511/854/504 513/856/506 516/859/509 
f 511/854/504 516/859/509 514/857/507 
f 516/859/509 513/856/506 517/860/510 
f 514/857/507 516/859/509 518/861/510 
f 517/860/510 518/861/510 516/859/509 
f 518/861/510 519/862/511 514/857/507 
f 520/863/512 518/861/510 517/860/510 
f 519/862/511 518/861/510 520/863/512 
f 517/860/510 521/864/513 520/863/512 
f 520/863/512 522/865/513 519/862/511 
f 523/866/514 520/863/512 521/864/513 
f 520/863/512 524/867/515 522/865/513 
f 525/868/516 520/863/512 523/866/514 
f 525/868/516 524/867/515 520/863/512 
f 525/868/516 523/866/514 526/869/517 
f 527/870/518 524/867/515 525/868/516 
f 526/869/517 528/871/519 525/868/516 
f 525/868/516 528/871/519 527/870/518 
f 529/872/520 528/871/519 526/869/517 
f 529/872/520 527/870/518 528/871/519 
f 530/873/521 529/872/520 526/869/517 
f 531/874/522 527/870/518 529/872/520 
f 532/875/523 472/876/465 378/721/362 
f 472/876/465 379/722/363 378/721/362 
f 472/876/465 474/877/467 379/722/363 
f 473/878/466 379/722/363 474/877/467 
f 473/878/466 533/879/524 380/723/364 
f 473/878/466 380/723/364 379/722/363 
f 438/781/431 439/782/432 534/880/525 
f 438/781/431 534/880/525 535/881/526 
f 535/882/526 534/883/525 443/786/436 
f 535/882/526 442/785/435 441/784/434 
f 535/882/526 443/786/436 442/785/435 
f 508/884/501 536/885/527 475/818/468 
f 537/886/528 475/818/468 536/885/527 
f 537/886/528 476/819/469 475/818/468 
f 506/849/499 505/848/498 538/887/529 
f 507/850/500 538/887/529 505/848/498 
f 508/851/501 510/853/503 536/888/527 
f 537/889/528 536/888/527 510/853/503 
f 506/890/499 529/872/520 530/873/521 
f 531/874/522 529/872/520 507/891/500 
f 506/890/499 538/892/529 529/872/520 
f 507/891/500 529/872/520 538/892/529 
f 351/694/339 539/893/530 426/894/531 
f 424/895/532 426/894/531 540/896/533 
f 426/894/531 353/696/341 351/694/339 
f 541/897/534 424/895/532 540/896/533 
f 542/898/535 352/695/340 353/696/341 
f 413/899/536 541/897/534 540/896/533 
f 542/898/535 353/696/341 391/900/537 
f 412/901/538 413/899/536 540/896/533 
f 542/898/535 391/900/537 394/902/539 
f 412/901/538 540/896/533 543/903/540 
f 543/903/540 540/896/533 542/898/535 
f 542/898/535 394/902/539 402/904/541 
f 543/903/540 542/898/535 406/905/542 
f 542/898/535 402/904/541 406/905/542 
f 506/906/499 530/907/521 533/908/524 
f 506/906/499 533/908/524 473/909/466 
f 544/910/543 526/911/544 523/912/545 
f 470/913/546 506/906/547 473/909/548 
f 544/910/543 523/912/545 521/914/549 
f 470/913/546 503/915/308 506/906/547 
f 503/915/308 470/913/546 468/916/308 
f 468/916/308 501/917/308 503/915/308 
f 501/917/308 468/916/308 465/918/308 
f 465/918/308 497/919/308 501/917/308 
f 494/920/308 497/919/308 465/918/308 
f 465/918/308 462/921/308 494/920/308 
f 491/922/550 494/920/308 462/921/308 
f 462/921/308 459/923/550 491/922/550 
f 488/924/550 491/922/550 459/923/550 
f 459/923/550 455/925/550 488/924/550 
f 486/926/308 488/924/550 455/925/550 
f 455/925/550 453/927/308 486/926/308 
f 483/928/308 486/926/308 453/927/308 
f 453/927/308 450/929/308 483/928/308 
f 479/930/308 483/928/308 450/929/308 
f 450/929/308 447/931/308 479/930/308 
f 480/932/308 479/930/308 447/931/308 
f 447/931/308 444/933/308 480/932/308 
f 545/934/551 480/932/308 444/933/308 
f 444/933/308 443/935/552 545/934/551 
f 534/936/553 545/934/551 443/935/552 
f 534/936/553 508/937/554 545/934/551 
f 534/936/525 356/699/555 508/937/501 
f 439/938/432 356/699/555 534/936/525 
f 356/699/555 355/698/556 508/937/501 
f 508/937/501 355/698/556 509/939/502 
f 354/697/342 356/699/344 439/938/557 
f 354/697/342 509/939/558 355/698/343 
f 354/697/342 439/938/557 435/940/559 
f 354/697/342 512/941/560 509/939/558 
f 354/697/342 435/940/559 429/942/561 
f 354/697/342 429/942/561 431/943/562 
f 354/697/342 513/944/563 512/941/560 
f 354/697/342 517/945/564 513/944/563 
f 354/697/342 521/914/549 517/945/564 
f 544/910/543 521/914/549 354/697/342 
f 367/710/347 368/711/346 546/946/565 
f 546/946/565 547/947/565 367/710/347 
f 532/948/523 531/949/522 507/950/500 
f 532/948/523 507/950/500 472/951/465 
f 507/950/566 469/952/567 472/951/568 
f 548/953/569 524/954/570 527/955/571 
f 507/950/566 504/956/571 469/952/567 
f 549/957/572 524/954/570 548/953/569 
f 467/958/571 469/952/567 504/956/571 
f 549/957/572 522/959/573 524/954/570 
f 504/956/571 502/960/571 467/958/571 
f 549/957/572 372/715/354 522/959/573 
f 464/961/571 467/958/571 502/960/571 
f 502/960/571 498/962/571 464/961/571 
f 464/961/571 498/962/571 495/963/574 
f 495/963/574 461/964/574 464/961/571 
f 461/964/574 495/963/574 492/965/574 
f 492/965/574 458/966/574 461/964/574 
f 458/966/574 492/965/574 490/967/571 
f 490/967/571 457/968/571 458/966/574 
f 457/968/571 490/967/571 550/969/571 
f 550/969/571 551/970/571 457/968/571 
f 551/970/571 550/969/571 484/971/571 
f 484/971/571 449/972/571 551/970/571 
f 449/972/571 484/971/571 481/973/571 
f 481/973/571 446/974/571 449/972/571 
f 446/974/571 481/973/571 478/975/571 
f 478/975/571 440/976/571 446/974/571 
f 440/976/571 478/975/571 476/977/575 
f 476/977/575 441/978/576 440/976/571 
f 370/713/577 441/978/576 476/977/575 
f 370/713/577 476/977/575 537/979/578 
f 370/713/352 537/979/528 371/714/353 
f 537/979/528 373/716/579 371/714/353 
f 537/979/528 374/717/580 373/716/579 
f 372/715/354 436/980/581 369/712/355 
f 372/715/354 374/717/358 515/981/582 
f 372/715/354 432/982/583 436/980/581 
f 372/715/354 433/983/584 432/982/583 
f 372/715/354 515/981/582 514/984/585 
f 372/715/354 514/984/585 519/985/586 
f 372/715/354 519/985/586 522/959/573 
f 552/986/587 533/908/588 530/907/589 
f 552/986/587 530/907/589 526/911/544 
f 552/986/587 526/911/544 544/910/543 
f 553/987/590 531/949/591 532/948/592 
f 554/988/593 531/949/591 553/987/590 
f 554/988/593 527/955/594 531/949/591 
f 554/988/595 548/953/595 527/955/595 
f 542/989/596 547/990/596 546/991/596 
f 391/734/375 353/992/597 389/732/373 
f 410/753/399 543/993/598 406/749/394 
f 412/755/401 543/993/598 410/753/399 
f 415/758/405 541/994/599 413/756/402 
f 415/758/405 420/763/411 541/994/599 
f 420/763/411 424/767/416 541/994/599 
f 369/995/351 436/779/429 438/781/431 
f 369/995/351 438/781/431 370/996/352 
f 438/781/431 535/881/526 370/996/352 
f 452/795/445 551/997/600 449/792/442 
f 551/997/600 452/795/445 454/797/447 
f 454/797/447 457/800/450 551/997/600 
f 475/818/468 477/820/470 545/998/601 
f 545/998/601 477/820/470 480/823/473 
f 485/828/478 484/827/477 550/999/602 
f 485/828/478 550/999/602 487/830/480 
f 487/830/480 550/999/602 490/833/483 
f 537/889/528 510/853/503 374/1000/580 
f 374/1000/580 510/853/503 511/854/504 
f 374/1000/580 511/854/504 515/858/508 
f 535/882/526 441/784/434 370/1001/352 
f 508/884/501 475/818/468 545/998/601 
f 555/1002/603 556/1003/603 557/1004/603 
f 558/1005/604 559/1006/604 331/1007/604 
f 560/1008/605 561/1009/605 562/1010/605 
f 563/1011/606 564/1012/607 565/1013/608 
f 564/1014/607 558/1015/609 565/1016/608 
f 558/1015/610 564/1014/611 566/1017/612 
f 565/1016/584 558/1015/584 567/1018/574 
f 566/1017/612 568/1019/613 558/1015/610 
f 566/1017/614 569/1020/615 568/1019/616 
f 569/1020/615 311/1021/617 568/1019/616 
f 567/1018/574 558/1015/584 331/1022/574 
f 331/1022/574 570/1023/584 567/1018/574 
f 372/1024/618 567/1018/619 570/1023/620 
f 372/1024/618 570/1023/620 433/1025/621 
f 571/1026/622 572/1027/622 573/1028/623 
f 573/1028/623 574/1029/624 571/1026/622 
f 575/1030/625 576/1031/626 577/1032/626 
f 577/1032/626 578/1033/625 575/1030/625 
f 296/1034/627 295/1035/628 578/1036/628 
f 578/1036/628 577/1037/629 296/1034/627 
f 296/639/291 579/1038/630 294/637/290 
f 579/1039/631 333/1040/632 580/1041/633 
f 579/1039/631 580/1041/633 294/1042/634 
f 581/1043/624 582/1044/635 583/1045/635 
f 583/1045/635 332/1046/624 581/1043/624 
f 575/1047/636 584/1048/637 585/1049/638 
f 575/1047/636 585/1049/638 576/1050/639 
f 586/1051/640 539/1052/640 351/1053/640 
f 351/1053/640 587/1054/640 586/1051/640 
f 337/1055/641 588/1056/641 586/1057/641 
f 586/1057/641 587/1058/641 337/1055/641 
f 312/1059/642 361/1060/642 589/1061/642 
f 589/1061/642 313/1062/350 312/1059/642 
f 314/1063/643 313/1062/643 589/1061/643 
f 589/1061/643 590/1064/643 314/1063/643 
f 333/1065/644 332/1066/630 583/1067/645 
f 583/1067/645 580/1068/645 333/1065/644 
f 574/1069/646 585/1070/646 584/1071/646 
f 584/1071/646 571/1072/646 574/1069/646 
f 408/1073/647 399/1074/648 417/1075/647 
f 418/1076/648 417/1075/647 399/1074/648 
f 399/1074/648 396/1077/648 418/1076/648 
f 428/1078/648 418/1076/648 396/1077/648 
f 396/1077/648 392/1079/647 428/1078/648 
f 428/1078/648 392/1079/647 389/1080/648 
f 389/1080/648 425/1081/648 428/1078/648 
f 426/1082/648 425/1081/648 389/1080/648 
f 389/1080/648 353/1083/647 426/1082/648 
f 297/640/292 299/642/294 348/1084/649 
f 300/643/295 335/1085/650 303/646/298 
f 300/643/295 591/1086/651 335/1085/650 
f 300/643/295 305/648/300 591/1086/651 
f 300/643/295 592/1087/652 304/647/299 
f 307/650/302 345/1088/653 308/651/303 
f 306/649/301 308/651/303 343/1089/654 
f 306/649/301 343/1089/654 593/1090/655 
f 306/649/301 593/1090/655 340/1091/656 
f 306/649/301 340/1091/656 339/1092/657 
f 306/649/301 339/1092/657 338/1093/658 
f 306/649/301 338/1093/658 309/652/304 
f 306/649/301 311/654/306 569/1094/659 
f 357/1095/307 312/655/307 314/657/307 
f 314/657/307 594/1096/308 357/1095/307 
f 357/1095/307 594/1096/308 595/1097/308 
f 595/1097/308 358/1098/307 357/1095/307 
f 358/1098/307 595/1097/308 596/1099/308 
f 596/1099/308 597/1100/308 358/1098/307 
f 364/1101/571 598/1102/571 599/1103/571 
f 598/1102/571 364/1101/571 366/1104/571 
f 366/1104/571 600/1105/571 598/1102/571 
f 601/1106/584 600/1105/571 366/1104/571 
f 366/1104/571 367/1107/574 601/1106/584 
f 601/1106/584 367/1107/574 547/1108/584 
f 547/1108/584 602/1109/584 601/1106/584 
f 558/1110/565 603/1111/565 604/1112/606 
f 559/1113/565 558/1110/565 604/1112/606 
f 604/1112/606 605/1114/565 559/1113/565 
f 605/1114/565 331/1115/606 559/1113/565 
f 582/1116/660 581/1117/661 557/1004/662 
f 581/1117/661 555/1002/663 557/1004/662 
f 581/1117/661 606/1118/664 555/1002/663 
f 351/1119/307 350/1120/308 607/1121/665 
f 351/1119/307 607/1121/665 608/1122/307 
f 587/1123/665 351/1119/307 608/1122/307 
f 608/1122/307 609/1124/308 587/1123/665 
f 610/1125/308 587/1123/665 609/1124/308 
f 611/1126/550 587/1123/665 610/1125/308 
f 611/1126/550 337/1127/550 587/1123/665 
f 330/1128/606 612/1129/565 613/1130/606 
f 612/1129/565 330/1128/606 614/1131/565 
f 614/1131/565 615/1132/606 612/1129/565 
f 573/1133/666 562/1010/667 616/1134/668 
f 572/1135/669 562/1010/667 573/1133/666 
f 572/1135/669 560/1008/670 562/1010/667 
f 539/1136/671 617/1137/571 618/1138/584 
f 539/1136/671 619/1139/672 617/1137/571 
f 619/1139/672 539/1136/671 586/1140/673 
f 586/1140/673 620/1141/674 619/1139/672 
f 621/1142/675 620/1141/674 586/1140/673 
f 621/1142/675 586/1140/673 622/1143/571 
f 588/1144/571 622/1143/571 586/1140/673 
f 315/658/309 623/1145/676 318/661/312 
f 624/1146/677 623/1145/676 315/658/309 
f 625/1147/678 567/1148/678 372/1149/678 
f 323/666/314 567/1150/314 625/1151/313 
f 323/666/314 565/1013/313 567/1150/314 
f 322/665/313 565/1013/313 323/666/314 
f 322/665/313 563/1011/314 565/1013/313 
f 329/1152/313 324/667/314 327/670/314 
f 327/670/314 626/1153/314 329/1152/313 
f 359/1154/550 627/1155/308 540/1156/550 
f 540/1156/550 628/1157/550 359/1154/550 
f 628/1157/550 360/1158/550 359/1154/550 
f 629/1159/665 360/1158/550 628/1157/550 
f 629/1159/665 361/1160/665 360/1158/550 
f 589/1161/307 361/1160/665 629/1159/665 
f 629/1159/665 630/1162/308 589/1161/307 
f 630/1162/308 590/1163/308 589/1161/307 
f 590/1163/308 630/1162/308 613/1164/308 
f 613/1164/308 612/1165/308 590/1163/308 
f 612/1165/308 631/1166/308 590/1163/308 
f 632/1167/679 631/1166/308 612/1165/308 
f 632/1167/679 612/1165/308 615/1168/680 
f 633/1169/681 632/1167/679 615/1168/680 
f 634/1170/682 635/1171/683 605/1172/684 
f 605/1172/684 604/1173/584 634/1170/682 
f 634/1170/682 604/1173/584 636/1174/685 
f 604/1173/584 637/1175/584 636/1174/685 
f 637/1175/584 604/1173/584 603/1176/584 
f 603/1176/584 638/1177/571 637/1175/584 
f 638/1177/571 362/1178/571 637/1175/584 
f 362/1178/571 638/1177/571 349/1179/571 
f 349/1179/571 363/1180/571 362/1178/571 
f 349/1179/571 365/1181/571 363/1180/571 
f 349/1179/571 352/1182/574 365/1181/571 
f 352/1182/574 368/1183/574 365/1181/571 
f 546/1184/574 368/1183/574 352/1182/574 
f 352/1182/574 542/1185/574 546/1184/574 
f 592/1186/686 639/1187/687 304/1188/688 
f 328/671/689 639/1187/687 592/1186/686 
f 330/673/318 639/1187/690 328/671/316 
f 626/1189/691 330/673/692 329/672/693 
f 626/1189/691 614/1190/694 330/673/692 
f 626/1189/691 640/1191/695 614/1190/694 
f 626/1189/696 431/1192/697 640/1191/698 
f 626/1189/696 354/1193/699 431/1192/697 
f 332/675/320 606/1194/648 581/1195/647 
f 332/675/320 635/1196/700 606/1194/648 
f 332/675/320 331/674/319 635/1196/700 
f 635/1196/700 331/674/319 605/1197/701 
f 333/676/321 570/1198/702 331/674/319 
f 433/1199/703 570/1198/702 333/676/321 
f 333/676/321 296/1200/704 433/1199/703 
f 296/1200/704 333/676/321 579/1201/647 
f 430/1202/705 433/1199/703 296/1200/704 
f 430/1202/705 296/1200/704 577/1203/706 
f 430/1202/705 577/1203/706 431/1204/707 
f 431/1204/707 577/1203/706 585/1205/708 
f 576/1206/647 585/1205/708 577/1203/706 
f 585/1205/708 640/1207/709 431/1204/707 
f 614/1208/710 640/1207/709 585/1205/708 
f 585/1205/708 574/1209/711 614/1208/710 
f 574/1209/711 573/1210/648 616/1211/648 
f 574/1209/711 616/1211/648 633/1212/712 
f 574/1209/711 633/1212/712 614/1208/710 
f 633/1212/712 615/1213/701 614/1208/710 
f 630/1214/713 629/1215/714 618/1216/715 
f 630/1214/713 618/1216/715 617/1217/716 
f 630/1214/713 617/1217/716 330/1218/717 
f 630/1214/713 330/1218/717 613/1219/718 
f 617/1217/716 619/1220/719 330/1218/717 
f 639/1221/720 330/1218/717 619/1220/719 
f 639/1221/720 619/1220/719 620/1222/721 
f 304/1223/722 639/1221/720 620/1222/721 
f 621/1224/723 304/1223/722 620/1222/721 
f 621/1224/723 622/1225/724 304/1223/722 
f 622/1225/724 305/1226/725 304/1223/722 
f 588/1227/726 305/1226/725 622/1225/724 
f 591/1228/727 305/1226/725 588/1227/726 
f 335/678/728 591/1228/727 588/1227/726 
f 336/679/325 335/678/728 588/1227/726 
f 336/679/325 588/1227/726 337/680/326 
f 334/677/322 303/1229/729 335/678/323 
f 338/681/327 337/680/326 309/1230/730 
f 310/1231/731 309/1230/730 337/680/326 
f 310/1231/731 337/680/326 611/1232/732 
f 310/1231/731 611/1232/732 311/1233/733 
f 611/1232/732 610/1234/734 311/1233/733 
f 610/1234/734 609/1235/735 311/1233/733 
f 311/1233/733 609/1235/735 568/1236/736 
f 568/1236/736 609/1235/735 608/1237/737 
f 558/1238/738 568/1236/736 608/1237/737 
f 607/1239/739 558/1238/738 608/1237/737 
f 638/1240/740 558/1238/738 607/1239/739 
f 638/1240/740 603/1241/741 558/1238/738 
f 350/1242/742 638/1240/740 607/1239/739 
f 350/1242/742 349/1243/743 638/1240/740 
f 342/685/332 334/1244/744 339/1245/745 
f 342/685/332 303/1246/746 334/1244/744 
f 340/683/330 342/685/332 339/1245/745 
f 342/685/332 302/1247/747 303/1246/746 
f 342/685/332 341/684/331 302/1247/747 
f 340/683/330 593/1248/748 341/684/331 
f 341/684/331 301/1249/749 302/1247/747 
f 341/684/331 593/1248/748 343/686/333 
f 298/1250/750 301/1249/749 341/684/331 
f 341/684/331 344/687/334 298/1250/750 
f 343/686/333 308/1251/751 344/687/334 
f 344/687/334 299/1252/752 298/1250/750 
f 344/687/334 308/1251/751 641/1253/753 
f 344/687/334 641/1253/753 299/1252/752 
f 308/1251/751 347/690/337 641/1253/753 
f 641/1253/753 347/690/337 299/1252/752 
f 345/688/335 347/690/337 308/1251/751 
f 348/691/338 299/1252/752 347/690/337 
f 539/893/530 618/1254/313 629/1255/313 
f 629/1255/313 628/1256/754 539/893/530 
f 631/1257/755 632/1258/756 595/1259/757 
f 595/1259/757 594/1260/755 631/1257/755 
f 631/1257/758 594/1260/758 314/1261/758 
f 314/1261/758 590/1262/758 631/1257/758 
f 361/704/348 312/1263/348 357/700/348 
f 600/1264/759 601/1265/757 634/1266/760 
f 634/1266/760 636/1267/759 600/1264/759 
f 600/1264/761 636/1267/761 637/1268/761 
f 637/1268/761 598/1269/761 600/1264/761 
f 599/1270/762 598/1269/762 637/1268/762 
f 637/1268/762 362/705/762 599/1270/762 
f 364/707/350 599/1270/350 362/705/350 
f 562/1271/647 597/1272/647 596/1273/647 
f 597/1272/647 562/1271/647 555/1274/648 
f 540/1275/647 627/1276/647 597/1272/647 
f 542/989/596 540/1275/647 597/1272/647 
f 318/1277/763 386/729/370 388/731/372 
f 318/1277/763 388/731/372 387/730/371 
f 318/1277/763 623/1278/764 386/729/370 
f 318/1277/763 387/730/371 316/1279/765 
f 426/894/531 539/893/530 628/1256/754 
f 540/896/533 426/894/531 628/1256/754 
f 616/1280/766 562/1281/766 596/1282/767 
f 596/1282/767 633/1283/768 616/1280/766 
f 596/1282/767 632/1258/756 633/1283/768 
f 596/1282/767 595/1259/757 632/1258/756 
f 597/1284/565 627/1285/565 359/702/347 
f 359/702/347 358/701/346 597/1284/565 
f 602/1286/769 555/1287/766 606/1288/770 
f 606/1288/770 635/1289/771 602/1286/769 
f 635/1289/771 634/1266/760 602/1286/769 
f 602/1286/769 634/1266/760 601/1265/757 
f 555/1274/648 547/990/596 597/1272/647 
f 597/1272/647 547/990/596 542/989/596 
f 602/1290/648 547/990/596 555/1274/648 
f 642/1291/772 643/1292/773 644/1293/774 
f 644/1293/774 645/1294/775 642/1291/772 
f 646/1295/776 642/1291/772 645/1294/775 
f 647/1296/777 648/1297/778 649/1298/779 
f 647/1296/777 649/1298/779 650/1299/780 
f 651/1300/781 652/1301/782 653/1302/783 
f 654/1303/308 655/1304/550 656/1305/550 
f 657/1306/308 654/1303/308 656/1305/550 
f 656/1305/550 658/1307/308 657/1306/308 
f 659/1308/648 660/1309/784 661/1310/785 
f 662/1311/786 663/1312/787 664/1313/787 
f 665/1314/788 666/1315/789 667/1316/789 
f 667/1316/789 668/1317/788 665/1314/788 
f 669/1318/647 670/1319/648 671/1320/647 
f 672/1321/314 673/1322/314 674/1323/314 
f 675/1324/790 676/1325/791 677/1326/791 
f 677/1326/791 678/1327/792 675/1324/790 
f 679/1328/793 680/1329/794 681/1330/795 
f 682/1331/796 679/1328/793 681/1330/795 
f 683/1332/314 684/1333/313 685/1334/313 
f 686/1335/313 685/1334/313 684/1333/313 
f 687/1336/797 688/1337/798 689/1338/799 
f 687/1336/797 690/1339/800 688/1337/798 
f 691/1340/801 687/1336/797 692/1341/802 
f 693/1342/803 691/1340/801 692/1341/802 
f 694/1343/804 695/1344/805 696/1345/806 
f 696/1345/806 697/1346/807 694/1343/804 
f 698/1347/808 699/1348/809 700/1349/810 
f 701/1350/811 699/1348/809 698/1347/808 
f 701/1350/811 702/1351/812 699/1348/809 
f 701/1350/811 703/1352/813 702/1351/812 
f 704/1353/814 705/1354/815 706/1355/816 
f 707/1356/817 708/1357/818 709/1358/819 
f 710/1359/820 681/1360/820 680/1361/820 
f 709/1362/821 711/1363/821 712/1364/821 
f 651/1365/822 709/1362/822 713/1366/822 
f 714/1367/791 715/1368/791 716/1369/791 
f 717/1370/791 718/1371/791 719/1372/791 
f 720/1373/308 721/1374/308 722/1375/308 
f 722/1375/308 723/1376/308 720/1373/308 
f 724/1377/314 720/1378/314 723/1379/314 
f 723/1379/314 725/1380/314 724/1377/314 
f 726/1381/823 656/1382/824 727/1383/825 
f 727/1383/825 728/1384/825 726/1381/823 
f 726/1385/584 728/1386/584 729/1387/584 
f 729/1387/584 730/1388/574 726/1385/584 
f 731/1389/315 732/1390/315 733/1391/315 
f 733/1391/315 710/1392/315 731/1389/315 
f 734/1393/606 735/1394/606 736/1395/606 
f 736/1395/606 737/1396/606 734/1393/606 
f 738/1397/648 739/1398/648 740/1399/648 
f 740/1399/648 684/1400/647 738/1397/648 
f 741/1401/313 742/1402/314 730/1403/313 
f 730/1403/313 729/1404/313 741/1401/313 
f 743/1405/826 737/1406/791 736/1407/826 
f 736/1407/826 683/1408/827 743/1405/826 
f 744/1409/315 745/1410/315 746/1411/315 
f 746/1411/315 701/1412/315 744/1409/315 
f 722/1413/828 721/1414/565 704/1415/606 
f 704/1415/606 694/1416/829 722/1413/828 
f 747/1417/606 698/1418/606 748/1419/606 
f 748/1419/606 749/1420/606 747/1417/606 
f 750/1421/648 751/1422/648 752/1423/648 
f 752/1423/648 672/1424/648 750/1421/648 
f 700/1425/827 753/1426/826 748/1427/827 
f 748/1427/827 698/1428/827 700/1425/827 
f 754/1429/830 755/1430/830 756/1431/831 
f 643/1292/773 755/1430/830 754/1429/830 
f 754/1429/830 644/1293/774 643/1292/773 
f 645/1294/775 757/1432/832 646/1295/776 
f 710/1433/647 680/1434/647 731/1435/647 
f 758/1436/596 731/1435/647 680/1434/647 
f 758/1436/596 680/1434/647 664/1437/647 
f 664/1437/647 759/1438/833 758/1436/596 
f 760/1439/308 724/1440/550 761/1441/550 
f 761/1441/550 724/1440/550 752/1442/834 
f 752/1442/834 724/1440/550 725/1443/550 
f 725/1443/550 748/1444/835 752/1442/834 
f 725/1443/550 749/1445/308 748/1444/835 
f 672/1446/836 752/1442/834 748/1444/835 
f 748/1444/835 753/1447/837 672/1446/836 
f 762/1448/571 763/1449/574 741/1450/574 
f 741/1450/574 763/1449/574 738/1451/838 
f 742/1452/574 741/1450/574 738/1451/838 
f 735/1453/574 742/1452/574 736/1454/838 
f 738/1451/838 736/1454/838 742/1452/574 
f 683/1455/839 736/1454/838 738/1451/838 
f 738/1451/838 684/1456/839 683/1455/839 
f 764/1457/840 765/1458/841 711/1459/842 
f 711/1459/842 765/1458/841 712/1460/843 
f 766/1461/844 712/1460/845 765/1458/846 
f 707/1462/847 712/1460/845 766/1461/844 
f 707/1462/848 766/1461/849 648/1297/850 
f 707/1462/848 648/1297/850 647/1296/851 
f 650/1299/780 649/1298/779 767/1463/852 
f 649/1298/779 688/1464/853 767/1463/852 
f 767/1463/854 688/1464/855 768/1465/856 
f 768/1465/856 688/1464/855 690/1466/857 
f 768/1465/858 690/1466/859 713/1467/860 
f 690/1466/859 652/1301/861 713/1467/860 
f 651/1300/781 713/1467/862 652/1301/782 
f 769/1468/863 770/1469/864 771/1470/865 
f 770/1469/864 772/1471/866 771/1470/865 
f 772/1471/866 773/1472/867 771/1470/865 
f 774/1473/868 773/1472/867 775/1474/869 
f 773/1472/867 717/1475/870 775/1474/869 
f 717/1475/870 773/1472/867 772/1471/866 
f 717/1475/870 776/1476/871 775/1474/869 
f 717/1475/870 719/1477/872 776/1476/871 
f 772/1471/866 777/1478/873 717/1475/870 
f 692/1479/874 777/1478/873 772/1471/866 
f 687/1480/875 777/1478/873 692/1479/874 
f 687/1480/875 778/1481/876 777/1478/873 
f 778/1481/876 687/1480/875 689/1482/314 
f 689/1482/314 779/1483/313 778/1481/876 
f 780/1484/877 779/1483/313 689/1482/314 
f 689/1482/314 781/1485/878 780/1484/877 
f 781/1485/878 782/1486/879 780/1484/877 
f 781/1485/878 783/1487/880 782/1486/879 
f 784/1488/881 782/1486/879 783/1487/880 
f 784/1488/881 715/1489/882 782/1486/879 
f 785/1490/883 784/1488/881 786/1491/884 
f 785/1490/883 661/1492/885 784/1488/881 
f 661/1492/885 715/1489/882 784/1488/881 
f 661/1492/885 787/1493/886 715/1489/882 
f 715/1489/882 787/1493/886 788/1494/887 
f 716/1495/888 715/1489/882 788/1494/887 
f 743/1496/889 682/1497/890 737/1498/891 
f 682/1497/890 710/1499/892 737/1498/891 
f 710/1499/892 734/1500/893 737/1498/891 
f 710/1499/892 733/1501/894 734/1500/893 
f 774/1502/606 789/1503/606 790/1504/606 
f 790/1504/606 773/1505/606 774/1502/606 
f 773/1505/895 790/1504/896 791/1506/897 
f 771/1507/898 773/1505/895 791/1506/897 
f 792/1508/550 793/1509/308 727/1510/308 
f 727/1510/308 685/1511/308 792/1508/550 
f 727/1510/308 656/1305/550 685/1511/308 
f 685/1511/308 656/1305/550 655/1304/550 
f 794/1512/899 795/1513/308 757/1514/308 
f 757/1514/308 645/1515/900 794/1512/899 
f 693/1516/901 794/1512/899 645/1515/900 
f 645/1515/900 644/1517/902 693/1516/901 
f 691/1518/903 693/1516/901 644/1517/902 
f 754/1519/904 691/1518/903 644/1517/902 
f 754/1519/904 651/1520/905 691/1518/903 
f 691/1518/903 651/1520/905 653/1521/906 
f 754/1519/907 756/1522/908 651/1520/909 
f 651/1520/909 756/1522/908 709/1523/910 
f 756/1522/911 711/1524/912 709/1523/913 
f 756/1522/911 755/1525/914 711/1524/912 
f 711/1524/912 755/1525/914 796/1526/915 
f 764/1527/916 711/1524/912 796/1526/915 
f 755/1525/914 643/1528/917 796/1526/915 
f 796/1526/915 643/1528/917 797/1529/918 
f 797/1529/918 643/1528/917 642/1530/919 
f 642/1530/919 798/1531/920 797/1529/918 
f 798/1531/920 642/1530/919 646/1532/574 
f 646/1532/574 799/1533/574 798/1531/920 
f 718/1534/921 717/1535/314 777/1536/922 
f 777/1536/922 800/1537/639 718/1534/921 
f 718/1534/921 800/1537/639 714/1538/923 
f 714/1538/923 800/1537/639 782/1539/924 
f 782/1539/924 715/1540/314 714/1538/923 
f 716/1541/574 788/1542/574 801/1543/574 
f 801/1543/574 714/1544/574 716/1541/574 
f 714/1544/925 801/1543/926 802/1545/927 
f 714/1544/925 802/1545/927 803/1546/928 
f 803/1546/929 802/1545/930 660/1547/931 
f 660/1547/931 804/1548/932 803/1546/929 
f 659/1549/933 804/1548/932 660/1547/931 
f 659/1549/933 805/1550/934 804/1548/932 
f 659/1549/933 686/1551/935 805/1550/934 
f 686/1551/935 806/1552/936 805/1550/934 
f 686/1551/935 739/1553/889 806/1552/936 
f 686/1551/935 740/1554/889 739/1553/889 
f 661/1310/785 785/1555/648 659/1308/648 
f 787/1556/937 661/1310/785 660/1309/784 
f 660/1309/784 802/1557/938 787/1556/937 
f 787/1556/937 802/1557/938 801/1558/647 
f 801/1558/647 788/1559/647 787/1556/937 
f 663/1312/939 807/1560/939 759/1561/939 
f 759/1561/939 664/1313/939 663/1312/939 
f 664/1313/787 677/1562/940 662/1311/786 
f 808/1563/941 662/1311/786 677/1562/940 
f 677/1562/940 809/1564/941 808/1563/941 
f 810/1565/942 808/1563/942 809/1564/942 
f 809/1564/942 811/1566/943 810/1565/942 
f 810/1565/944 811/1566/944 667/1316/944 
f 667/1316/944 666/1315/944 810/1565/944 
f 665/1314/788 668/1317/788 671/1567/945 
f 671/1567/945 812/1568/945 665/1314/788 
f 813/1569/946 812/1568/946 671/1567/946 
f 671/1567/946 670/1570/946 813/1569/946 
f 758/1571/947 759/1572/947 807/1573/947 
f 807/1573/947 814/1574/947 758/1571/947 
f 731/1575/948 758/1571/948 814/1574/948 
f 814/1574/948 732/1576/948 731/1575/948 
f 813/1577/949 670/1578/949 669/1579/949 
f 669/1579/949 815/1580/949 813/1577/949 
f 815/1580/950 669/1579/950 746/1581/950 
f 746/1581/950 745/1582/950 815/1580/950 
f 703/1583/647 701/1584/647 746/1585/647 
f 746/1585/647 669/1318/647 703/1583/647 
f 671/1320/647 703/1583/647 669/1318/647 
f 816/1586/308 776/1587/308 719/1588/308 
f 719/1588/308 718/1589/308 816/1586/308 
f 718/1589/951 817/1590/952 816/1586/953 
f 718/1589/951 818/1591/954 817/1590/952 
f 790/1592/955 789/1593/956 817/1590/952 
f 817/1590/952 818/1591/954 790/1592/955 
f 791/1594/957 790/1592/958 818/1591/959 
f 819/1595/960 791/1594/957 818/1591/959 
f 791/1594/957 819/1595/960 820/1596/961 
f 820/1596/961 821/1597/962 791/1594/957 
f 674/1598/963 821/1597/962 820/1596/961 
f 674/1598/963 822/1599/308 821/1597/962 
f 674/1598/963 820/1596/961 823/1600/964 
f 823/1600/964 751/1601/965 674/1598/963 
f 751/1601/965 750/1602/965 674/1598/963 
f 771/1603/966 791/1604/966 821/1605/966 
f 821/1605/966 769/1606/966 771/1603/966 
f 769/1606/967 821/1605/632 822/1607/632 
f 705/1608/968 770/1609/969 769/1606/967 
f 769/1606/967 706/1610/970 705/1608/968 
f 822/1607/632 706/1610/970 769/1606/967 
f 706/1610/971 822/1607/971 674/1323/971 
f 674/1323/971 673/1322/971 706/1610/971 
f 674/1323/314 750/1611/314 672/1321/314 
f 673/1322/314 672/1321/314 753/1612/313 
f 753/1612/313 824/1613/972 673/1322/314 
f 753/1612/313 700/1614/313 699/1615/973 
f 699/1615/973 824/1613/972 753/1612/313 
f 824/1613/972 699/1615/973 825/1616/974 
f 699/1615/973 702/1617/975 825/1616/974 
f 825/1616/974 702/1617/975 703/1618/976 
f 825/1616/974 695/1619/977 824/1613/972 
f 671/1620/978 825/1616/979 703/1618/980 
f 671/1620/978 826/1621/981 825/1616/979 
f 826/1621/981 695/1619/982 825/1616/979 
f 671/1620/978 668/1622/826 826/1621/981 
f 826/1621/981 827/1623/983 695/1619/982 
f 827/1623/983 826/1621/981 668/1622/826 
f 827/1623/983 696/1624/984 695/1619/982 
f 668/1622/826 828/1625/791 827/1623/983 
f 828/1625/791 668/1622/826 667/1626/791 
f 667/1626/791 829/1627/791 828/1625/791 
f 829/1627/791 667/1626/791 811/1628/826 
f 811/1628/826 830/1629/791 829/1627/791 
f 831/1630/826 830/1629/791 811/1628/826 
f 811/1628/826 809/1631/791 831/1630/826 
f 676/1325/791 831/1630/826 809/1631/791 
f 809/1631/791 677/1326/791 676/1325/791 
f 678/1327/792 677/1326/791 664/1632/985 
f 654/1633/986 657/1634/987 675/1324/790 
f 654/1633/986 675/1324/790 678/1327/792 
f 678/1327/792 664/1632/985 679/1328/988 
f 654/1633/986 678/1327/792 679/1328/988 
f 679/1328/988 664/1632/985 680/1329/989 
f 655/1635/990 654/1633/977 679/1328/793 
f 679/1328/793 682/1331/796 655/1635/990 
f 683/1332/314 655/1635/990 682/1331/796 
f 682/1331/796 743/1636/313 683/1332/314 
f 685/1334/313 655/1635/990 683/1332/314 
f 684/1333/313 740/1637/313 686/1335/313 
f 785/1638/991 685/1334/992 686/1335/993 
f 686/1335/993 659/1639/993 785/1638/991 
f 785/1638/991 792/1640/994 685/1334/992 
f 793/1641/995 792/1640/996 785/1638/997 
f 785/1638/997 786/1642/995 793/1641/995 
f 725/1643/596 723/1644/647 722/1645/596 
f 722/1645/596 694/1646/596 725/1643/596 
f 725/1643/596 694/1646/596 749/1647/647 
f 744/1648/647 747/1649/647 749/1647/647 
f 749/1647/647 745/1650/647 744/1648/647 
f 745/1650/647 749/1647/647 694/1646/596 
f 694/1646/596 815/1651/596 745/1650/647 
f 815/1651/596 694/1646/596 697/1652/596 
f 813/1653/596 815/1651/596 697/1652/596 
f 813/1653/596 697/1652/596 832/1654/648 
f 812/1655/648 813/1653/596 832/1654/648 
f 665/1656/648 812/1655/648 832/1654/648 
f 832/1654/648 833/1657/647 665/1656/648 
f 666/1658/647 665/1656/648 833/1657/647 
f 833/1657/647 834/1659/647 666/1658/647 
f 810/1660/648 666/1658/647 834/1659/647 
f 834/1659/647 835/1661/647 810/1660/648 
f 810/1660/648 835/1661/647 836/1662/648 
f 836/1662/648 808/1663/833 810/1660/648 
f 808/1663/833 836/1662/648 837/1664/833 
f 837/1664/833 662/1665/647 808/1663/833 
f 662/1665/647 837/1664/833 838/1666/596 
f 838/1666/596 663/1667/596 662/1665/647 
f 663/1667/596 838/1666/596 807/1668/647 
f 658/1669/647 807/1668/647 838/1666/596 
f 658/1669/647 814/1670/647 807/1668/647 
f 656/1671/596 814/1670/647 658/1669/647 
f 732/1672/647 814/1670/647 656/1671/596 
f 656/1671/596 735/1673/833 732/1672/647 
f 733/1674/647 732/1672/647 735/1673/833 
f 735/1673/833 734/1675/647 733/1674/647 
f 656/1671/596 742/1676/596 735/1673/833 
f 742/1676/596 656/1671/596 726/1677/596 
f 726/1677/596 730/1678/647 742/1676/596 
f 697/1679/998 696/1680/998 827/1681/998 
f 827/1681/998 832/1682/998 697/1679/998 
f 832/1682/999 827/1681/999 828/1683/1000 
f 828/1683/1000 833/1684/1000 832/1682/999 
f 834/1685/1001 833/1684/1000 828/1683/1000 
f 828/1683/1000 829/1686/1001 834/1685/1001 
f 834/1685/1001 829/1686/1001 830/1687/1002 
f 830/1687/1002 835/1688/1002 834/1685/1001 
f 836/1689/1003 835/1688/1002 830/1687/1002 
f 830/1687/1002 831/1690/1003 836/1689/1003 
f 836/1689/1003 831/1690/1003 676/1691/1004 
f 676/1691/1004 837/1692/1004 836/1689/1003 
f 837/1692/1004 676/1691/1004 675/1693/1005 
f 675/1693/1005 838/1694/1005 837/1692/1004 
f 658/1695/1006 838/1694/1006 675/1693/1006 
f 675/1693/1006 657/1696/1006 658/1695/1006 
f 741/1697/1007 729/1698/1008 728/1699/1009 
f 727/1700/1010 741/1697/1007 728/1699/1009 
f 727/1700/1010 762/1701/1011 741/1697/1007 
f 727/1700/1010 793/1702/1012 762/1701/1011 
f 762/1701/1011 793/1702/1012 786/1703/1013 
f 762/1701/1011 786/1703/1013 798/1704/1014 
f 762/1701/1011 798/1704/1014 799/1705/1015 
f 784/1706/1016 798/1704/1014 786/1703/1013 
f 797/1707/1017 798/1704/1014 784/1706/1016 
f 797/1707/1017 784/1706/1016 783/1708/1018 
f 783/1708/1018 796/1709/1019 797/1707/1017 
f 796/1709/1019 783/1708/1018 781/1710/1020 
f 764/1711/1021 796/1709/1019 765/1712/1022 
f 796/1709/1019 781/1710/1020 765/1712/1022 
f 766/1713/1023 765/1712/1022 781/1710/1020 
f 648/1714/1024 766/1715/1023 781/1716/1020 
f 648/1714/1024 781/1716/1020 689/1338/799 
f 648/1714/1024 689/1338/799 649/1717/1025 
f 649/1717/1025 689/1338/799 688/1337/798 
f 687/1336/797 652/1718/1026 690/1339/800 
f 691/1340/801 652/1718/1026 687/1336/797 
f 691/1340/801 653/1719/1027 652/1718/1026 
f 692/1341/802 772/1720/1028 693/1342/803 
f 693/1342/803 772/1720/1028 794/1721/1029 
f 770/1722/1030 794/1721/1029 772/1720/1028 
f 724/1723/1031 721/1724/1032 720/1725/1033 
f 718/1726/1034 714/1727/1034 803/1728/1035 
f 803/1728/1035 818/1729/1036 718/1726/1034 
f 818/1729/1036 803/1728/1035 804/1730/1037 
f 819/1731/1038 818/1729/1036 804/1730/1037 
f 820/1732/1039 819/1731/1038 804/1730/1037 
f 820/1732/1039 804/1730/1037 805/1733/1040 
f 820/1732/1039 805/1733/1040 806/1734/1041 
f 823/1735/1042 820/1732/1039 806/1734/1041 
f 706/1355/816 673/1736/1043 704/1353/814 
f 704/1353/814 673/1736/1043 694/1343/804 
f 673/1736/1043 824/1737/1044 694/1343/804 
f 695/1344/805 694/1343/804 824/1737/1044 
f 708/1357/1045 707/1356/1046 647/1738/1047 
f 708/1357/1045 647/1738/1047 650/1739/1048 
f 708/1357/1045 650/1739/1048 767/1740/1049 
f 708/1357/1045 767/1740/1049 768/1741/1046 
f 760/1742/1050 761/1743/1051 757/1744/1052 
f 646/1745/1053 763/1746/1054 762/1747/1055 
f 762/1747/1055 799/1748/606 646/1745/1053 
f 800/1749/647 777/1750/647 778/1751/647 
f 778/1751/647 779/1752/647 800/1749/647 
f 800/1749/647 779/1752/647 780/1753/647 
f 780/1753/647 782/1754/647 800/1749/647 
f 789/1755/647 774/1756/647 775/1757/647 
f 775/1757/647 817/1758/647 789/1755/647 
f 816/1759/647 817/1758/647 775/1757/647 
f 775/1757/647 776/1760/647 816/1759/647 
f 747/1761/1056 701/1350/811 698/1347/808 
f 747/1761/1056 744/1762/1057 701/1350/811 
f 760/1763/1058 794/1721/1029 770/1722/1030 
f 795/1764/1059 794/1721/1029 760/1763/1058 
f 760/1763/1058 770/1722/1030 705/1765/1060 
f 760/1763/1058 705/1765/1060 704/1766/1061 
f 760/1763/1058 704/1766/1061 724/1723/1031 
f 704/1766/1061 721/1724/1032 724/1723/1031 
f 757/1744/1052 795/1767/606 760/1742/1050 
f 761/1743/1051 823/1768/1062 757/1744/1052 
f 761/1743/1051 752/1769/1063 823/1768/1062 
f 823/1768/1062 752/1769/1063 751/1770/606 
f 646/1745/1053 757/1744/1052 823/1768/1062 
f 823/1768/1062 806/1771/1064 646/1745/1053 
f 738/1772/1065 806/1771/1064 739/1773/606 
f 763/1746/1054 806/1771/1064 738/1772/1065 
f 646/1745/1053 806/1771/1064 763/1746/1054 
f 768/1741/1066 713/1774/1067 709/1358/819 
f 709/1358/819 708/1357/818 768/1741/1066 
f 709/1358/819 712/1775/1068 707/1356/817 
f 839/1776/647 840/1777/647 841/1778/647 
f 842/1779/315 843/1780/315 844/1781/315 
f 845/1782/315 843/1780/315 842/1779/315 
f 846/1783/315 847/1784/315 848/1785/315 
f 849/1786/1069 850/1787/571 851/1788/571 
f 851/1788/571 852/1789/1070 849/1786/1069 
f 849/1786/1069 852/1789/1070 853/1790/1071 
f 841/1778/647 854/1791/647 839/1776/647 
f 840/1792/606 839/1793/606 855/1794/606 
f 855/1794/606 856/1795/606 840/1792/606 
f 857/1796/1072 858/1797/1073 859/1798/1074 
f 859/1798/1074 858/1797/1073 842/1799/1075 
f 842/1799/1075 860/1800/1075 859/1798/1074 
f 861/1801/1076 860/1800/1075 842/1799/1075 
f 842/1799/1075 862/1802/1077 861/1801/1076 
f 862/1802/1077 863/1803/1078 853/1804/1079 
f 862/1802/1077 853/1804/1079 852/1805/1080 
f 861/1801/1076 862/1802/1077 852/1805/1080 
f 852/1805/1080 851/1806/1081 861/1801/1076 
f 854/1807/308 855/1808/308 839/1809/308 
f 864/1810/308 855/1808/308 854/1807/308 
f 854/1807/308 865/1811/308 864/1810/308 
f 864/1812/791 850/1813/791 849/1814/791 
f 864/1812/791 849/1814/791 855/1815/791 
f 855/1815/791 849/1814/791 866/1816/791 
f 855/1815/791 866/1816/791 867/1817/791 
f 855/1815/791 867/1817/791 856/1818/826 
f 856/1818/826 867/1817/791 868/1819/791 
f 856/1818/826 868/1819/791 869/1820/826 
f 856/1818/826 869/1820/826 846/1821/826 
f 869/1820/826 870/1822/826 846/1821/826 
f 840/1823/571 856/1824/571 841/1825/571 
f 841/1825/571 856/1824/571 846/1826/571 
f 846/1826/571 871/1827/571 841/1825/571 
f 872/1828/1082 873/1829/1083 845/1830/1084 
f 845/1830/1084 873/1829/1083 848/1831/1085 
f 848/1831/1085 843/1832/1086 845/1830/1084 
f 844/1833/1087 843/1832/1086 848/1831/1085 
f 848/1831/1085 847/1834/1088 844/1833/1087 
f 847/1834/1088 874/1835/1089 875/1836/1090 
f 875/1836/1090 844/1833/1087 847/1834/1088 
f 876/1837/1091 844/1833/1087 875/1836/1090 
f 863/1838/1092 844/1833/1087 876/1837/1091 
f 862/1839/315 844/1781/315 863/1840/315 
f 844/1781/315 862/1839/315 842/1779/315 
f 842/1779/315 858/1841/315 845/1782/315 
f 845/1782/315 858/1841/315 857/1842/315 
f 857/1842/315 872/1843/315 845/1782/315 
f 861/1844/1093 851/1845/1093 850/1846/1093 
f 850/1846/1093 864/1847/1093 861/1844/1093 
f 861/1844/1093 864/1847/1093 860/1848/315 
f 860/1848/315 864/1847/1093 859/1849/315 
f 859/1849/315 864/1847/1093 865/1850/315 
f 857/1851/1094 859/1849/1095 865/1850/1096 
f 854/1852/1097 857/1851/1094 865/1850/1096 
f 857/1851/1094 854/1852/1097 841/1853/1098 
f 841/1853/1098 872/1854/1099 857/1851/1094 
f 841/1853/1098 871/1855/1100 872/1854/1099 
f 872/1854/1099 871/1855/1100 873/1856/1095 
f 873/1856/315 871/1855/315 846/1783/315 
f 873/1856/315 846/1783/315 848/1785/315 
f 847/1784/315 846/1783/315 870/1857/315 
f 870/1857/315 874/1858/1093 847/1784/315 
f 853/1790/1071 866/1859/1071 849/1786/1069 
f 866/1859/1101 853/1790/1102 863/1860/1101 
f 863/1860/1101 867/1861/1101 866/1859/1101 
f 868/1862/1103 867/1861/1103 863/1860/1103 
f 863/1860/1103 876/1863/1103 868/1862/1103 
f 869/1864/1104 868/1862/1105 876/1863/1105 
f 876/1863/1105 875/1865/1106 869/1864/1104 
f 869/1864/1104 875/1865/1106 874/1866/308 
f 874/1866/308 870/1867/308 869/1864/1104 
f 877/1868/1107 878/1869/1108 879/1870/1109 
f 877/1868/1107 880/1871/1110 878/1869/1108 
f 877/1868/1107 881/1872/1111 880/1871/1110 
f 881/1872/1111 882/1873/1112 880/1871/1110 
f 883/1874/1113 880/1871/1110 882/1873/1112 
f 884/1875/1114 885/1876/1115 886/1877/1116 
f 624/1146/1117 315/658/1118 887/1878/1119 
f 888/1879/1120 887/1878/1119 315/658/1118 
f 888/1879/1120 889/1880/1121 887/1878/1119 
f 888/1879/1120 890/1881/1122 889/1880/1121 
f 888/1879/1120 891/1882/1123 890/1881/1122 
f 549/1883/1124 892/1884/1125 372/1149/1126 
f 892/1884/1125 625/1147/1127 372/1149/1126 
f 893/1885/1128 894/1886/1129 895/1887/1130 
f 896/1888/1131 894/1886/1129 893/1885/1128 
f 896/1888/1132 897/1889/1133 894/1886/1134 
f 898/1890/1135 894/1886/1136 897/1889/1137 
f 896/1888/1132 899/1891/1138 897/1889/1133 
f 898/1890/1139 897/1889/1140 900/1892/1141 
f 899/1891/1142 900/1892/1143 897/1889/1144 
f 898/1890/1139 900/1892/1141 901/1893/1145 
f 899/1891/1146 902/1894/1147 903/1895/1148 
f 899/1891/1142 903/1895/1149 900/1892/1143 
f 904/1896/1150 901/1893/1145 900/1892/1141 
f 903/1895/1151 904/1896/1152 900/1892/1153 
f 903/1895/1151 905/1897/1154 904/1896/1152 
f 906/1898/1155 907/1899/1156 905/1897/1157 
f 908/1900/571 904/1896/1152 905/1897/1154 
f 905/1897/1154 907/1899/571 908/1900/571 
f 908/1900/571 909/1901/571 904/1896/1152 
f 910/1902/1158 911/1903/1159 912/1904/1160 
f 913/1905/1161 910/1902/1158 914/1906/1162 
f 915/1907/1163 916/1908/1164 911/1903/1165 
f 915/1907/1166 911/1903/1159 910/1902/1158 
f 915/1907/1163 553/1909/1167 916/1908/1164 
f 913/1905/1161 917/1910/1168 910/1902/1158 
f 915/1907/1166 910/1902/1158 917/1910/1168 
f 918/1911/1169 553/1909/1167 915/1907/1163 
f 918/1911/1169 554/1912/1170 553/1909/1167 
f 919/1913/1171 915/1907/1166 917/1910/1168 
f 919/1913/1172 918/1911/1169 915/1907/1163 
f 919/1913/1171 917/1910/1168 920/1914/1173 
f 921/1915/1174 918/1911/1169 919/1913/1172 
f 921/1915/1175 919/1913/1171 920/1914/1173 
f 317/1916/1176 316/1917/1177 387/1918/1178 
f 922/1919/571 381/1920/571 384/1921/571 
f 378/1922/571 381/1920/571 922/1919/571 
f 923/1923/1179 924/1924/1180 925/1925/1181 
f 923/1923/1179 926/1926/1182 924/1924/1180 
f 923/1923/1183 927/1927/1184 928/1928/1185 
f 923/1923/1179 928/1928/1186 926/1926/1182 
f 929/1929/1187 927/1927/1184 930/1930/1188 
f 929/1929/1187 928/1928/1185 927/1927/1184 
f 930/1930/1188 931/1931/1189 929/1929/1187 
f 932/1932/1190 926/1926/1182 928/1928/1186 
f 929/1929/1187 932/1932/1191 928/1928/1185 
f 929/1929/1187 931/1931/1189 933/1933/1192 
f 934/1934/1193 933/1933/1192 931/1931/1189 
f 932/1932/1191 929/1929/1187 935/1935/1194 
f 929/1929/1187 933/1933/1192 935/1935/1194 
f 935/1935/1194 936/1936/1195 932/1932/1191 
f 935/1935/1194 937/1937/1196 936/1936/1195 
f 936/1936/1195 937/1937/1196 938/1938/1197 
f 935/1935/1194 933/1933/1192 939/1939/1198 
f 935/1935/1194 939/1939/1198 937/1937/1196 
f 940/1940/1199 933/1933/1192 934/1934/1193 
f 941/1941/1200 939/1939/1198 933/1933/1192 
f 941/1941/1200 933/1933/1192 940/1940/1199 
f 942/1942/1201 943/1943/1202 940/1940/1199 
f 944/1944/1203 945/1945/1204 942/1942/1201 
f 943/1943/1202 942/1942/1201 945/1945/1204 
f 946/1946/1205 940/1940/1199 943/1943/1202 
f 946/1946/1205 943/1943/1202 945/1945/1204 
f 946/1946/1205 941/1941/1200 940/1940/1199 
f 944/1944/1203 947/1947/1206 945/1945/1204 
f 948/1948/1207 947/1947/1206 944/1944/1203 
f 949/1949/1208 946/1946/1205 945/1945/1204 
f 950/1950/1209 947/1947/1206 951/1951/1210 
f 950/1950/1209 951/1951/1210 952/1952/1211 
f 953/1953/1212 950/1950/1209 952/1952/1211 
f 954/1954/1213 945/1945/1204 947/1947/1206 
f 949/1949/1208 945/1945/1204 954/1954/1213 
f 955/1955/1214 947/1947/1206 950/1950/1209 
f 947/1947/1206 955/1955/1214 954/1954/1213 
f 956/1956/1215 950/1950/1209 953/1953/1212 
f 957/1957/1216 955/1955/1214 950/1950/1209 
f 957/1957/1216 950/1950/1209 956/1956/1215 
f 958/1958/1217 954/1954/1218 955/1955/1219 
f 959/1959/1220 955/1955/1219 957/1957/1221 
f 959/1959/1220 958/1958/1217 955/1955/1219 
f 960/1960/1222 954/1954/1218 958/1958/1217 
f 949/1949/1223 954/1954/1218 960/1960/1222 
f 959/1959/1220 961/1961/1224 958/1958/1217 
f 959/1959/1220 957/1957/1221 962/1962/1225 
f 961/1961/1224 959/1959/1220 962/1962/1225 
f 962/1962/1225 957/1957/1221 963/1963/1226 
f 963/1963/1226 957/1957/1221 956/1956/1227 
f 961/1961/1224 964/1964/1228 958/1958/1217 
f 960/1960/1222 958/1958/1217 964/1964/1228 
f 962/1962/1225 965/1965/1229 961/1961/1224 
f 962/1962/1225 963/1963/1226 966/1966/1230 
f 966/1966/1230 965/1965/1229 962/1962/1225 
f 965/1965/1229 967/1967/1231 961/1961/1224 
f 961/1961/1224 967/1967/1231 964/1964/1228 
f 965/1965/1229 966/1966/1230 968/1968/1232 
f 965/1965/1229 968/1968/1232 967/1967/1231 
f 966/1966/1233 963/1963/1234 969/1969/1235 
f 969/1969/1235 963/1963/1234 956/1956/1236 
f 966/1966/1230 970/1970/1237 968/1968/1232 
f 969/1969/1235 956/1956/1236 971/1971/1238 
f 956/1956/1215 953/1953/1212 971/1971/1239 
f 971/1971/1239 953/1953/1212 972/1972/1240 
f 969/1969/1235 973/1973/1241 966/1966/1233 
f 973/1973/1241 969/1969/1235 974/1974/1242 
f 973/1973/1241 970/1970/1243 966/1966/1233 
f 973/1973/1241 974/1974/1242 975/1975/1244 
f 973/1973/1241 975/1975/1244 970/1970/1243 
f 974/1974/1242 976/1976/1245 975/1975/1244 
f 970/1970/1246 975/1975/1247 977/1977/1248 
f 976/1976/1249 978/1978/1250 975/1975/1247 
f 977/1977/1248 975/1975/1247 978/1978/1250 
f 979/1979/1251 970/1970/1246 977/1977/1248 
f 979/1979/1251 968/1968/1252 970/1970/1246 
f 980/1980/1253 977/1977/1248 978/1978/1250 
f 979/1979/1251 977/1977/1248 980/1980/1253 
f 981/1981/1254 968/1968/1252 979/1979/1251 
f 981/1981/1254 979/1979/1251 980/1980/1253 
f 981/1981/1254 967/1967/1255 968/1968/1252 
f 980/1980/1253 982/1982/1256 981/1981/1254 
f 982/1982/1256 980/1980/1253 983/1983/1257 
f 984/1984/1258 967/1967/1255 981/1981/1254 
f 964/1964/1228 967/1967/1231 984/1984/1259 
f 985/1985/1260 981/1981/1254 982/1982/1256 
f 981/1981/1254 985/1985/1260 984/1984/1258 
f 986/1986/1261 964/1964/1228 984/1984/1259 
f 964/1964/1228 986/1986/1261 960/1960/1222 
f 985/1985/1260 987/1987/1262 984/1984/1258 
f 986/1986/1261 984/1984/1259 987/1987/1263 
f 988/1988/1264 960/1960/1222 986/1986/1261 
f 949/1949/1223 960/1960/1222 988/1988/1264 
f 989/1989/1265 986/1986/1261 987/1987/1263 
f 989/1989/1265 988/1988/1264 986/1986/1261 
f 985/1985/1260 990/1990/1266 987/1987/1262 
f 949/1949/1223 988/1988/1264 991/1991/1267 
f 949/1949/1208 991/1991/1268 946/1946/1205 
f 992/1992/1269 990/1990/1266 985/1985/1260 
f 982/1982/1256 992/1992/1269 985/1985/1260 
f 993/1993/1270 987/1987/1262 990/1990/1266 
f 987/1987/1263 993/1993/1271 989/1989/1265 
f 994/1994/1272 990/1990/1266 992/1992/1269 
f 994/1994/1272 993/1993/1270 990/1990/1266 
f 992/1992/1269 982/1982/1256 995/1995/1273 
f 983/1983/1257 995/1995/1273 982/1982/1256 
f 996/1996/1274 994/1994/1272 992/1992/1269 
f 995/1995/1273 997/1997/1275 992/1992/1269 
f 996/1996/1274 992/1992/1269 997/1997/1275 
f 995/1995/1273 983/1983/1257 998/1998/1276 
f 997/1997/1275 995/1995/1273 999/1999/1277 
f 995/1995/1273 998/1998/1276 999/1999/1277 
f 983/1983/1257 1000/2000/1278 998/1998/1276 
f 1000/2000/1279 1001/2001/1280 998/1998/1281 
f 998/1998/1281 1001/2001/1280 1002/2002/1282 
f 999/1999/1283 998/1998/1281 1002/2002/1282 
f 999/1999/1283 1002/2002/1282 1003/2003/1284 
f 1004/2004/1285 999/1999/1283 1003/2003/1284 
f 999/1999/1277 1004/2004/1286 997/1997/1275 
f 1004/2004/1285 1003/2003/1284 1005/2005/1287 
f 997/1997/1275 1004/2004/1286 1006/2006/1288 
f 997/1997/1275 1006/2006/1288 996/1996/1274 
f 1007/2007/1289 1004/2004/1285 1005/2005/1287 
f 1006/2006/1288 1004/2004/1286 1007/2007/1290 
f 552/2008/1291 1007/2007/1289 1005/2005/1287 
f 1008/2009/1292 1006/2006/1288 1007/2007/1290 
f 996/1996/1274 1006/2006/1288 1008/2009/1292 
f 1008/2009/1292 1007/2007/1290 1009/2010/1293 
f 327/2011/1294 1009/2010/1293 626/2012/1295 
f 1008/2009/1292 1009/2010/1293 327/2011/1294 
f 1008/2009/1292 327/2011/1294 326/2013/1296 
f 1008/2009/1292 1010/2014/1297 996/1996/1274 
f 1010/2014/1297 1008/2009/1292 326/2013/1296 
f 996/1996/1274 1010/2014/1297 1011/2015/1298 
f 996/1996/1274 1011/2015/1298 994/1994/1272 
f 1012/2016/1299 1010/2014/1297 326/2013/1296 
f 1011/2015/1298 1010/2014/1297 1012/2016/1299 
f 1012/2016/1299 326/2013/1296 325/2017/1300 
f 1011/2015/1298 1013/2018/1301 994/1994/1272 
f 994/1994/1272 1013/2018/1301 993/1993/1270 
f 1012/2016/1299 325/2017/1300 1014/2019/1302 
f 1014/2019/1302 325/2017/1300 324/2020/1303 
f 328/2021/1304 324/2020/1305 329/2022/1306 
f 1014/2019/1307 324/2020/1305 328/2021/1304 
f 328/2021/1304 592/2023/1308 300/2024/1309 
f 1014/2019/1307 328/2021/1304 300/2024/1309 
f 1014/2019/1307 300/2024/1309 1015/2025/1310 
f 1016/2026/1311 1014/2019/1307 1015/2025/1310 
f 1012/2016/1299 1014/2019/1302 1016/2026/1312 
f 1012/2016/1299 1016/2026/1312 1017/2027/1313 
f 1011/2015/1298 1012/2016/1299 1017/2027/1313 
f 1017/2027/1313 1018/2028/1314 1011/2015/1298 
f 1017/2027/1315 376/2029/1316 1018/2028/1317 
f 1011/2015/1298 1018/2028/1314 1013/2018/1301 
f 1018/2028/1317 376/2029/1316 1013/2018/1318 
f 1019/2030/1319 1013/2018/1318 376/2029/1316 
f 1019/2030/1319 993/1993/1271 1013/2018/1318 
f 989/1989/1265 993/1993/1271 1019/2030/1319 
f 989/1989/1265 1019/2030/1319 1020/2031/1320 
f 989/1989/1265 1020/2031/1320 988/1988/1264 
f 1021/2032/1321 988/1988/1264 1020/2031/1320 
f 991/1991/1267 988/1988/1264 1021/2032/1321 
f 1022/2033/1322 1021/2032/1321 375/2034/1323 
f 991/1991/1267 1021/2032/1321 1022/2033/1322 
f 991/1991/1268 1022/2033/1324 1023/2035/1325 
f 991/1991/1268 1023/2035/1325 946/1946/1205 
f 1023/2035/1325 941/1941/1200 946/1946/1205 
f 1023/2035/1325 1022/2033/1324 1024/2036/1326 
f 1023/2035/1325 1024/2036/1326 941/1941/1200 
f 1022/2033/1322 375/2034/1323 1025/2037/1327 
f 1024/2036/1326 1022/2033/1324 1025/2037/1328 
f 1025/2037/1327 375/2034/1323 1026/2038/1329 
f 1027/2039/1330 1024/2036/1326 1025/2037/1328 
f 1027/2039/1330 1025/2037/1328 1026/2038/1331 
f 1028/2040/1332 1027/2039/1330 1026/2038/1331 
f 1028/2040/1332 1026/2038/1331 1029/2041/1333 
f 1030/2042/1334 1029/2041/1335 307/2043/1336 
f 307/2043/1336 306/2044/1337 1030/2042/1334 
f 1031/2045/1338 1028/2040/1332 1029/2041/1333 
f 1029/2041/1333 1030/2042/1339 1031/2045/1338 
f 306/2044/1337 1032/2046/1340 566/2047/1341 
f 1030/2042/1334 306/2044/1337 566/2047/1341 
f 1030/2042/1334 566/2047/1341 563/2048/1342 
f 563/2048/1342 566/2047/1341 564/2049/1343 
f 1031/2045/1338 1030/2042/1339 563/2048/1344 
f 1031/2045/1338 563/2048/1344 322/2050/1345 
f 1033/2051/1346 1031/2045/1338 322/2050/1345 
f 1033/2051/1346 1028/2040/1332 1031/2045/1338 
f 322/2050/1345 321/2052/1347 1033/2051/1346 
f 1033/2051/1346 1034/2053/1348 1028/2040/1332 
f 1034/2053/1348 1027/2039/1330 1028/2040/1332 
f 1033/2051/1346 321/2052/1347 1035/2054/1349 
f 321/2052/1347 320/2055/1350 1035/2054/1349 
f 1033/2051/1346 1036/2056/1351 1034/2053/1348 
f 1033/2051/1346 1035/2054/1349 1036/2056/1351 
f 1034/2053/1348 1037/2057/1352 1027/2039/1330 
f 1034/2053/1348 1036/2056/1351 1037/2057/1352 
f 1027/2039/1330 1037/2057/1352 1024/2036/1326 
f 1038/2058/1353 1035/2054/1349 320/2055/1350 
f 1039/2059/1354 1035/2054/1349 1038/2058/1353 
f 1039/2059/1354 1040/2060/1355 1035/2054/1349 
f 1040/2060/1355 1036/2056/1351 1035/2054/1349 
f 1041/2061/1356 1040/2060/1355 1039/2059/1354 
f 1041/2061/1356 1036/2056/1351 1040/2060/1355 
f 1041/2061/1356 1039/2059/1354 1042/2062/1357 
f 1041/2061/1356 1043/2063/1358 1036/2056/1351 
f 1037/2057/1352 1036/2056/1351 1043/2063/1358 
f 1041/2061/1356 1044/2064/1359 1043/2063/1358 
f 1037/2057/1352 1043/2063/1358 1044/2064/1359 
f 1037/2057/1352 1044/2064/1359 1045/2065/1360 
f 1037/2057/1352 1045/2065/1360 1024/2036/1326 
f 1046/2066/1361 1044/2064/1359 1041/2061/1356 
f 1024/2036/1326 1045/2065/1360 941/1941/1200 
f 1045/2065/1360 1047/2067/1362 941/1941/1200 
f 941/1941/1200 1047/2067/1362 1048/2068/1363 
f 941/1941/1200 1048/2068/1363 939/1939/1198 
f 939/1939/1198 1048/2068/1363 1049/2069/1364 
f 1047/2067/1362 1049/2069/1364 1048/2068/1363 
f 937/1937/1196 939/1939/1198 1049/2069/1364 
f 937/1937/1196 1049/2069/1364 1050/2070/1365 
f 937/1937/1196 1050/2070/1365 1051/2071/1366 
f 937/1937/1196 1051/2071/1366 938/1938/1197 
f 1042/2072/1357 917/1910/1168 913/1905/1161 
f 1042/2072/1357 920/1914/1173 917/1910/1168 
f 387/1918/1178 1001/2073/1367 317/1916/1176 
f 1002/2074/1368 1001/2073/1367 387/1918/1178 
f 387/1918/1178 385/2075/308 1002/2074/1368 
f 1003/2076/308 1002/2074/1368 385/2075/308 
f 385/2075/308 382/2077/308 1003/2076/308 
f 1003/2076/308 382/2077/308 380/2078/308 
f 380/2078/308 1005/2079/308 1003/2076/308 
f 1005/2079/308 380/2078/308 533/908/308 
f 552/986/308 1005/2079/308 533/908/308 
f 386/2080/685 924/2081/584 926/2082/571 
f 926/2082/571 384/1921/571 386/2080/685 
f 384/1921/571 926/2082/571 922/1919/571 
f 922/1919/571 1052/2083/571 378/1922/571 
f 532/948/574 378/1922/571 1052/2083/571 
f 1052/2083/571 1053/2084/574 532/948/574 
f 532/948/574 1053/2084/574 916/2085/571 
f 916/2085/571 553/987/571 532/948/574 
f 932/1932/1190 922/2086/1369 926/1926/1182 
f 936/1936/1370 922/2086/1369 932/1932/1190 
f 936/1936/1370 1052/2087/1371 922/2086/1369 
f 936/1936/1370 1053/2088/1372 1052/2087/1371 
f 936/1936/1370 938/1938/1373 1053/2088/1372 
f 938/1938/1373 916/2089/1164 1053/2088/1372 
f 552/2008/1291 544/2090/1374 1007/2007/1289 
f 1007/2007/1289 544/2090/1374 1009/2010/1375 
f 1009/2010/1375 544/2090/1374 354/2091/1376 
f 1009/2010/1375 354/2091/1376 626/2012/1377 
f 1016/2026/1311 1015/2025/1310 348/2092/1378 
f 1017/2027/1315 1016/2026/1311 348/2092/1378 
f 1017/2027/1315 348/2092/1378 376/2029/1316 
f 346/2093/1379 1019/2030/1319 376/2029/1316 
f 346/2093/1379 1020/2031/1320 1019/2030/1319 
f 1021/2032/1321 1020/2031/1320 346/2093/1379 
f 375/2034/1323 1021/2032/1321 346/2093/1379 
f 1026/2038/1329 375/2034/1323 345/2094/1380 
f 1026/2038/1329 345/2094/1380 1029/2041/1335 
f 1029/2041/1335 345/2094/1380 307/2043/1336 
f 1041/2061/1356 1042/2062/1357 913/1905/1161 
f 1046/2066/1361 1041/2061/1356 913/1905/1161 
f 1046/2066/1361 914/2095/1162 1044/2064/1359 
f 1045/2065/1360 1044/2064/1359 914/2095/1162 
f 1046/2066/1361 913/1905/1161 914/2095/1162 
f 1045/2065/1360 914/2095/1162 1047/2067/1362 
f 912/2096/1160 1047/2067/1362 914/2095/1162 
f 1049/2069/1364 1047/2067/1362 912/2096/1160 
f 912/2096/1160 1050/2070/1365 1049/2069/1364 
f 1051/2071/1366 1050/2070/1365 912/2096/1160 
f 938/1938/1373 1051/2071/1381 911/2097/1165 
f 911/2097/1159 1051/2071/1366 912/2096/1160 
f 938/1938/1373 911/2097/1165 916/2089/1164 
f 914/2095/1162 910/2098/1158 912/2096/1160 
f 883/1874/1113 892/2099/1382 880/1871/1110 
f 883/1874/1113 323/2100/1383 892/2099/1382 
f 892/2099/1382 323/2100/1383 625/2101/1384 
f 976/2102/1385 886/1877/1116 885/1876/1115 
f 976/2102/1385 1054/2103/1386 886/1877/1116 
f 976/2102/1385 317/660/1387 1054/2103/1386 
f 315/658/1118 317/660/1387 976/2102/1385 
f 974/2104/1388 315/658/1118 976/2102/1385 
f 888/1879/1120 315/658/1118 974/2104/1388 
f 887/1878/1119 925/2105/1389 624/1146/1117 
f 925/2105/1389 887/1878/1119 1055/2106/1390 
f 1055/2106/1390 887/1878/1119 1056/2107/1391 
f 883/2108/1392 319/2109/1393 323/2110/1394 
f 883/2108/1392 1057/2111/1395 319/2109/1393 
f 883/2108/1392 882/2112/1396 1057/2111/1395 
f 882/2112/1396 1058/2113/1397 1057/2111/1395 
f 1058/2113/1397 882/2112/1396 881/2114/1398 
f 881/2114/1398 1059/2115/1399 1058/2113/1397 
f 877/2116/1400 1059/2115/1401 881/2114/1402 
f 920/2117/1403 1059/2115/1401 877/2116/1400 
f 921/2118/1404 920/2117/1403 877/2116/1400 
f 921/2118/1404 877/2116/1400 879/2119/1405 
f 921/2118/1174 879/2119/1406 918/2120/1169 
f 879/2119/1406 554/2121/1170 918/2120/1169 
f 879/2119/1406 548/2122/1407 554/2121/1170 
f 879/2119/1406 878/2123/1408 548/2122/1407 
f 549/1883/1124 548/2122/1407 878/2123/1408 
f 549/1883/1124 878/2123/1408 880/2124/1409 
f 549/1883/1124 880/2124/1409 892/1884/1125 
f 972/2125/1410 889/2126/1411 890/2127/1412 
f 972/2125/1410 953/2128/1413 889/2126/1411 
f 953/2128/1413 893/1885/1414 889/2126/1411 
f 953/2128/1413 952/2129/1415 893/1885/1414 
f 887/2130/1416 889/2126/1417 893/1885/1418 
f 896/1888/1419 893/1885/1420 952/2129/1421 
f 951/2131/1422 896/1888/1419 952/2129/1421 
f 887/2130/1416 893/1885/1418 895/1887/1423 
f 887/2130/1424 895/1887/1425 1056/2132/1426 
f 1056/2132/1426 895/1887/1425 1060/2133/1427 
f 894/1886/1428 1060/2133/1428 895/1887/1428 
f 1061/2134/1429 1060/2133/1429 894/1886/1429 
f 898/1890/1135 1061/2134/1430 894/1886/1136 
f 951/2131/1431 899/1891/1432 896/1888/1433 
f 951/2131/1431 902/1894/1434 899/1891/1432 
f 902/1894/1147 948/2135/1435 903/1895/1148 
f 904/1896/1150 930/2136/1436 901/1893/1145 
f 948/2135/1437 905/1897/1438 903/1895/1439 
f 948/2135/1437 944/2137/1440 905/1897/1438 
f 931/2138/1441 930/2136/1442 904/1896/1443 
f 906/1898/1155 905/1897/1157 944/2137/1444 
f 931/2138/1441 904/1896/1443 909/1901/1445 
f 906/1898/1155 934/2139/1446 907/1899/1156 
f 907/1899/1156 934/2139/1446 908/1900/1447 
f 908/1900/1447 931/2138/1448 909/1901/1449 
f 934/2139/1446 931/2138/1448 908/1900/1447 
f 386/2080/685 623/2140/685 624/2141/685 
f 923/1923/1183 925/1925/1450 1055/2142/1451 
f 1055/2142/1451 1056/2143/1452 1060/2144/1453 
f 1055/2142/1451 1060/2144/1453 1061/2145/1454 
f 1055/2142/1451 1061/2145/1454 927/1927/1184 
f 1055/2142/1451 927/1927/1184 923/1923/1183 
f 927/1927/1184 1061/2145/1454 898/2146/1455 
f 927/1927/1184 898/2146/1455 901/2147/1456 
f 927/1927/1184 901/2147/1456 930/1930/1188 
f 940/1940/1199 934/1934/1193 906/2148/1457 
f 940/1940/1199 906/2148/1457 942/1942/1201 
f 942/1942/1201 906/2148/1457 944/1944/1203 
f 902/2149/1458 947/1947/1206 948/1948/1207 
f 951/1951/1210 947/1947/1206 902/2149/1458 
f 971/1971/1239 972/1972/1240 890/2150/1459 
f 971/1971/1239 890/2150/1459 891/2151/1460 
f 969/1969/1235 971/1971/1238 891/2151/1461 
f 969/1969/1235 891/2151/1461 888/2152/1462 
f 969/1969/1235 888/2152/1462 974/1974/1242 
f 976/1976/1249 885/2153/1463 978/1978/1250 
f 978/1978/1250 885/2153/1463 884/2154/1464 
f 980/1980/1253 978/1978/1250 884/2154/1464 
f 983/1983/1257 980/1980/1253 884/2154/1464 
f 884/2154/1464 886/2155/1465 983/1983/1257 
f 983/1983/1257 886/2155/1465 1000/2000/1278 
f 886/2155/1465 1054/2156/1466 1000/2000/1278 
f 1054/2156/1467 1001/2001/1280 1000/2000/1279 
f 1038/2058/1353 320/2055/1350 319/2157/1468 
f 1057/2158/1469 1038/2058/1353 319/2157/1468 
f 1058/2159/1470 1038/2058/1353 1057/2158/1469 
f 1058/2159/1470 1039/2059/1354 1038/2058/1353 
f 1042/2062/1357 1039/2059/1354 1058/2159/1470 
f 1042/2062/1357 1058/2159/1470 1059/2160/1471 
f 624/2141/685 924/2081/584 386/2080/685 
f 924/1924/1180 624/2161/1472 925/1925/1181 
f 1054/2156/1467 317/2162/1473 1001/2001/1280 
f 1042/2062/1357 1059/2160/1471 920/1914/1173 
f 1062/2163/791 1063/2164/791 1064/2165/791 
f 1064/2165/791 1065/2166/791 1062/2163/791 
f 1066/2167/1474 1067/2168/1474 1068/2169/1474 
f 1068/2169/1474 1069/2170/1474 1066/2167/1474 
f 1070/2171/1475 1066/2167/1475 1069/2170/1475 
f 1069/2170/1475 1071/2172/1475 1070/2171/1475 
f 1072/2173/1476 1073/2174/1476 1074/2175/1477 
f 1074/2175/1477 1075/2176/1477 1072/2173/1476 
f 1076/2177/1478 1077/2178/1479 1078/2179/1479 
f 1079/2180/584 1064/2181/574 1063/2182/584 
f 1079/2180/584 1063/2182/584 1080/2183/584 
f 1080/2183/584 1075/2184/584 1079/2180/584 
f 1072/2185/584 1075/2184/584 1080/2183/584 
f 1080/2183/584 1081/2186/584 1072/2185/584 
f 1072/2185/584 1081/2186/584 1082/2187/571 
f 1082/2187/571 1083/2188/571 1072/2185/584 
f 1078/2189/571 1083/2188/571 1082/2187/571 
f 1078/2189/571 1084/2190/571 1083/2188/571 
f 1070/2191/571 1084/2190/571 1078/2189/571 
f 1078/2189/571 1085/2192/571 1070/2191/571 
f 1066/2193/571 1070/2191/571 1085/2192/571 
f 1085/2192/571 1067/2194/571 1066/2193/571 
f 1084/2195/1480 1070/2171/1481 1071/2172/1481 
f 1071/2172/1481 1086/2196/1480 1084/2195/1480 
f 1083/2197/1482 1084/2195/1480 1086/2196/1480 
f 1086/2196/1480 1087/2198/1482 1083/2197/1482 
f 1083/2197/1482 1087/2198/1482 1073/2174/1476 
f 1073/2174/1476 1072/2173/1476 1083/2197/1482 
f 1079/2199/1483 1075/2176/1477 1074/2175/1477 
f 1074/2175/1477 1088/2200/1483 1079/2199/1483 
f 1064/2201/1484 1079/2199/1483 1088/2200/1483 
f 1088/2200/1483 1065/2202/1484 1064/2201/1484 
f 1089/2203/1485 1068/2204/1485 1067/2205/1485 
f 1067/2205/1485 1085/2206/1485 1089/2203/1485 
f 1077/2178/1479 1089/2203/1486 1085/2206/1486 
f 1085/2206/1486 1078/2179/1479 1077/2178/1479 
f 1078/2179/1479 1082/2207/1478 1076/2177/1478 
f 1076/2177/1478 1082/2207/1478 1081/2208/1487 
f 1081/2208/1487 1090/2209/1487 1076/2177/1478 
f 1091/2210/1488 1090/2211/1487 1081/2212/1487 
f 1081/2212/1487 1080/2213/1488 1091/2210/1488 
f 1091/2210/1488 1080/2213/1488 1063/2214/314 
f 1063/2214/314 1062/2215/314 1091/2210/1488 
f 1092/2216/1489 1093/2217/1489 1094/2218/1490 
f 1095/2219/1491 1093/2217/1489 1092/2216/1489 
f 1096/2220/606 1097/2221/606 1098/2222/606 
f 1099/2223/1492 1100/2224/1493 1101/2225/1494 
f 1102/2226/1495 1103/2227/1495 1104/2228/1495 
f 1105/2229/571 1106/2230/571 1107/2231/571 
f 1108/2232/571 1105/2229/571 1107/2231/571 
f 1107/2231/571 1109/2233/571 1108/2232/571 
f 1109/2233/1496 1100/2234/1497 1108/2232/1498 
f 1109/2233/1496 1110/2235/1499 1100/2234/1497 
f 1094/2218/1490 1100/2234/574 1110/2235/574 
f 1100/2234/574 1094/2218/1490 1101/2236/574 
f 1110/2235/574 1111/2237/1490 1094/2218/1490 
f 1094/2218/1490 1111/2237/1490 1092/2216/1489 
f 1092/2216/1489 1098/2238/1491 1095/2219/1491 
f 1095/2219/571 1098/2238/571 1097/2239/571 
f 1097/2239/571 1102/2240/571 1095/2219/571 
f 1103/2241/571 1102/2240/571 1097/2239/571 
f 1097/2239/571 1112/2242/571 1103/2241/571 
f 1103/2241/571 1112/2242/571 1113/2243/571 
f 1102/2244/314 1114/2245/313 1095/2246/313 
f 1114/2245/313 1093/2247/313 1095/2246/313 
f 1093/2247/313 1114/2245/313 1115/2248/313 
f 1115/2248/313 1094/2249/315 1093/2247/313 
f 1101/2250/315 1094/2249/315 1115/2248/313 
f 1115/2248/313 1116/2251/315 1101/2250/315 
f 1096/2220/606 1098/2222/606 1092/2252/606 
f 1117/2253/606 1096/2220/606 1092/2252/606 
f 1092/2252/606 1111/2254/606 1117/2253/606 
f 1117/2253/606 1111/2254/606 1110/2255/606 
f 1109/2256/606 1117/2253/606 1110/2255/606 
f 1118/2257/1500 1117/2253/606 1109/2256/606 
f 1109/2256/606 1107/2258/1500 1118/2257/1500 
f 1119/2259/1501 1118/2260/1500 1107/2261/1500 
f 1107/2261/1500 1106/2262/1501 1119/2259/1501 
f 1120/2263/1502 1119/2259/1503 1106/2262/1503 
f 1106/2262/1503 1105/2264/1502 1120/2263/1502 
f 1120/2263/1502 1105/2264/1502 1108/2265/1504 
f 1108/2265/1504 1121/2266/1505 1120/2263/1502 
f 1099/2223/1492 1121/2266/1505 1108/2265/1504 
f 1108/2265/1504 1100/2224/1493 1099/2223/1492 
f 1101/2225/1494 1116/2267/1494 1099/2223/1492 
f 1112/2268/1506 1097/2269/1506 1096/2270/1506 
f 1096/2270/1506 1122/2271/1506 1112/2268/1506 
f 1113/2272/1507 1112/2268/1508 1122/2271/1507 
f 1122/2271/1507 1123/2273/1507 1113/2272/1507 
f 1113/2272/1509 1123/2273/1509 1104/2228/1509 
f 1104/2228/1509 1103/2227/1510 1113/2272/1509 
f 1104/2228/1495 1114/2274/1495 1102/2226/1495 
f 1124/2275/308 1125/2276/665 1126/2277/665 
f 1127/2278/308 1124/2275/308 1126/2277/665 
f 1126/2277/665 1128/2279/308 1127/2278/308 
f 1129/2280/1511 1130/2281/1512 1131/2282/1513 
f 1132/2283/313 1133/2284/313 1134/2285/313 
f 1134/2285/313 1135/2286/315 1132/2283/313 
f 1136/2287/315 1137/2288/315 1138/2289/315 
f 1138/2289/315 1139/2290/315 1136/2287/315 
f 1140/2291/1514 1141/2292/1514 1137/2293/1514 
f 1137/2293/1514 1136/2294/1515 1140/2291/1514 
f 1135/2295/1516 1134/2296/1516 1139/2297/1516 
f 1139/2297/1516 1138/2298/1516 1135/2295/1516 
f 1142/2299/1517 1143/2300/1517 1127/2301/1517 
f 1127/2301/1517 1128/2302/1517 1142/2299/1517 
f 1126/2303/1518 1141/2304/1518 1140/2305/1518 
f 1140/2305/1518 1144/2306/1518 1126/2303/1518 
f 1142/2307/1519 1128/2308/1519 1126/2309/1519 
f 1126/2309/1519 1144/2310/1519 1142/2307/1519 
f 1132/2311/308 1145/2312/550 1146/2313/308 
f 1132/2311/308 1135/2314/550 1145/2312/550 
f 1129/2315/665 1145/2312/550 1135/2314/550 
f 1135/2314/550 1141/2316/550 1129/2315/665 
f 1141/2316/550 1135/2314/550 1138/2317/308 
f 1138/2317/308 1137/2318/308 1141/2316/550 
f 1129/2315/665 1141/2316/550 1126/2277/665 
f 1126/2277/665 1125/2276/665 1129/2315/665 
f 1133/2319/571 1147/2320/584 1131/2321/574 
f 1133/2319/571 1131/2321/574 1134/2322/571 
f 1134/2322/571 1131/2321/574 1130/2323/574 
f 1130/2323/574 1140/2324/584 1134/2322/571 
f 1139/2325/584 1134/2322/571 1140/2324/584 
f 1140/2324/584 1136/2326/571 1139/2325/584 
f 1144/2327/571 1140/2324/584 1130/2323/574 
f 1130/2323/574 1148/2328/571 1144/2327/571 
f 1149/2329/571 1144/2327/571 1148/2328/571 
f 1144/2327/571 1149/2329/571 1143/2330/571 
f 1143/2330/571 1142/2331/571 1144/2327/571 
f 1133/2332/1520 1132/2333/1520 1146/2334/1520 
f 1146/2334/1520 1147/2335/1521 1133/2332/1520 
f 1131/2282/1513 1147/2335/1522 1146/2334/1523 
f 1146/2334/1523 1145/2336/1524 1131/2282/1513 
f 1131/2282/1513 1145/2336/1524 1129/2280/1511 
f 1148/2337/1525 1130/2281/1512 1129/2280/1511 
f 1129/2280/1511 1125/2338/1525 1148/2337/1525 
f 1149/2339/1526 1148/2337/1527 1125/2338/1527 
f 1125/2338/1527 1124/2340/1526 1149/2339/1526 
f 1149/2339/1526 1124/2340/1526 1127/2341/1528 
f 1127/2341/1528 1143/2342/1529 1149/2339/1526 
f 1150/2343/1530 1151/2344/1531 1152/2345/1532 
f 1152/2345/1532 1151/2344/1531 1153/2346/1533 
f 1154/2347/1534 1155/2348/1534 1156/2349/1534 
f 1156/2349/1534 1157/2350/1534 1154/2347/1534 
f 1155/2351/1535 1158/2352/1536 1159/2353/1537 
f 1159/2353/1537 1156/2354/1538 1155/2351/1535 
f 1160/2355/1539 1161/2356/1540 1162/2357/1541 
f 1163/2358/1542 1162/2357/1541 1161/2356/1540 
f 1161/2356/1540 1164/2359/1543 1163/2358/1542 
f 1165/2360/1544 1163/2358/1542 1164/2359/1543 
f 1164/2359/1543 1166/2361/1545 1165/2360/1544 
f 1158/2362/584 1167/2363/584 1153/2364/574 
f 1154/2365/584 1167/2363/584 1158/2362/584 
f 1154/2365/584 1158/2362/584 1155/2366/571 
f 1150/2343/1530 1168/2367/1546 1169/2368/1547 
f 1152/2345/1532 1168/2367/1546 1150/2343/1530 
f 1153/2346/1533 1170/2369/1548 1152/2345/1532 
f 1171/2370/1549 1170/2369/1548 1153/2346/1533 
f 1153/2346/1533 1167/2371/1550 1171/2370/1549 
f 1167/2372/1551 1154/2347/1551 1157/2350/1551 
f 1157/2350/1551 1171/2373/1551 1167/2372/1551 
f 1170/2374/1552 1166/2375/1553 1164/2376/1554 
f 1164/2376/1554 1152/2377/1555 1170/2374/1552 
f 1152/2377/1555 1164/2376/1554 1161/2378/1556 
f 1152/2377/1555 1161/2378/1556 1168/2379/1557 
f 1160/2380/1558 1168/2379/1557 1161/2378/1556 
f 1169/2381/1559 1168/2379/1557 1160/2380/1558 
f 1169/2381/1560 1160/2380/1561 1162/2382/1562 
f 1150/2383/1563 1169/2381/1560 1162/2382/1562 
f 1150/2383/1564 1162/2382/1565 1163/2384/1566 
f 1151/2385/1567 1150/2383/1564 1163/2384/1566 
f 1151/2385/1567 1163/2384/1566 1158/2386/1568 
f 1158/2386/1568 1153/2387/1569 1151/2385/1567 
f 1158/2386/1568 1163/2384/1566 1165/2388/1570 
f 1158/2386/1568 1165/2388/1570 1159/2389/1571 
f 1172/2390/1572 1173/2391/1572 1174/2392/1572 
f 1175/2393/1573 1174/2392/1573 1173/2391/1573 
f 1173/2391/1573 1176/2394/1573 1175/2393/1573 
f 1177/2395/1574 1178/2396/1574 1179/2397/1574 
f 1179/2397/1575 1178/2396/1575 1180/2398/1575 
f 1181/2399/308 1182/2400/308 1183/2401/308 
f 1179/2402/308 1182/2400/308 1181/2399/308 
f 1181/2399/308 1184/2403/308 1179/2402/308 
f 1185/2404/308 1179/2402/308 1184/2403/308 
f 1184/2403/308 1174/2405/308 1185/2404/308 
f 1185/2404/308 1174/2405/308 1175/2406/308 
f 1181/2407/1576 1183/2408/1577 1186/2409/1576 
f 1186/2409/1576 1187/2410/1576 1181/2407/1576 
f 1184/2411/1578 1181/2407/1578 1187/2410/1578 
f 1187/2410/1578 1172/2390/1579 1184/2411/1578 
f 1174/2392/1572 1184/2411/1572 1172/2390/1572 
f 1185/2412/1580 1175/2393/1580 1176/2394/1580 
f 1176/2394/1580 1177/2395/1580 1185/2412/1580 
f 1179/2397/1574 1185/2412/1574 1177/2395/1574 
f 1180/2398/1575 1182/2413/1575 1179/2397/1575 
f 1182/2413/1581 1180/2398/1581 1186/2414/1581 
f 1186/2414/1581 1183/2415/1581 1182/2413/1581 
f 1188/2416/1582 1189/2417/1583 1190/2418/1584 
f 1189/2417/1585 1188/2416/1586 1191/2419/1587 
f 1190/2418/1584 1189/2417/1583 1192/2420/1588 
f 1192/2420/1588 1193/2421/1589 1190/2418/1584 
f 1191/2419/1587 1194/2422/1590 1189/2417/1585 
f 1193/2421/1589 1192/2420/1588 1195/2423/1591 
f 1195/2423/1591 1196/2424/1592 1193/2421/1589 
f 1197/2425/1593 1196/2424/1592 1195/2423/1591 
f 1198/2426/1594 1192/2420/1595 1189/2417/1585 
f 1189/2417/1585 1194/2422/1590 1198/2426/1594 
f 1199/2427/1596 1195/2423/1597 1192/2420/1595 
f 1192/2420/1595 1198/2426/1594 1199/2427/1596 
f 1195/2423/1591 1200/2428/1598 1197/2425/1593 
f 1201/2429/1599 1197/2425/1593 1200/2428/1598 
f 1195/2423/1597 1199/2427/1596 1202/2430/1600 
f 1202/2430/1600 1200/2428/1601 1195/2423/1597 
f 1200/2428/1598 1203/2431/1602 1201/2429/1599 
f 1204/2432/1603 1201/2429/1599 1203/2431/1602 
f 1200/2428/1601 1202/2430/1600 1205/2433/1604 
f 1205/2433/1604 1203/2431/1605 1200/2428/1601 
f 1203/2431/1602 1206/2434/1606 1204/2432/1603 
f 1207/2435/1607 1204/2432/1603 1206/2434/1606 
f 1203/2431/1605 1205/2433/1604 1208/2436/1608 
f 1208/2436/1608 1206/2434/1609 1203/2431/1605 
f 1206/2434/1606 1209/2437/1610 1207/2435/1607 
f 1209/2437/1611 1206/2434/1609 1208/2436/1608 
f 1210/2438/1612 1211/2439/1613 1212/2440/1614 
f 1212/2440/1614 1209/2437/1611 1213/2441/1615 
f 1208/2436/1608 1213/2441/1615 1209/2437/1611 
f 1212/2440/1614 1214/2442/1616 1210/2438/1612 
f 1213/2441/1615 1214/2442/1616 1212/2440/1614 
f 1210/2438/1617 1214/2442/1618 1215/2443/1619 
f 1215/2443/1619 1214/2442/1618 1213/2441/1620 
f 1215/2443/1619 1216/2444/1621 1210/2438/1617 
f 1217/2445/1622 1213/2441/1623 1208/2436/1624 
f 1213/2441/1620 1217/2445/1625 1215/2443/1619 
f 1216/2444/1626 1215/2443/1627 1218/2446/1628 
f 1218/2446/1628 1215/2443/1627 1217/2445/1629 
f 1218/2446/1628 1219/2447/1630 1216/2444/1626 
f 1208/2436/1624 1220/2448/1631 1217/2445/1622 
f 1220/2448/1631 1208/2436/1624 1205/2433/1632 
f 1217/2445/1629 1221/2449/1633 1218/2446/1628 
f 1221/2449/1633 1217/2445/1629 1220/2448/1634 
f 1219/2447/1635 1218/2446/1636 1222/2450/1637 
f 1222/2450/1637 1218/2446/1636 1221/2449/1638 
f 1222/2450/1637 1223/2451/1639 1219/2447/1635 
f 1224/2452/1640 1223/2451/1640 1222/2450/1641 
f 1222/2450/1641 1225/2453/1642 1224/2452/1640 
f 1221/2449/1638 1226/2454/1643 1222/2450/1637 
f 1226/2454/1643 1221/2449/1638 1227/2455/1644 
f 1220/2448/1634 1227/2455/1645 1221/2449/1633 
f 1227/2455/1644 1228/2456/1646 1226/2454/1643 
f 1229/2457/1647 1228/2456/1646 1227/2455/1644 
f 1227/2455/1645 1220/2448/1634 1230/2458/1648 
f 1205/2433/1632 1230/2458/1649 1220/2448/1631 
f 1230/2458/1649 1205/2433/1632 1202/2430/1650 
f 1227/2455/1644 1231/2459/1651 1229/2457/1647 
f 1230/2458/1648 1231/2459/1652 1227/2455/1645 
f 1232/2460/1653 1229/2457/1647 1231/2459/1651 
f 1202/2430/1650 1233/2461/1654 1230/2458/1649 
f 1231/2459/1652 1230/2458/1648 1233/2461/1655 
f 1233/2461/1654 1202/2430/1650 1199/2427/1656 
f 1231/2459/1651 1234/2462/1657 1232/2460/1653 
f 1233/2461/1655 1234/2462/1658 1231/2459/1652 
f 1235/2463/1659 1232/2460/1653 1234/2462/1657 
f 1199/2427/1656 1236/2464/1660 1233/2461/1654 
f 1234/2462/1658 1233/2461/1655 1236/2464/1661 
f 1236/2464/1660 1199/2427/1656 1198/2426/1662 
f 1234/2462/1657 1237/2465/1663 1235/2463/1659 
f 1236/2464/1661 1237/2465/1664 1234/2462/1658 
f 1238/2466/1665 1235/2463/1659 1237/2465/1663 
f 1239/2467/1666 1237/2465/1664 1236/2464/1661 
f 1237/2465/1663 1239/2467/1667 1238/2466/1665 
f 1198/2426/1662 1240/2468/1668 1236/2464/1660 
f 1236/2464/1661 1240/2468/1669 1239/2467/1666 
f 1240/2468/1670 1198/2426/1671 1194/2422/1672 
f 1241/2469/1673 1238/2466/1665 1239/2467/1667 
f 1241/2469/1674 1242/2470/1675 1243/2471/1676 
f 1244/2472/1677 1242/2470/1678 1241/2469/1673 
f 1239/2467/1667 1245/2473/1679 1241/2469/1673 
f 1241/2469/1673 1245/2473/1679 1244/2472/1677 
f 1245/2473/1680 1239/2467/1666 1240/2468/1669 
f 1246/2474/1681 1244/2472/1682 1245/2473/1680 
f 1240/2468/1669 1247/2475/1683 1245/2473/1680 
f 1245/2473/1680 1247/2475/1683 1246/2474/1681 
f 1194/2422/1672 1247/2475/1684 1240/2468/1670 
f 1191/2419/1685 1246/2474/1686 1247/2475/1684 
f 1247/2475/1684 1194/2422/1672 1191/2419/1685 
f 1190/2418/1584 1243/2476/1687 1188/2416/1582 
f 1225/2477/1688 1207/2435/1607 1209/2437/1610 
f 1211/2439/1689 1224/2478/1690 1225/2477/1688 
f 1225/2477/1688 1212/2440/1691 1211/2439/1689 
f 1209/2437/1610 1212/2440/1691 1225/2477/1688 
f 1207/2479/1692 1225/2453/1642 1222/2450/1641 
f 1222/2450/1641 1226/2454/1693 1207/2479/1692 
f 1204/2480/1694 1207/2479/1695 1226/2454/1696 
f 1226/2454/1696 1228/2456/1697 1204/2480/1694 
f 1201/2481/1698 1204/2480/1694 1228/2456/1697 
f 1228/2456/1697 1229/2457/1699 1201/2481/1698 
f 1197/2482/1700 1201/2481/1698 1229/2457/1699 
f 1229/2457/1699 1232/2460/1701 1197/2482/1700 
f 1196/2483/1702 1197/2482/1700 1232/2460/1701 
f 1232/2460/1701 1235/2463/1703 1196/2483/1702 
f 1193/2484/1704 1196/2483/1702 1235/2463/1703 
f 1235/2463/1703 1238/2466/1705 1193/2484/1704 
f 1190/2485/1706 1193/2484/1707 1238/2466/1708 
f 1238/2466/1708 1241/2469/1674 1190/2485/1706 
f 1243/2471/1676 1190/2485/1706 1241/2469/1674 
f 1248/2486/314 1249/2487/314 1250/2488/314 
f 1250/2488/314 1251/2489/314 1248/2486/314 
f 1251/2490/791 1252/2491/791 1253/2492/791 
f 1253/2492/791 1248/2493/791 1251/2490/791 
f 1254/2494/606 1253/2495/606 1252/2496/606 
f 1252/2496/606 1255/2497/606 1254/2494/606 
f 1253/2498/1709 1254/2499/1710 1256/2500/1711 
f 1248/2501/1712 1253/2498/1709 1256/2500/1711 
f 1248/2501/1712 1256/2500/1711 1249/2502/1713 
f 1250/2503/1714 1249/2504/1715 1256/2505/1714 
f 1256/2505/1714 1257/2506/1714 1250/2503/1714 
f 1254/2507/1716 1257/2506/1717 1256/2505/1718 
f 1255/2508/1719 1257/2506/1717 1254/2507/1716 
f 1258/2509/308 1259/2510/1720 1260/2511/1721 
f 1261/2512/1722 1262/2513/1722 1263/2514/1722 
f 1264/2515/647 1263/2516/647 1262/2517/647 
f 1262/2517/647 1265/2518/647 1264/2515/647 
f 1266/2519/791 1258/2520/791 1267/2521/791 
f 1267/2521/791 1268/2522/791 1266/2519/791 
f 1259/2510/1720 1265/2523/1723 1260/2511/1721 
f 1260/2511/1721 1267/2524/308 1258/2509/308 
f 1269/2525/1724 1261/2526/1725 1263/2527/1726 
f 1268/2528/685 1261/2526/1725 1269/2525/1724 
f 1269/2525/1724 1266/2529/685 1268/2528/685 
f 1268/2530/315 1267/2531/315 1260/2532/1727 
f 1260/2532/1727 1261/2512/1727 1268/2530/315 
f 1260/2532/1727 1262/2513/1728 1261/2512/1727 
f 1260/2532/1729 1265/2533/1729 1262/2513/1729 
f 1259/2534/1730 1258/2535/606 1266/2536/606 
f 1266/2536/606 1269/2537/1730 1259/2534/1730 
f 1259/2534/1730 1269/2537/1730 1264/2538/1731 
f 1259/2534/1732 1264/2538/1732 1265/2539/1732 
f 1269/2537/1733 1263/2540/1733 1264/2538/1733 
f 1270/2541/1734 1271/2542/1735 1272/2543/1736 
f 1273/2544/606 1274/2545/606 1275/2546/606 
f 1275/2546/606 1271/2547/606 1273/2544/606 
f 1271/2542/1735 1275/2548/1737 1272/2543/1736 
f 1276/2549/1738 1271/2542/1735 1270/2541/1734 
f 1277/2550/574 1274/2551/574 1273/2552/574 
f 1278/2553/574 1277/2550/574 1273/2552/574 
f 1273/2552/574 1279/2554/574 1278/2553/574 
f 1278/2555/313 1279/2556/314 1276/2557/314 
f 1276/2557/314 1270/2558/313 1278/2555/313 
f 1278/2555/1739 1270/2558/1739 1272/2559/1739 
f 1272/2559/1739 1277/2560/1740 1278/2555/1739 
f 1274/2561/647 1277/2560/647 1272/2559/647 
f 1272/2559/647 1275/2562/647 1274/2561/647 
f 1280/2563/1741 1281/2564/1742 1282/2565/1743 
f 1283/2566/1744 1284/2567/1745 1285/2568/1746 
f 1283/2566/1744 1285/2568/1746 1286/2569/1747 
f 1287/2570/1748 1288/2571/1749 1289/2572/1750 
f 1287/2570/1748 1290/2573/1751 1291/2574/1752 
f 1290/2573/1751 1287/2570/1748 1292/2575/1753 
f 1292/2575/1753 1293/2576/1754 1294/2577/1755 
f 1294/2577/1755 1293/2576/1754 1295/2578/1756 
f 1295/2578/1756 1296/2579/1757 1294/2577/1755 
f 1296/2579/1757 1295/2578/1756 1297/2580/1758 
f 1297/2580/1758 1298/2581/1759 1296/2579/1757 
f 1299/2582/1760 1298/2581/1759 1297/2580/1758 
f 1297/2580/1758 1300/2583/1761 1299/2582/1760 
f 1301/2584/1762 1302/2585/1763 1303/2586/1764 
f 1304/2587/1765 1305/2588/1766 1306/2589/1767 
f 1306/2589/1767 1305/2588/1766 1307/2590/1768 
f 1307/2590/1768 1308/2591/1769 1306/2589/1767 
f 1308/2591/1769 1307/2590/1768 1309/2592/1770 
f 1310/2593/1771 1311/2594/1772 1312/2595/1773 
f 1310/2593/1771 1313/2596/1774 1311/2594/1772 
f 1313/2596/1775 1310/2593/1776 1314/2597/1777 
f 1315/2598/1778 1306/2599/1779 1308/2600/1780 
f 1303/2601/1781 1315/2598/1778 1308/2600/1780 
f 1303/2601/1781 1308/2600/1780 1316/2602/1782 
f 1303/2601/1781 1316/2602/1782 1317/2603/1783 
f 1317/2603/1783 1316/2602/1782 1311/2604/1784 
f 1317/2603/1783 1311/2604/1784 1299/2605/1785 
f 1299/2605/1785 1311/2604/1784 1313/2606/1786 
f 1299/2605/1785 1313/2606/1786 1298/2607/1787 
f 1298/2607/1787 1313/2606/1786 1296/2608/1788 
f 1296/2608/1788 1318/2609/1789 1294/2610/1790 
f 1296/2608/1788 1290/2611/1791 1318/2609/1789 
f 1296/2608/1788 1313/2606/1786 1290/2611/1791 
f 1290/2611/1792 1313/2606/1792 1286/2612/1792 
f 1290/2611/1793 1286/2612/1794 1291/2613/1795 
f 1291/2613/1795 1286/2612/1794 1319/2614/1796 
f 1286/2612/1794 1285/2615/1797 1319/2614/1796 
f 1319/2614/1796 1285/2615/1797 1288/2616/1798 
f 1285/2615/1797 1284/2617/1799 1288/2616/1798 
f 1288/2616/1800 1284/2617/1801 1320/2618/1802 
f 1320/2618/1802 1321/2619/1803 1288/2616/1800 
f 1321/2619/1803 1320/2618/1802 1322/2620/1804 
f 1321/2619/1803 1322/2620/1804 1281/2564/1742 
f 1321/2619/1803 1281/2564/1742 1280/2563/1741 
f 1323/2621/1805 1289/2622/1806 1321/2623/1807 
f 1321/2623/1807 1280/2624/1808 1323/2621/1805 
f 1324/2625/1809 1323/2621/1810 1280/2624/1811 
f 1280/2624/1811 1282/2626/1812 1324/2625/1809 
f 1325/2627/1813 1324/2625/1809 1282/2626/1812 
f 1282/2626/1812 1281/2628/1814 1325/2627/1813 
f 1326/2629/1815 1325/2627/1813 1281/2628/1814 
f 1281/2628/1814 1322/2630/1816 1326/2629/1815 
f 1283/2566/1744 1326/2629/1817 1322/2630/1818 
f 1283/2566/1744 1322/2630/1818 1320/2631/1819 
f 1283/2566/1744 1320/2631/1819 1284/2567/1745 
f 1314/2632/1820 1283/2566/1744 1286/2569/1747 
f 1289/2572/1750 1288/2571/1749 1321/2633/1821 
f 1287/2570/1748 1319/2634/1822 1288/2571/1749 
f 1287/2570/1748 1291/2574/1752 1319/2634/1822 
f 1292/2575/1753 1318/2635/1823 1290/2573/1751 
f 1294/2577/1755 1318/2635/1823 1292/2575/1753 
f 1317/2636/1824 1299/2582/1760 1300/2583/1761 
f 1300/2583/1761 1301/2584/1762 1317/2636/1824 
f 1303/2586/1764 1317/2636/1824 1301/2584/1762 
f 1315/2637/1825 1303/2586/1764 1302/2585/1763 
f 1302/2585/1763 1304/2587/1765 1315/2637/1825 
f 1306/2589/1767 1315/2637/1825 1304/2587/1765 
f 1309/2592/1770 1316/2638/1826 1308/2591/1769 
f 1316/2638/1826 1309/2592/1770 1312/2595/1773 
f 1312/2595/1773 1311/2594/1772 1316/2638/1826 
f 1314/2597/1777 1286/2639/1827 1313/2596/1775 
f 1327/2640/606 1328/2641/606 1329/2642/606 
f 1330/2643/1828 1331/2644/1829 1332/2645/315 
f 1333/2646/1830 1334/2647/308 1335/2648/308 
f 1335/2648/308 1336/2649/1830 1333/2646/1830 
f 1337/2650/1831 1338/2651/1832 774/2652/1833 
f 1337/2650/1831 1339/2653/1834 1338/2651/1832 
f 1338/2654/791 1339/2655/791 1335/2656/791 
f 1335/2656/791 1334/2657/791 1338/2654/791 
f 1327/2640/606 1329/2642/606 1340/2658/606 
f 1340/2658/606 1337/2659/606 1327/2640/606 
f 1337/2659/606 1340/2658/606 1336/2660/606 
f 1339/2661/606 1337/2659/606 1336/2660/606 
f 1336/2660/606 1335/2662/606 1339/2661/606 
f 1330/2643/1828 774/2663/1835 1331/2644/1829 
f 1331/2644/1829 774/2663/1835 1341/2664/1836 
f 1333/2665/1837 1341/2664/1836 774/2663/1835 
f 1333/2665/1837 774/2663/1835 1338/2666/1838 
f 1333/2665/1837 1338/2666/1838 1334/2667/315 
f 1337/2668/1839 774/2669/1840 1327/2670/1841 
f 1327/2670/1841 774/2669/1840 1330/2671/1842 
f 1328/2672/647 1327/2670/1843 1330/2671/1843 
f 1330/2671/1843 1332/2673/647 1328/2672/647 
f 1328/2672/647 1332/2673/647 1331/2674/1844 
f 1331/2674/1844 1329/2675/1844 1328/2672/647 
f 1340/2676/1845 1329/2675/1846 1331/2674/1846 
f 1331/2674/1846 1341/2677/1845 1340/2676/1845 
f 1341/2678/1845 1333/2646/1830 1336/2649/1830 
f 1336/2649/1830 1340/2679/1845 1341/2678/1845 
# 0 polygons - 1964 triangles

#
# object mag
#

v  -0.6331 0.7824 43.1337
v  2.0314 0.7782 43.1337
v  3.1335 0.7625 44.5397
v  -1.7353 0.7702 44.5397
v  3.2374 0.7443 46.9008
v  -1.8392 0.7523 46.9008
v  0.7514 33.8871 39.4322
v  0.1869 33.6114 39.1972
v  0.2208 33.8964 39.5215
v  0.6998 1.2004 46.0284
v  0.7510 33.5988 39.1276
v  1.8789 33.4787 39.3136
v  2.6072 1.1854 47.4605
v  2.6593 34.1457 40.4878
v  2.6598 34.4994 41.1885
v  2.6615 35.5660 44.3574
v  -0.2242 31.7595 39.7047
v  -0.1759 31.7966 40.0766
v  0.1806 31.9735 39.9686
v  2.3306 30.4668 41.3108
v  2.3309 30.6743 45.9142
v  2.3374 34.7816 41.1220
v  2.1911 33.8041 40.0090
v  2.1859 30.4721 40.7698
v  1.8074 30.4753 40.3890
v  1.8126 33.7651 39.5920
v  0.7535 30.4782 40.2405
v  -0.6917 31.7959 40.4799
v  -0.6938 30.4766 40.7698
v  -0.3153 30.4787 40.3890
v  2.2096 36.0750 50.4830
v  2.1465 36.0573 50.1638
v  1.6225 35.5780 50.2783
v  -0.1328 35.5736 50.5878
v  -0.0846 35.5690 50.2771
v  -0.6998 36.0796 50.4830
v  -0.6404 36.0874 50.1087
v  -1.7346 1.2157 44.5432
v  -1.8385 1.1979 46.9043
v  -0.9998 1.1981 46.7405
v  2.3100 36.1963 41.7385
v  2.3097 36.0444 49.7142
v  2.3094 35.8514 50.1792
v  2.3091 35.6308 40.7694
v  -0.8304 35.6358 40.7694
v  -0.8297 36.0694 41.1633
v  -0.8300 35.8563 50.1792
v  -0.8307 35.4273 50.4382
v  2.3088 35.4224 50.4381
v  -0.6499 30.0704 40.6017
v  2.1073 30.0660 40.6017
v  1.6472 30.0658 40.3928
v  -0.1860 30.0687 40.3928
v  0.1472 31.9500 39.5899
v  -0.8407 29.0985 51.9459
v  2.2988 29.0935 51.9459
v  -1.0816 1.1064 58.1967
v  -1.8386 1.1076 58.1967
v  -1.8397 0.4334 58.3277
v  3.2369 0.4254 58.3277
v  2.4809 1.1008 58.1967
v  3.2379 1.0996 58.1967
v  0.6991 0.7817 42.7304
v  3.2370 0.5127 47.4656
v  -1.8396 0.5207 47.4656
v  2.5327 36.2423 50.3658
v  2.1990 36.3893 50.1355
v  2.2767 36.3059 50.3593
v  2.6029 36.0417 44.8370
v  2.2062 36.2648 44.6240
v  2.3391 35.8639 44.1734
v  2.3368 34.3825 40.4733
v  2.4506 33.5863 39.8521
v  2.2552 34.4299 50.3512
v  0.7559 34.3614 50.3746
v  0.7612 35.3930 50.2780
v  -0.7434 34.2957 50.3935
v  -0.6547 36.3978 50.0510
v  -1.1023 35.0050 40.4956
v  -0.8459 35.2196 40.6074
v  -0.8464 34.8661 40.4884
v  -1.1774 34.4605 40.3887
v  -0.8434 34.4479 40.4712
v  -1.1330 31.9775 40.8654
v  -0.8250 31.9714 40.9427
v  -1.0981 35.3015 41.3154
v  -1.0972 35.8489 44.4744
v  -1.2076 1.1915 47.4605
v  -1.0857 36.1011 50.4061
v  -1.0967 36.1691 44.8024
v  -1.0148 36.3151 50.2748
v  -0.9515 31.7777 40.2255
v  -0.4283 1.2019 46.2490
v  1.8279 1.1983 46.2490
v  2.3994 1.1927 46.7404
v  2.5547 36.0962 50.4781
v  -0.7662 36.3107 50.3593
v  -0.7439 36.3496 44.6252
v  -0.8297 36.0561 44.3142
v  -0.8418 35.4685 41.2477
v  -0.8385 30.4718 41.3108
v  -0.8382 30.6793 45.9142
v  1.6410 35.5708 50.5878
v  0.7538 35.3935 50.6390
v  -0.6324 1.2243 43.1380
v  0.6998 1.2273 42.7339
v  2.0321 1.2201 43.1380
v  3.1342 1.2081 44.5432
v  3.2381 1.1899 46.9043
v  -0.8392 30.0640 41.1012
v  -0.6513 29.1849 40.7570
v  -0.8406 29.1830 41.2593
v  -0.8392 30.0598 41.5774
v  -0.8313 35.0525 40.6940
v  -0.8295 36.2013 41.7385
v  -0.8297 36.0493 49.7142
v  -0.1874 29.1877 40.5509
v  1.6458 29.1848 40.5509
v  2.1059 29.1805 40.7570
v  2.3003 30.0590 41.1012
v  2.2989 29.1780 41.2593
v  2.3003 30.0548 41.5774
v  2.3082 35.0476 40.6940
v  2.3098 36.0645 41.1633
# 124 vertices

vn 0.0000 1.0000 -0.0092
vn 0.0000 1.0000 -0.0085
vn 0.0000 0.9798 -0.1998
vn -0.0471 -0.7319 -0.6798
vn 0.0859 -0.7410 -0.6660
vn 0.0977 -0.7524 -0.6514
vn 0.0005 0.2092 -0.9779
vn 0.0048 0.2161 -0.9764
vn -0.1391 0.2063 -0.9685
vn -0.9931 0.0247 -0.1145
vn -0.9949 0.0209 -0.0989
vn -1.0000 0.0000 -0.0000
vn -0.9997 -0.0233 0.0090
vn 0.3021 -0.9519 -0.0517
vn 0.2153 -0.9746 -0.0618
vn 0.4576 -0.8889 -0.0216
vn 0.9932 -0.0257 0.1134
vn 0.9999 0.0134 -0.0082
vn 1.0000 -0.0000 0.0000
vn 0.9694 -0.0516 0.2400
vn 0.9642 -0.0590 0.2585
vn 0.7349 -0.1588 0.6593
vn 0.7034 -0.1590 0.6927
vn 0.6996 -0.1590 0.6966
vn 0.7385 -0.1588 0.6553
vn 0.1224 -0.2296 0.9655
vn -0.0042 -0.2295 0.9733
vn 0.1354 -0.2333 0.9629
vn -0.6328 -0.1292 0.7635
vn -0.7003 -0.1532 0.6972
vn -0.6776 -0.1451 0.7210
vn 0.7992 -0.5889 0.1204
vn 0.8269 -0.5305 0.1865
vn 0.4550 -0.8889 0.0520
vn -0.4461 -0.8932 0.0562
vn -0.4368 -0.8978 0.0571
vn -0.7887 -0.6001 0.1335
vn -0.8515 -0.4765 0.2189
vn -0.0001 -1.0000 0.0075
vn -0.0003 -1.0000 0.0083
vn 0.0005 -1.0000 0.0081
vn -1.0000 -0.0000 -0.0000
vn 0.0000 -0.6724 -0.7402
vn -0.0000 -0.5168 0.8561
vn 0.0000 -0.3788 0.9255
vn -0.0000 -0.3788 0.9255
vn -0.0000 -0.9999 0.0102
vn 0.0000 -0.9999 0.0102
vn 0.0000 -1.0000 -0.0042
vn 0.9957 -0.0414 0.0831
vn 0.9968 -0.0358 0.0712
vn 0.9967 -0.0365 0.0726
vn 0.9955 -0.0424 0.0852
vn -0.0000 -0.2318 0.9728
vn 0.0004 -0.1990 0.9800
vn 0.0000 -0.1909 0.9816
vn -0.0000 -0.1909 0.9816
vn -0.0000 -0.1990 0.9800
vn 0.0000 1.0000 -0.0036
vn 0.0000 0.9803 -0.1973
vn 0.0000 1.0000 -0.0080
vn -0.3544 -0.9318 0.0784
vn -0.3818 -0.9234 0.0382
vn -0.2243 -0.9363 0.2701
vn -0.5885 -0.7802 -0.2121
vn -0.5715 -0.7821 -0.2484
vn -0.7065 -0.6254 -0.3314
vn -0.7343 -0.5954 -0.3260
vn -0.6473 -0.6893 -0.3254
vn -0.6597 -0.6808 -0.3182
vn -0.5267 -0.6465 -0.5519
vn -0.4543 -0.6578 -0.6007
vn -0.3142 -0.7351 -0.6008
vn -0.3209 -0.7462 -0.5833
vn -0.3190 -0.7182 -0.6185
vn -0.2953 -0.7006 -0.6496
vn -0.0599 -0.7242 -0.6870
vn -0.1312 0.1045 -0.9858
vn 0.0345 0.0851 -0.9958
vn -0.0764 0.1089 -0.9911
vn 0.0515 0.1000 -0.9937
vn 0.0059 0.0844 -0.9964
vn -0.0013 0.0932 -0.9956
vn -0.0660 0.1268 -0.9897
vn -0.0375 0.1095 -0.9933
vn -0.2246 0.1652 -0.9603
vn -0.2474 0.1656 -0.9547
vn -0.1083 -0.2503 -0.9621
vn -0.1444 -0.3158 -0.9378
vn -0.1348 -0.1989 -0.9707
vn -0.2067 0.0445 -0.9774
vn -0.2370 0.0733 -0.9687
vn -0.2358 0.1796 -0.9551
vn -0.2363 0.1797 -0.9549
vn 0.9996 -0.0243 0.0131
vn 0.9884 -0.1440 -0.0476
vn 0.9980 -0.0315 0.0554
vn 0.9971 0.0162 -0.0739
vn 1.0000 -0.0010 0.0029
vn 0.9999 -0.0026 0.0102
vn 0.9932 0.0236 -0.1142
vn 0.9933 -0.1157 0.0034
vn 0.9591 0.0586 -0.2771
vn 1.0000 -0.0034 0.0020
vn 0.9488 -0.3160 0.0057
vn 0.9648 0.0548 -0.2571
vn 0.4424 0.1869 -0.8771
vn 0.6429 0.1596 -0.7491
vn 0.5775 0.1682 -0.7989
vn 0.3579 0.1939 -0.9134
vn 0.1771 0.2065 -0.9623
vn 0.1240 0.2256 -0.9663
vn -0.1877 0.2063 -0.9603
vn -0.6923 0.1516 -0.7055
vn -0.6437 0.1592 -0.7486
vn -0.6930 0.1514 -0.7049
vn -0.6430 0.1593 -0.7492
vn -0.9625 0.0561 -0.2654
vn -0.9590 0.0590 -0.2773
vn -0.9982 -0.0581 0.0129
vn -0.9999 -0.0021 0.0118
vn -0.9931 -0.1170 0.0074
vn -0.9877 -0.1559 0.0069
vn 0.1620 -0.9813 0.1044
vn 0.0689 -0.9662 0.2484
vn 0.2063 -0.9775 0.0429
vn 0.4496 -0.8932 -0.0012
vn 0.4570 -0.8895 -0.0004
vn 0.6359 -0.5994 -0.4861
vn 0.5786 -0.6664 -0.4702
vn 0.6605 -0.6838 -0.3100
vn 0.6957 -0.6328 -0.3399
vn 0.5726 -0.7902 -0.2186
vn 0.5742 -0.7868 -0.2263
vn 0.5480 -0.7861 -0.2859
vn 0.5408 -0.7918 -0.2840
vn 0.4614 -0.8871 -0.0143
vn -0.0558 -0.9884 -0.1410
vn -0.0701 -0.9835 -0.1666
vn -0.1262 -0.9458 -0.2992
vn -0.0992 -0.9397 -0.3272
vn 0.9996 0.0272 0.0004
vn 0.9995 0.0304 -0.0007
vn 0.9941 0.0472 -0.0980
vn 0.9913 0.0419 -0.1248
vn 0.9969 -0.0165 0.0770
vn -0.0266 -0.2274 0.9734
vn -0.1654 -0.2203 0.9613
vn -0.1514 -0.2319 0.9609
vn -0.1584 -0.2315 0.9599
vn -0.1342 -0.2153 0.9673
vn -0.6112 -0.1217 0.7821
vn -0.9644 -0.0563 0.2582
vn -0.9647 -0.0565 0.2571
vn -0.9961 -0.0209 0.0853
vn -0.9935 -0.0201 0.1121
vn -0.9999 0.0086 -0.0086
vn -1.0000 -0.0090 0.0042
vn -1.0000 -0.0034 -0.0001
vn -1.0000 0.0008 -0.0035
vn -1.0000 0.0019 -0.0044
vn -0.9925 0.0348 -0.1169
vn -0.9945 0.0405 -0.0966
vn -0.9995 0.0301 -0.0114
vn -0.9989 0.0432 -0.0160
vn 0.9079 -0.1745 0.3810
vn 0.9237 -0.2636 0.2781
vn 0.4390 -0.8975 0.0417
vn 0.0018 -1.0000 0.0029
vn -0.0043 -1.0000 0.0002
vn -0.9358 -0.2517 0.2470
vn -0.9241 -0.1121 0.3653
vn 1.0000 0.0000 0.0000
vn 0.9998 -0.0002 -0.0220
vn 0.9998 -0.0002 -0.0196
vn 0.9990 -0.0003 -0.0440
vn 0.7869 -0.0058 -0.6171
vn 0.7870 -0.0048 -0.6169
vn 0.7870 -0.0050 -0.6169
vn 0.7868 -0.0059 -0.6171
vn 0.2902 -0.0078 -0.9569
vn 0.2897 -0.0092 -0.9571
vn 0.2899 -0.0089 -0.9570
vn 0.2903 -0.0074 -0.9569
vn -0.2902 -0.0078 -0.9569
vn -0.2903 -0.0074 -0.9569
vn -0.2899 -0.0089 -0.9570
vn -0.2897 -0.0092 -0.9571
vn -0.7869 -0.0058 -0.6171
vn -0.7868 -0.0059 -0.6171
vn -0.7870 -0.0050 -0.6169
vn -0.7870 -0.0048 -0.6169
vn -0.9990 -0.0003 -0.0440
vn -0.9998 -0.0002 -0.0220
vn -0.9998 -0.0002 -0.0196
vn 0.0010 -1.0000 0.0086
vn 0.0000 -1.0000 0.0079
vn 0.0001 -1.0000 0.0079
vn 0.0003 -1.0000 0.0083
vn -0.0005 -1.0000 0.0081
vn 0.0001 -1.0000 0.0075
vn -0.0007 -1.0000 0.0078
vn -0.0007 -1.0000 0.0072
vn -0.0000 -1.0000 0.0073
vn -0.0000 -1.0000 0.0082
vn 0.0007 -1.0000 0.0078
vn 0.0007 -1.0000 0.0072
vn -0.0010 -1.0000 0.0086
vn -0.0001 -1.0000 0.0079
vn 0.9790 0.0355 -0.2007
vn 0.9330 0.0621 -0.3543
vn 0.9336 0.0628 -0.3528
vn 0.9869 0.0285 -0.1588
vn 1.0000 0.0000 -0.0000
vn 0.2102 0.1714 -0.9625
vn 0.3999 0.1583 -0.9028
vn 0.4037 0.1605 -0.9007
vn 0.2025 0.1730 -0.9639
vn -0.2117 0.1714 -0.9622
vn -0.2039 0.1729 -0.9636
vn -0.4064 0.1603 -0.8995
vn -0.4026 0.1581 -0.9016
vn -0.9312 0.0639 -0.3589
vn -0.9307 0.0632 -0.3604
vn -0.9783 0.0361 -0.2042
vn -0.9864 0.0290 -0.1617
vn 0.0000 1.0000 -0.0079
vn 0.0000 1.0000 -0.0064
vn 0.0000 1.0000 -0.0067
vn 0.0000 0.9999 -0.0172
vn 0.1595 -0.3303 0.9303
vn 0.1932 -0.4836 0.8537
vn 0.2573 -0.5654 0.7837
vn 0.1869 -0.1312 0.9736
vn 0.0540 -0.2028 0.9777
vn 0.0000 -0.2159 0.9764
vn -0.0010 -0.2148 0.9767
vn -0.0265 -0.3871 0.9217
vn 0.0054 -0.2975 0.9547
vn -0.0292 -0.5226 0.8521
vn -0.1327 -0.6169 0.7758
vn 0.0000 0.1742 -0.9847
vn 0.0000 0.0232 -0.9997
vn 0.0000 -0.1283 -0.9917
vn 0.0000 -0.9747 -0.2234
vn 0.0000 -0.9947 -0.1030
vn -0.0000 -0.9788 0.2048
vn -0.0000 -0.9236 0.3834
vn -0.0000 -1.0000 0.0089
vn -0.0000 -0.9999 0.0108
# 250 vertex normals

vt 0.6639 0.8565 0.0000
vt 0.6419 0.8565 0.0000
vt 0.6331 0.8462 0.0000
vt 0.6732 0.8462 0.0000
vt 0.6322 0.8286 0.0000
vt 0.6741 0.8287 0.0000
vt 0.6453 0.9928 0.0000
vt 0.6424 0.9971 0.0000
vt 0.6410 0.9940 0.0000
vt 0.5019 0.7295 0.0000
vt 0.5014 0.9776 0.0000
vt 0.4926 0.9764 0.0000
vt 0.4814 0.7271 0.0000
vt 0.4804 0.9793 0.0000
vt 0.4748 0.9810 0.0000
vt 0.4499 0.9838 0.0000
vt 0.6209 0.9936 0.0000
vt 0.6234 0.9920 0.0000
vt 0.6244 0.9950 0.0000
vt 0.6849 0.8879 0.0000
vt 0.6780 0.8542 0.0000
vt 0.7166 0.8813 0.0000
vt 0.7117 0.8912 0.0000
vt 0.6859 0.8920 0.0000
vt 0.6868 0.8962 0.0000
vt 0.7122 0.8956 0.0000
vt 0.6873 0.9048 0.0000
vt 0.6966 0.9175 0.0000
vt 0.6863 0.9177 0.0000
vt 0.6873 0.9136 0.0000
vt 0.6605 0.9286 0.0000
vt 0.6629 0.9291 0.0000
vt 0.6619 0.9346 0.0000
vt 0.6605 0.9492 0.0000
vt 0.6629 0.9487 0.0000
vt 0.6619 0.9551 0.0000
vt 0.6649 0.9545 0.0000
vt 0.6727 0.8862 0.0000
vt 0.6732 0.9039 0.0000
vt 0.6663 0.9026 0.0000
vt 0.8127 0.4162 0.0000
vt 0.8118 0.4733 0.0000
vt 0.8103 0.4762 0.0000
vt 0.8479 0.4572 0.0000
vt 0.8723 0.4572 0.0000
vt 0.8723 0.4616 0.0000
vt 0.9021 0.4689 0.0000
vt 0.9021 0.4723 0.0000
vt 0.8777 0.4723 0.0000
vt 0.9089 0.4230 0.0000
vt 0.9089 0.4440 0.0000
vt 0.9074 0.4406 0.0000
vt 0.9074 0.4264 0.0000
vt 0.6619 0.9059 0.0000
vt 0.6619 0.9205 0.0000
vt 0.6590 0.9191 0.0000
vt 0.6590 0.9064 0.0000
vt 0.8176 0.4176 0.0000
vt 0.8420 0.4176 0.0000
vt 0.8420 0.4640 0.0000
vt 0.8176 0.4640 0.0000
vt 0.3984 0.9832 0.0000
vt 0.4045 0.9832 0.0000
vt 0.4045 0.9883 0.0000
vt 0.3632 0.9887 0.0000
vt 0.3693 0.9835 0.0000
vt 0.3632 0.9835 0.0000
vt 0.6532 0.8595 0.0000
vt 0.6322 0.8241 0.0000
vt 0.6741 0.8242 0.0000
vt 0.6322 0.7437 0.0000
vt 0.6741 0.7437 0.0000
vt 0.6546 0.9025 0.0000
vt 0.6512 0.9039 0.0000
vt 0.6522 0.9023 0.0000
vt 0.6527 0.9442 0.0000
vt 0.6492 0.9455 0.0000
vt 0.6517 0.9496 0.0000
vt 0.6551 0.9488 0.0000
vt 0.6571 0.9739 0.0000
vt 0.6532 0.9740 0.0000
vt 0.6546 0.9796 0.0000
vt 0.6580 0.9798 0.0000
vt 0.6556 0.9853 0.0000
vt 0.6585 0.9863 0.0000
vt 0.6532 0.9890 0.0000
vt 0.6551 0.9916 0.0000
vt 0.6468 0.9957 0.0000
vt 0.6819 0.8075 0.0000
vt 0.6819 0.7926 0.0000
vt 0.6824 0.8049 0.0000
vt 0.6868 0.8014 0.0000
vt 0.6942 0.7926 0.0000
vt 0.6942 0.8003 0.0000
vt 0.7010 0.8020 0.0000
vt 0.7064 0.7926 0.0000
vt 0.7054 0.8063 0.0000
vt 0.7054 0.8086 0.0000
vt 0.6644 0.9859 0.0000
vt 0.6624 0.9875 0.0000
vt 0.6624 0.9849 0.0000
vt 0.6654 0.9818 0.0000
vt 0.6624 0.9817 0.0000
vt 0.6649 0.9660 0.0000
vt 0.6619 0.9660 0.0000
vt 0.5331 0.9893 0.0000
vt 0.5248 0.9896 0.0000
vt 0.5224 0.9837 0.0000
vt 0.5224 0.9619 0.0000
vt 0.5599 0.9855 0.0000
vt 0.5990 0.7110 0.0000
vt 0.5228 0.7285 0.0000
vt 0.6000 0.9758 0.0000
vt 0.5175 0.7290 0.0000
vt 0.5634 0.9872 0.0000
vt 0.5995 0.9778 0.0000
vt 0.5170 0.9619 0.0000
vt 0.5111 0.7293 0.0000
vt 0.5097 0.9632 0.0000
vt 0.5067 0.9648 0.0000
vt 0.5062 0.9777 0.0000
vt 0.4928 0.7293 0.0000
vt 0.4862 0.9764 0.0000
vt 0.4870 0.7283 0.0000
vt 0.4042 0.9780 0.0000
vt 0.4030 0.7095 0.0000
vt 0.4455 0.9864 0.0000
vt 0.4047 0.9792 0.0000
vt 0.6444 0.9813 0.0000
vt 0.6424 0.9821 0.0000
vt 0.6414 0.9797 0.0000
vt 0.6444 0.9404 0.0000
vt 0.6410 0.9391 0.0000
vt 0.6429 0.9363 0.0000
vt 0.6458 0.9372 0.0000
vt 0.6453 0.9133 0.0000
vt 0.6429 0.9131 0.0000
vt 0.6434 0.9080 0.0000
vt 0.6458 0.9069 0.0000
vt 0.6224 0.9964 0.0000
vt 0.6200 0.9865 0.0000
vt 0.6229 0.9868 0.0000
vt 0.6224 0.9822 0.0000
vt 0.6244 0.9837 0.0000
vt 0.6966 0.8149 0.0000
vt 0.7112 0.8128 0.0000
vt 0.7205 0.8530 0.0000
vt 0.7186 0.8571 0.0000
vt 0.7151 0.8867 0.0000
vt 0.7137 0.9042 0.0000
vt 0.7137 0.9086 0.0000
vt 0.6985 0.9092 0.0000
vt 0.6971 0.9122 0.0000
vt 0.6976 0.9213 0.0000
vt 0.6859 0.9219 0.0000
vt 0.6805 0.9559 0.0000
vt 0.7161 0.9214 0.0000
vt 0.7195 0.9222 0.0000
vt 0.7220 0.9236 0.0000
vt 0.7225 0.9286 0.0000
vt 0.7225 0.9520 0.0000
vt 0.7239 0.9548 0.0000
vt 0.7005 0.9942 0.0000
vt 0.7166 0.9948 0.0000
vt 0.6634 0.9266 0.0000
vt 0.6615 0.9269 0.0000
vt 0.6600 0.9346 0.0000
vt 0.6624 0.9417 0.0000
vt 0.6600 0.9419 0.0000
vt 0.6634 0.9567 0.0000
vt 0.6658 0.9566 0.0000
vt 0.6102 0.8158 0.0000
vt 0.6102 0.7339 0.0000
vt 0.6156 0.7349 0.0000
vt 0.6156 0.8202 0.0000
vt 0.6122 0.8202 0.0000
vt 0.6156 0.8379 0.0000
vt 0.6122 0.8379 0.0000
vt 0.6122 0.8518 0.0000
vt 0.6156 0.8518 0.0000
vt 0.6122 0.8631 0.0000
vt 0.6151 0.8631 0.0000
vt 0.6151 0.8743 0.0000
vt 0.6122 0.8743 0.0000
vt 0.6151 0.8882 0.0000
vt 0.6122 0.8882 0.0000
vt 0.6151 0.9058 0.0000
vt 0.6122 0.9058 0.0000
vt 0.6102 0.9100 0.0000
vt 0.6151 0.9896 0.0000
vt 0.6102 0.9906 0.0000
vt 0.6370 0.9080 0.0000
vt 0.6380 0.9884 0.0000
vt 0.6317 0.9884 0.0000
vt 0.6322 0.9037 0.0000
vt 0.6390 0.9026 0.0000
vt 0.6331 0.8861 0.0000
vt 0.6419 0.8756 0.0000
vt 0.6434 0.8989 0.0000
vt 0.6527 0.8973 0.0000
vt 0.6527 0.8726 0.0000
vt 0.6639 0.8757 0.0000
vt 0.6619 0.8990 0.0000
vt 0.6683 0.9081 0.0000
vt 0.6732 0.9884 0.0000
vt 0.6678 0.9873 0.0000
vt 0.7132 0.4855 0.0000
vt 0.7132 0.4894 0.0000
vt 0.7068 0.4884 0.0000
vt 0.7068 0.4845 0.0000
vt 0.7132 0.4821 0.0000
vt 0.7068 0.4064 0.0000
vt 0.7517 0.4191 0.0000
vt 0.7488 0.4889 0.0000
vt 0.7552 0.4211 0.0000
vt 0.7527 0.4884 0.0000
vt 0.7571 0.4816 0.0000
vt 0.7561 0.4855 0.0000
vt 0.7561 0.4245 0.0000
vt 0.9094 0.4577 0.0000
vt 0.9094 0.4538 0.0000
vt 0.9157 0.4538 0.0000
vt 0.9157 0.4577 0.0000
vt 0.9094 0.4723 0.0000
vt 0.9157 0.4723 0.0000
vt 0.9157 0.4757 0.0000
vt 0.9094 0.4762 0.0000
vt 0.7625 0.4093 0.0000
vt 0.7683 0.4084 0.0000
vt 0.7688 0.4118 0.0000
vt 0.7625 0.4132 0.0000
vt 0.7688 0.4152 0.0000
vt 0.7625 0.4908 0.0000
vt 0.8074 0.4782 0.0000
vt 0.8045 0.4089 0.0000
vt 0.8084 0.4093 0.0000
vt 0.8113 0.4123 0.0000
vt 0.6741 0.4064 0.0000
vt 0.6985 0.4064 0.0000
vt 0.6985 0.4845 0.0000
vt 0.6741 0.4845 0.0000
vt 0.6971 0.4879 0.0000
vt 0.6756 0.4879 0.0000
vt 0.6790 0.4894 0.0000
vt 0.6932 0.4894 0.0000
vt 0.3964 0.7146 0.0000
vt 0.3938 0.7129 0.0000
vt 0.3959 0.7129 0.0000
vt 0.3930 0.7151 0.0000
vt 0.3886 0.7190 0.0000
vt 0.3813 0.7205 0.0000
vt 0.3742 0.7190 0.0000
vt 0.3667 0.7151 0.0000
vt 0.3696 0.7154 0.0000
vt 0.3686 0.7132 0.0000
vt 0.3664 0.7139 0.0000
vt 0.8484 0.4167 0.0000
vt 0.8723 0.4167 0.0000
vt 0.8723 0.4528 0.0000
vt 0.8479 0.4528 0.0000
vt 0.8479 0.4611 0.0000
vt 0.8781 0.4040 0.0000
vt 0.9021 0.4040 0.0000
vt 0.9021 0.4084 0.0000
vt 0.8781 0.4084 0.0000
vt 0.8777 0.4650 0.0000
vt 0.9021 0.4655 0.0000
vt 0.8777 0.4689 0.0000
vt 0.9157 0.4211 0.0000
vt 0.9157 0.4455 0.0000
vt 0.9123 0.4455 0.0000
vt 0.9123 0.4211 0.0000
# 272 texture coords

o mag
g mag
usemtl P38
s off
f 1342/2680/1847 1343/2681/1847 1344/2682/1848 
f 1344/2682/1848 1345/2683/1848 1342/2680/1847 
f 1345/2683/1848 1344/2682/1848 1346/2684/1849 
f 1346/2684/1849 1347/2685/1849 1345/2683/1848 
f 1348/2686/1850 1349/2687/1851 1350/2688/1852 
f 1351/2689/1853 1352/2690/1854 1353/2691/1855 
f 1354/2692/1856 1355/2693/1857 1356/2694/1858 
f 1356/2694/1858 1357/2695/1859 1354/2692/1856 
f 1358/2696/1860 1359/2697/1861 1360/2698/1862 
f 1361/2699/1863 1362/2700/1864 1363/2701/1865 
f 1364/2702/1866 1365/2703/1867 1361/2699/1863 
f 1364/2702/1868 1366/2704/1869 1365/2703/1870 
f 1364/2702/1868 1367/2705/1871 1366/2704/1869 
f 1367/2705/1872 1368/2706/1873 1366/2704/1874 
f 1369/2707/1875 1370/2708/1876 1371/2709/1877 
f 1372/2710/1878 1373/2711/1879 1374/2712/1880 
f 1375/2713/1881 1376/2714/1882 1377/2715/1883 
f 1377/2715/1883 1376/2714/1882 1378/2716/1884 
f 1379/2717/1885 1380/2718/1886 1381/2719/1887 
f 1382/2720/1858 1383/2721/1888 1384/2722/1888 
f 1385/2723/1889 1386/2724/1889 1387/2725/1889 
f 1388/2726/1890 1389/2727/1891 1390/2728/1892 
f 1391/2729/1893 1392/2730/1894 1393/2731/1895 
f 1393/2731/1895 1394/2732/1895 1391/2729/1893 
f 1360/2733/1896 1350/2734/1897 1349/2735/1898 
f 1395/2736/1899 1360/2733/1896 1349/2735/1898 
f 1390/2737/1892 1389/2738/1891 1396/2739/1900 
f 1396/2739/1900 1397/2740/1900 1390/2737/1892 
f 1398/2741/1901 1399/2742/1902 1400/2743/1903 
f 1398/2741/1901 1400/2743/1903 1401/2744/1903 
f 1401/2744/1903 1402/2745/1904 1398/2741/1901 
f 1402/2745/1904 1401/2744/1903 1403/2746/1902 
f 1404/2747/1905 1343/2681/1847 1342/2680/1847 
f 1347/2685/1849 1346/2684/1849 1405/2748/1906 
f 1405/2748/1906 1406/2749/1906 1347/2685/1849 
f 1406/2749/1906 1405/2748/1906 1401/2750/1907 
f 1401/2750/1907 1400/2751/1907 1406/2749/1906 
f 1407/2752/1908 1408/2753/1909 1409/2754/1910 
f 1407/2752/1908 1410/2755/1911 1408/2753/1909 
f 1411/2756/1912 1408/2753/1909 1410/2755/1911 
f 1411/2756/1912 1410/2755/1911 1412/2757/1913 
f 1412/2757/1913 1410/2755/1911 1357/2758/1914 
f 1356/2759/1915 1412/2757/1913 1357/2758/1914 
f 1363/2760/1916 1412/2757/1913 1356/2759/1915 
f 1413/2761/1917 1363/2760/1916 1356/2759/1915 
f 1413/2761/1917 1356/2759/1915 1355/2762/1918 
f 1364/2763/1919 1413/2761/1917 1355/2762/1918 
f 1364/2763/1919 1355/2762/1918 1414/2764/1920 
f 1364/2763/1919 1414/2764/1920 1367/2765/1921 
f 1414/2764/1920 1353/2766/1922 1367/2765/1921 
f 1353/2766/1922 1352/2767/1923 1367/2765/1921 
f 1367/2765/1921 1352/2767/1923 1348/2686/1850 
f 1352/2767/1923 1349/2687/1851 1348/2686/1850 
f 1408/2768/1924 1415/2769/1925 1373/2770/1926 
f 1415/2769/1925 1374/2771/1927 1373/2770/1926 
f 1415/2769/1925 1416/2772/1928 1374/2771/1927 
f 1417/2773/1929 1374/2771/1927 1416/2772/1928 
f 1417/2773/1929 1416/2772/1928 1376/2774/1930 
f 1376/2774/1930 1416/2772/1928 1418/2775/1931 
f 1376/2774/1930 1418/2775/1931 1378/2776/1932 
f 1419/2777/1933 1378/2776/1932 1418/2775/1931 
f 1420/2778/1934 1421/2779/1935 1422/2780/1936 
f 1423/2781/1937 1420/2778/1934 1422/2780/1936 
f 1423/2781/1937 1422/2780/1936 1424/2782/1938 
f 1425/2783/1939 1423/2781/1937 1424/2782/1938 
f 1424/2782/1938 1426/2784/1940 1425/2783/1939 
f 1427/2785/1941 1420/2786/1942 1423/2787/1943 
f 1425/2788/1944 1427/2785/1941 1423/2787/1943 
f 1425/2788/1944 1428/2789/1945 1427/2785/1941 
f 1425/2788/1944 1398/2790/1946 1428/2789/1945 
f 1425/2788/1944 1429/2791/1947 1398/2790/1946 
f 1430/2792/1948 1428/2789/1945 1398/2790/1946 
f 1381/2793/1949 1429/2791/1947 1425/2788/1944 
f 1430/2792/1948 1431/2794/1950 1428/2789/1945 
f 1430/2792/1948 1432/2795/1951 1431/2794/1950 
f 1381/2793/1949 1425/2788/1944 1433/2796/1952 
f 1434/2797/1953 1381/2793/1954 1433/2796/1955 
f 1434/2797/1953 1433/2796/1955 1358/2798/1956 
f 1351/2689/1853 1434/2797/1953 1358/2798/1956 
f 1358/2798/1956 1395/2799/1957 1351/2689/1853 
f 1395/2799/1957 1349/2800/1958 1352/2690/1854 
f 1351/2689/1853 1395/2799/1957 1352/2690/1854 
f 1351/2689/1853 1353/2691/1855 1435/2801/1959 
f 1414/2802/1960 1435/2801/1961 1353/2691/1962 
f 1414/2802/1960 1436/2803/1963 1435/2801/1961 
f 1414/2802/1964 1354/2692/1856 1436/2803/1965 
f 1414/2802/1964 1355/2693/1857 1354/2692/1856 
f 1354/2692/1856 1357/2695/1859 1437/2804/1966 
f 1437/2804/1966 1402/2805/1967 1354/2692/1856 
f 1357/2695/1859 1410/2806/1968 1437/2804/1966 
f 1407/2807/1969 1437/2804/1966 1410/2806/1968 
f 1432/2808/1970 1438/2809/1971 1419/2810/1972 
f 1432/2808/1970 1419/2810/1972 1431/2811/1973 
f 1431/2811/1973 1419/2810/1972 1439/2812/1974 
f 1431/2811/1975 1439/2812/1976 1440/2813/1977 
f 1428/2814/1978 1431/2811/1975 1440/2813/1977 
f 1428/2814/1978 1440/2813/1977 1427/2815/1979 
f 1440/2813/1977 1441/2816/1980 1427/2815/1979 
f 1441/2816/1980 1421/2817/1981 1427/2815/1979 
f 1427/2815/1979 1421/2817/1981 1420/2818/1982 
f 1358/2696/1860 1360/2698/1862 1395/2819/1983 
f 1433/2820/1984 1359/2697/1861 1358/2696/1860 
f 1433/2820/1984 1369/2821/1985 1359/2697/1861 
f 1433/2820/1984 1425/2822/1986 1369/2821/1985 
f 1425/2822/1986 1426/2823/1987 1369/2821/1985 
f 1415/2824/1988 1408/2825/1989 1411/2826/1990 
f 1411/2826/1990 1362/2700/1864 1415/2824/1988 
f 1411/2826/1990 1412/2827/1991 1362/2700/1864 
f 1363/2701/1865 1362/2700/1864 1412/2827/1991 
f 1363/2701/1865 1413/2828/1992 1361/2699/1863 
f 1364/2702/1866 1361/2699/1863 1413/2828/1992 
f 1367/2705/1872 1348/2829/1993 1368/2706/1873 
f 1348/2829/1993 1350/2830/1994 1360/2831/1995 
f 1348/2829/1993 1360/2831/1995 1368/2706/1873 
f 1359/2832/1996 1368/2706/1873 1360/2831/1995 
f 1359/2832/1996 1371/2709/1997 1368/2706/1873 
f 1359/2832/1998 1369/2707/1875 1371/2709/1877 
f 1370/2708/1999 1369/2707/2000 1426/2833/2001 
f 1426/2833/2001 1442/2834/2002 1370/2708/1999 
f 1443/2835/2003 1442/2834/2002 1426/2833/2001 
f 1443/2835/2003 1426/2833/2001 1424/2836/2004 
f 1424/2836/2004 1422/2837/2005 1443/2835/2003 
f 1443/2835/2003 1422/2837/2005 1421/2838/2006 
f 1443/2835/2003 1421/2838/2006 1441/2839/2007 
f 1443/2835/2003 1441/2839/2007 1440/2840/2008 
f 1443/2835/2003 1440/2840/2008 1439/2841/2009 
f 1443/2835/2003 1439/2841/2009 1418/2842/2010 
f 1439/2841/2009 1419/2843/2011 1418/2842/2010 
f 1408/2844/2012 1373/2711/1879 1409/2845/2013 
f 1372/2710/1878 1409/2845/2013 1373/2711/1879 
f 1444/2846/2014 1372/2710/1878 1374/2712/1880 
f 1444/2846/2014 1374/2712/1880 1417/2847/2015 
f 1445/2848/2016 1444/2846/2014 1417/2847/2015 
f 1445/2848/2016 1417/2847/2015 1376/2714/1882 
f 1376/2714/1882 1375/2713/1881 1445/2848/2016 
f 1377/2715/1883 1378/2716/1884 1438/2849/2017 
f 1438/2849/2017 1378/2716/1884 1419/2850/2018 
f 1406/2851/1865 1400/2852/2019 1399/2853/2019 
f 1399/2853/2019 1380/2854/2020 1406/2851/1865 
f 1347/2855/2021 1406/2851/1865 1380/2854/2020 
f 1347/2855/2021 1380/2854/2020 1379/2856/2022 
f 1379/2856/2022 1345/2857/2022 1347/2855/2021 
f 1342/2858/2023 1345/2857/2024 1379/2856/2025 
f 1379/2856/2025 1446/2859/2026 1342/2858/2023 
f 1404/2860/2027 1342/2858/2028 1446/2859/2029 
f 1446/2859/2029 1447/2861/2030 1404/2860/2027 
f 1404/2860/2031 1447/2861/2032 1448/2862/2033 
f 1448/2862/2033 1343/2863/2034 1404/2860/2031 
f 1343/2863/2035 1448/2862/2036 1449/2864/2037 
f 1449/2864/2037 1344/2865/2038 1343/2863/2035 
f 1344/2865/2039 1449/2864/2039 1450/2866/2040 
f 1450/2866/2040 1346/2867/2041 1344/2865/2039 
f 1450/2866/2040 1405/2868/1888 1346/2867/2041 
f 1405/2868/1888 1450/2866/2040 1403/2869/1858 
f 1403/2869/1858 1401/2870/1858 1405/2868/1888 
f 1354/2871/2042 1402/2872/2043 1403/2873/2044 
f 1403/2873/2044 1450/2874/2045 1354/2871/2042 
f 1436/2875/2046 1354/2871/2042 1450/2874/2045 
f 1436/2875/2046 1450/2874/2045 1449/2876/2047 
f 1449/2876/2047 1448/2877/2048 1436/2875/2046 
f 1448/2877/2048 1435/2878/2049 1436/2875/2046 
f 1351/2879/2050 1435/2878/2049 1448/2877/2048 
f 1448/2877/2048 1447/2880/2051 1351/2879/2050 
f 1351/2879/2050 1447/2880/2051 1446/2881/2052 
f 1446/2881/2052 1434/2882/2053 1351/2879/2050 
f 1446/2881/2052 1381/2719/1887 1434/2882/2053 
f 1381/2719/1887 1446/2881/2052 1379/2717/1885 
f 1381/2719/1887 1380/2718/1886 1429/2883/2054 
f 1429/2883/2054 1380/2718/1886 1399/2884/2055 
f 1399/2884/2055 1398/2885/2043 1429/2883/2054 
f 1451/2886/2056 1391/2887/2057 1452/2888/2058 
f 1452/2888/2058 1453/2889/2059 1451/2886/2056 
f 1454/2890/2019 1451/2886/2056 1453/2889/2059 
f 1454/2890/2019 1453/2889/2059 1396/2891/2019 
f 1454/2890/2019 1396/2891/2019 1389/2892/2019 
f 1389/2892/2019 1455/2893/1865 1454/2890/2019 
f 1455/2893/1865 1389/2892/2019 1388/2894/2019 
f 1388/2894/2019 1386/2895/1865 1455/2893/1865 
f 1456/2896/2019 1386/2895/1865 1388/2894/2019 
f 1386/2895/1865 1456/2896/2019 1387/2897/2060 
f 1388/2894/2019 1457/2898/1865 1456/2896/2019 
f 1458/2899/2061 1452/2900/2062 1391/2901/2063 
f 1391/2901/2063 1394/2902/2064 1458/2899/2061 
f 1459/2903/2065 1458/2899/2061 1394/2902/2064 
f 1394/2902/2064 1393/2904/2066 1459/2903/2065 
f 1459/2903/2065 1393/2904/2066 1392/2905/2067 
f 1392/2905/2067 1460/2906/2068 1459/2903/2065 
f 1460/2907/2069 1392/2908/2070 1461/2909/2071 
f 1461/2909/2071 1462/2910/2072 1460/2907/2069 
f 1463/2911/1858 1462/2910/2072 1461/2909/2071 
f 1463/2911/1858 1397/2912/1858 1462/2910/2072 
f 1390/2913/1858 1397/2912/1858 1463/2911/1858 
f 1463/2911/1858 1464/2914/1888 1390/2913/1858 
f 1384/2722/1888 1390/2913/1858 1464/2914/1888 
f 1464/2914/1888 1385/2915/1888 1384/2722/1888 
f 1384/2722/1888 1385/2915/1888 1382/2720/1858 
f 1465/2916/1888 1382/2720/1858 1385/2915/1888 
f 1397/2917/2073 1396/2918/2073 1453/2919/2074 
f 1453/2919/2074 1462/2920/2074 1397/2917/2073 
f 1462/2920/2074 1453/2919/2074 1452/2921/2075 
f 1452/2921/2075 1460/2922/2075 1462/2920/2074 
f 1459/2923/2076 1460/2922/2075 1452/2921/2075 
f 1452/2921/2075 1458/2924/2076 1459/2923/2076 
f 1430/2925/2077 1438/2926/2078 1432/2927/2079 
f 1430/2925/2077 1377/2928/2080 1438/2926/2078 
f 1430/2925/2077 1375/2929/2081 1377/2928/2080 
f 1430/2925/2077 1398/2741/1901 1375/2929/2081 
f 1398/2741/1901 1445/2930/2082 1375/2929/2081 
f 1398/2741/1901 1402/2745/1904 1445/2930/2082 
f 1445/2930/2082 1402/2745/1904 1444/2931/2083 
f 1402/2745/1904 1437/2932/2084 1444/2931/2083 
f 1444/2931/2083 1437/2932/2084 1372/2933/2085 
f 1437/2932/2084 1409/2934/2086 1372/2933/2085 
f 1407/2935/2087 1409/2934/2086 1437/2932/2084 
f 1463/2936/2088 1454/2937/2088 1455/2938/2089 
f 1455/2938/2089 1464/2939/2089 1463/2936/2088 
f 1385/2723/2090 1464/2939/2089 1455/2938/2089 
f 1455/2938/2089 1386/2724/2090 1385/2723/2090 
f 1387/2725/1889 1465/2940/1889 1385/2723/1889 
f 1465/2941/2091 1387/2942/2091 1456/2943/2092 
f 1456/2943/2092 1382/2944/2092 1465/2941/2091 
f 1383/2945/2093 1382/2944/2092 1456/2943/2092 
f 1456/2943/2092 1457/2946/2093 1383/2945/2093 
f 1383/2945/2093 1457/2946/2093 1388/2726/2094 
f 1388/2726/2094 1384/2947/2094 1383/2945/2093 
f 1390/2728/1892 1384/2947/1890 1388/2726/1890 
f 1454/2948/2095 1463/2949/2095 1461/2950/2096 
f 1461/2950/2096 1451/2951/2096 1454/2948/2095 
f 1391/2729/1893 1451/2951/2096 1461/2950/2096 
f 1461/2950/2096 1392/2730/1894 1391/2729/1893 
# 0 polygons - 230 triangles

#
# object trigger
#

v  1.7909 24.1197 5.1477
v  1.7918 24.7017 4.0423
v  1.7940 26.0572 4.5188
v  1.7877 22.0611 2.2415
v  1.7888 22.7993 1.8509
v  1.7899 23.4595 3.0579
v  1.7875 21.9634 0.6712
v  1.7884 22.5415 0.6829
v  1.2884 22.5111 0.1868
v  -0.2091 24.1228 5.1477
v  -0.2064 25.8377 5.8431
v  -0.2060 26.0603 4.5188
v  -0.2082 24.7048 4.0423
v  -0.2112 22.7908 3.8938
v  -0.1982 31.0408 8.1595
v  -0.2013 29.0759 7.1087
v  1.7987 29.0728 7.1087
v  -0.2028 28.0955 5.9993
v  1.7972 28.0923 5.9993
v  1.7936 25.8345 5.8431
v  1.8018 31.0376 2.9993
v  1.8018 31.0376 8.1595
v  1.7972 28.0923 4.3860
v  1.7888 22.7876 3.8938
v  1.2876 22.0033 0.1712
v  0.2884 22.5127 0.1868
v  0.2876 22.0048 0.1712
v  -0.2125 21.9666 0.6712
v  -0.2116 22.5447 0.6829
v  -0.1982 31.0408 2.9993
v  -0.2028 28.0955 4.3860
v  -0.2101 23.4627 3.0579
v  -0.2123 22.0642 2.2415
v  -0.2112 22.8025 1.8509
# 34 vertices

vn -1.0000 0.0000 -0.0000
vn -0.7061 -0.0185 -0.7079
vn -0.7038 -0.0144 -0.7103
vn -0.7054 -0.0173 -0.7086
vn 1.0000 0.0000 -0.0000
vn 0.0000 0.4716 0.8818
vn 0.0000 0.6202 0.7844
vn 0.0000 0.7493 0.6622
vn 0.0000 0.2252 0.9743
vn 0.0000 0.0690 0.9976
vn -0.7078 -0.0217 -0.7061
vn 0.0000 -0.0308 -0.9995
vn 0.7061 -0.0185 -0.7079
vn 0.7078 -0.0217 -0.7061
vn 0.7054 -0.0173 -0.7086
vn 0.7038 -0.0144 -0.7103
vn 0.0000 0.4260 -0.9047
vn 0.0000 0.2499 -0.9683
vn 0.0000 -0.1360 -0.9907
vn 0.0000 -0.4830 -0.8756
vn 0.0000 -0.7645 -0.6447
vn 0.0000 -0.9363 -0.3512
vn 0.0000 -0.9863 -0.1652
vn 0.0000 -0.9980 -0.0629
vn 0.0000 0.5398 0.8418
vn 0.0000 0.8168 0.5769
vn 0.0000 0.9718 0.2359
vn 0.0000 0.9999 0.0154
vn 0.0000 0.9970 -0.0779
# 29 vertex normals

vt 0.8559 0.9618 0.0000
vt 0.8472 0.9624 0.0000
vt 0.8453 0.9528 0.0000
vt 0.8462 0.9841 0.0000
vt 0.8414 0.9813 0.0000
vt 0.8462 0.9731 0.0000
vt 0.8375 0.9903 0.0000
vt 0.8356 0.9869 0.0000
vt 0.8317 0.9891 0.0000
vt 0.8143 0.9293 0.0000
vt 0.8191 0.9413 0.0000
vt 0.8094 0.9428 0.0000
vt 0.8065 0.9333 0.0000
vt 0.8055 0.9200 0.0000
vt 0.7411 0.9954 0.0000
vt 0.7411 0.9798 0.0000
vt 0.7556 0.9798 0.0000
vt 0.7411 0.9695 0.0000
vt 0.7556 0.9695 0.0000
vt 0.7556 0.9536 0.0000
vt 0.8496 0.9261 0.0000
vt 0.8186 0.9295 0.0000
vt 0.8482 0.9109 0.0000
vt 0.8370 0.9416 0.0000
vt 0.8467 0.9358 0.0000
vt 0.8535 0.9493 0.0000
vt 0.8530 0.9740 0.0000
vt 0.8341 0.9926 0.0000
vt 0.8278 0.9913 0.0000
vt 0.8303 0.9952 0.0000
vt 0.8264 0.9977 0.0000
vt 0.8235 0.9936 0.0000
vt 0.7988 0.9776 0.0000
vt 0.8278 0.9639 0.0000
vt 0.8351 0.9777 0.0000
vt 0.8089 0.9570 0.0000
vt 0.8201 0.9570 0.0000
vt 0.7992 0.9247 0.0000
vt 0.7939 0.9149 0.0000
vt 0.7910 0.9201 0.0000
vt 0.7828 0.9142 0.0000
vt 0.7828 0.9183 0.0000
vt 0.7794 0.9931 0.0000
vt 0.7653 0.9931 0.0000
vt 0.7653 0.9702 0.0000
vt 0.7794 0.9702 0.0000
vt 0.7653 0.9560 0.0000
vt 0.7794 0.9560 0.0000
vt 0.7794 0.9459 0.0000
vt 0.7653 0.9459 0.0000
vt 0.7794 0.9350 0.0000
vt 0.7653 0.9350 0.0000
vt 0.7794 0.9253 0.0000
vt 0.7653 0.9253 0.0000
vt 0.7794 0.9169 0.0000
vt 0.7653 0.9169 0.0000
vt 0.7687 0.9134 0.0000
vt 0.7755 0.9134 0.0000
vt 0.7556 0.9954 0.0000
vt 0.7411 0.9536 0.0000
vt 0.7411 0.9406 0.0000
vt 0.7556 0.9406 0.0000
vt 0.7556 0.9277 0.0000
vt 0.7411 0.9277 0.0000
vt 0.7556 0.9150 0.0000
vt 0.7411 0.9150 0.0000
vt 0.7411 0.9040 0.0000
vt 0.7556 0.9040 0.0000
vt 0.7518 0.9005 0.0000
vt 0.7450 0.9005 0.0000
# 70 texture coords

o trigger
g trigger
usemtl P38
s off
f 1466/2952/2097 1467/2953/2097 1468/2954/2097 
f 1469/2955/2097 1470/2956/2097 1471/2957/2097 
f 1470/2956/2097 1469/2955/2097 1472/2958/2097 
f 1472/2958/2097 1473/2959/2097 1470/2956/2097 
f 1474/2960/2098 1473/2959/2099 1472/2958/2100 
f 1475/2961/2101 1476/2962/2101 1477/2963/2101 
f 1477/2963/2101 1478/2964/2101 1475/2961/2101 
f 1479/2965/2101 1475/2961/2101 1478/2964/2101 
f 1480/2966/2102 1481/2967/2103 1482/2968/2103 
f 1482/2968/2103 1481/2967/2103 1483/2969/2104 
f 1483/2969/2104 1484/2970/2104 1482/2968/2103 
f 1485/2971/2105 1484/2970/2106 1483/2969/2106 
f 1482/2972/2097 1486/2973/2097 1487/2974/2097 
f 1488/2975/2097 1486/2973/2097 1482/2972/2097 
f 1482/2972/2097 1484/2976/2097 1488/2975/2097 
f 1468/2954/2097 1488/2975/2097 1484/2976/2097 
f 1484/2976/2097 1485/2977/2097 1468/2954/2097 
f 1468/2954/2097 1485/2977/2097 1466/2952/2097 
f 1467/2953/2097 1466/2952/2097 1489/2978/2097 
f 1489/2978/2097 1471/2957/2097 1467/2953/2097 
f 1471/2957/2097 1489/2978/2097 1469/2955/2097 
f 1472/2958/2100 1490/2979/2107 1474/2960/2098 
f 1491/2980/2108 1474/2960/2108 1490/2979/2108 
f 1490/2979/2108 1492/2981/2108 1491/2980/2108 
f 1491/2980/2109 1492/2981/2110 1493/2982/2111 
f 1493/2982/2111 1494/2983/2112 1491/2980/2109 
f 1495/2984/2101 1481/2985/2101 1480/2986/2101 
f 1481/2985/2101 1495/2984/2101 1496/2987/2101 
f 1496/2987/2101 1483/2988/2101 1481/2985/2101 
f 1483/2988/2101 1496/2987/2101 1477/2963/2101 
f 1477/2963/2101 1476/2962/2101 1483/2988/2101 
f 1478/2964/2101 1497/2989/2101 1479/2965/2101 
f 1498/2990/2101 1479/2965/2101 1497/2989/2101 
f 1497/2989/2101 1499/2991/2101 1498/2990/2101 
f 1493/2992/2101 1498/2990/2101 1499/2991/2101 
f 1499/2991/2101 1494/2993/2101 1493/2992/2101 
f 1495/2994/2113 1486/2995/2113 1488/2996/2114 
f 1488/2996/2114 1496/2997/2114 1495/2994/2113 
f 1496/2997/2114 1488/2996/2114 1468/2998/2115 
f 1468/2998/2115 1477/2999/2115 1496/2997/2114 
f 1478/3000/2116 1477/2999/2115 1468/2998/2115 
f 1468/2998/2115 1467/3001/2116 1478/3000/2116 
f 1497/3002/2117 1478/3000/2116 1467/3001/2116 
f 1467/3001/2116 1471/3003/2117 1497/3002/2117 
f 1499/3004/2118 1497/3002/2117 1471/3003/2117 
f 1471/3003/2117 1470/3005/2118 1499/3004/2118 
f 1494/3006/2119 1499/3004/2118 1470/3005/2118 
f 1470/3005/2118 1473/3007/2119 1494/3006/2119 
f 1494/3006/2119 1473/3007/2119 1474/3008/2120 
f 1474/3008/2120 1491/3009/2120 1494/3006/2119 
f 1482/2968/2103 1487/3010/2102 1480/2966/2102 
f 1483/2969/2106 1476/3011/2105 1485/2971/2105 
f 1485/2971/2105 1476/3011/2105 1475/3012/2121 
f 1475/3012/2121 1466/3013/2121 1485/2971/2105 
f 1489/3014/2122 1466/3013/2121 1475/3012/2121 
f 1475/3012/2121 1479/3015/2122 1489/3014/2122 
f 1469/3016/2123 1489/3014/2122 1479/3015/2122 
f 1479/3015/2122 1498/3017/2123 1469/3016/2123 
f 1469/3016/2123 1498/3017/2123 1493/3018/2124 
f 1493/3018/2124 1472/3019/2124 1469/3016/2123 
f 1490/3020/2125 1472/3019/2124 1493/3018/2124 
f 1493/3018/2124 1492/3021/2125 1490/3020/2125 
# 0 polygons - 62 triangles

